site_id,timestamp,if_score,baseline_score,alert,baseline_alert
S0,2024-01-11 00:00:00,0.7269204239086974,0.10324795100886212,1,0
S0,2024-01-11 00:15:00,0.20152464253959382,0.06903785334290607,0,0
S0,2024-01-11 00:30:00,0.14775266363417167,0.09533048069731472,0,0
S0,2024-01-11 00:45:00,0.09747539114992404,0.0880177396683224,0,0
S0,2024-01-11 01:00:00,0.10556494349723204,0.07926220292294077,0,0
S0,2024-01-11 01:15:00,0.09396900239640218,0.08192889665985546,0,0
S0,2024-01-11 01:30:00,0.12421227541691568,0.07424568623851159,0,0
S0,2024-01-11 01:45:00,0.14728777177685146,0.1580612266386201,0,0
S0,2024-01-11 02:00:00,0.18447149031548646,0.11382673795418866,0,0
S0,2024-01-11 02:15:00,0.11978474435025237,0.10201105921917511,0,0
S0,2024-01-11 02:30:00,0.16652451472960855,0.09466019068693603,0,0
S0,2024-01-11 02:45:00,0.11099838667104601,0.1264554720387602,0,0
S0,2024-01-11 03:00:00,0.09784157120205342,0.06991004084655368,0,0
S0,2024-01-11 03:15:00,0.15774830979017493,0.10919808566529181,0,0
S0,2024-01-11 03:30:00,0.06715400498946728,0.09254799114852773,0,0
S0,2024-01-11 03:45:00,0.07233668657819066,0.1096937631306894,0,0
S0,2024-01-11 04:00:00,0.05994652414252643,0.15041158579595726,0,0
S0,2024-01-11 04:15:00,0.08714407384118358,0.0909906272254856,0,0
S0,2024-01-11 04:30:00,0.14108839740377585,0.05683568371612476,0,0
S0,2024-01-11 04:45:00,0.055534202373969624,0.05774468054885558,0,0
S0,2024-01-11 05:00:00,0.08154424280122417,0.04103939407459582,0,0
S0,2024-01-11 05:15:00,0.09621251366899276,0.06468320477471598,0,0
S0,2024-01-11 05:30:00,0.2027162713304313,0.13525468462408194,0,0
S0,2024-01-11 05:45:00,0.32614531622804455,0.16349316575152506,0,0
S0,2024-01-11 06:00:00,0.2648631896034006,0.08101593841049254,0,0
S0,2024-01-11 06:15:00,0.23126440547821253,0.038964067129165655,0,0
S0,2024-01-11 06:30:00,0.41629510525340035,0.11171992759960407,0,0
S0,2024-01-11 06:45:00,0.40594009286571786,0.07286307781592563,0,0
S0,2024-01-11 07:00:00,0.5187429679287844,0.09666970298529828,1,0
S0,2024-01-11 07:15:00,0.5213028121852343,0.08437272659840488,1,0
S0,2024-01-11 07:30:00,0.5815270836477963,0.15005408041565643,1,0
S0,2024-01-11 07:45:00,0.7100459896374428,0.11629547472130801,1,0
S0,2024-01-11 08:00:00,0.718603132930321,0.1647524949537332,1,0
S0,2024-01-11 08:15:00,0.7893590817319022,0.20665081201745752,1,0
S0,2024-01-11 08:30:00,0.7422254027224069,0.1479630287165513,1,0
S0,2024-01-11 08:45:00,0.8753571547507398,0.25904769693364565,1,0
S0,2024-01-11 09:00:00,0.7110422287263057,0.21489121749402357,1,0
S0,2024-01-11 09:15:00,0.7944062496082552,0.24118278002618276,1,0
S0,2024-01-11 09:30:00,0.7382831770743749,0.26300829402702736,1,0
S0,2024-01-11 09:45:00,0.7533679505348329,0.2770976329845398,1,0
S0,2024-01-11 10:00:00,0.7649826276504572,0.2756509453882419,1,0
S0,2024-01-11 10:15:00,0.7961562198976143,0.3012498350287988,1,0
S0,2024-01-11 10:30:00,0.7508985247474533,0.2974079436333068,1,0
S0,2024-01-11 10:45:00,0.7429747958966135,0.3338859885000815,1,0
S0,2024-01-11 11:00:00,0.7200165312962946,0.3108071972223619,1,0
S0,2024-01-11 11:15:00,0.7023832045807832,0.35128630949696027,1,0
S0,2024-01-11 11:30:00,0.6632670780412885,0.33195872993792475,1,0
S0,2024-01-11 11:45:00,0.7026105754114587,0.27354150808329764,1,0
S0,2024-01-11 12:00:00,0.7225205135439994,0.38501405195816585,1,0
S0,2024-01-11 12:15:00,0.6761603338321167,0.31576259590739064,1,0
S0,2024-01-11 12:30:00,0.6489557879138803,0.37217045229310153,1,0
S0,2024-01-11 12:45:00,0.600466684616508,0.3448834422477997,1,0
S0,2024-01-11 13:00:00,0.5984519653278375,0.3779003751336395,1,0
S0,2024-01-11 13:15:00,0.6211031182396588,0.34536777463288887,1,0
S0,2024-01-11 13:30:00,0.5803606424631264,0.38663194664871753,1,0
S0,2024-01-11 13:45:00,0.5582228369439131,0.37652606711025866,1,0
S0,2024-01-11 14:00:00,0.6097945681562194,0.4319035395015263,1,0
S0,2024-01-11 14:15:00,0.6251182982423115,0.4174150819362212,1,0
S0,2024-01-11 14:30:00,0.6262331314088612,0.4428921873211293,1,0
S0,2024-01-11 14:45:00,0.6195075686198339,0.3836607803787091,1,0
S0,2024-01-11 15:00:00,0.5755564714600537,0.4487613434628805,1,0
S0,2024-01-11 15:15:00,0.6614759005655092,0.47715729194462786,1,0
S0,2024-01-11 15:30:00,0.6301428705212353,0.4902610146876718,1,0
S0,2024-01-11 15:45:00,0.6194720095058408,0.5263415733611786,1,0
S0,2024-01-11 16:00:00,0.6270028108145653,0.5141656090964696,1,0
S0,2024-01-11 16:15:00,0.6291758664664329,0.5443417174966598,1,0
S0,2024-01-11 16:30:00,0.6212076893235587,0.5924025932536056,1,0
S0,2024-01-11 16:45:00,0.6440325052748562,0.5317664537209014,1,0
S0,2024-01-11 17:00:00,0.7422320823248996,0.6224184381762664,1,0
S0,2024-01-11 17:15:00,0.8161318705474631,0.6231774102346431,1,0
S0,2024-01-11 17:30:00,0.8380945838879854,0.6323852076335241,1,0
S0,2024-01-11 17:45:00,0.8808783727968358,0.6851567409511461,1,1
S0,2024-01-11 18:00:00,0.8762791693180759,0.7292282738185039,1,1
S0,2024-01-11 18:15:00,0.8968400809805779,0.7471963730205424,1,1
S0,2024-01-11 18:30:00,0.941811907820897,0.7410556839273263,1,1
S0,2024-01-11 18:45:00,0.866395105115786,0.7861161503350829,1,1
S0,2024-01-11 19:00:00,0.9176975174042679,0.8058629430209898,1,1
S0,2024-01-11 19:15:00,0.902224122306072,0.8017970938255125,1,1
S0,2024-01-11 19:30:00,0.9023556559825853,0.8046703810000044,1,1
S0,2024-01-11 19:45:00,0.8701258335037609,0.8218427222932163,1,1
S0,2024-01-11 20:00:00,0.8697516367422917,0.8711469674426431,1,1
S0,2024-01-11 20:15:00,0.9031000867455434,0.8628007058733295,1,1
S0,2024-01-11 20:30:00,0.8411980571662937,0.849921172800637,1,1
S0,2024-01-11 20:45:00,0.9009117724900252,0.8442353871508403,1,1
S0,2024-01-11 21:00:00,0.9053370794630421,0.9123123538105523,1,1
S0,2024-01-11 21:15:00,0.8895142113286238,0.8863632010638166,1,1
S0,2024-01-11 21:30:00,0.8651956337909937,0.9130822527131986,1,1
S0,2024-01-11 21:45:00,0.8278937930354865,0.9397088775702853,1,1
S0,2024-01-11 22:00:00,0.7858211399398242,0.8833291764529909,1,1
S0,2024-01-11 22:15:00,0.7994507854673355,0.917336799050347,1,1
S0,2024-01-11 22:30:00,0.807313260946089,0.9180468497570928,1,1
S0,2024-01-11 22:45:00,0.8376425622561348,0.934856791520427,1,1
S0,2024-01-11 23:00:00,0.8142018854880727,0.9592086726111988,1,1
S0,2024-01-11 23:15:00,0.8046636692130008,0.9022503614504688,1,1
S0,2024-01-11 23:30:00,0.7433697346465922,0.9521861207316328,1,1
S0,2024-01-11 23:45:00,0.7522159166001116,0.9684583135052917,1,1
S0,2024-01-12 00:00:00,0.974417962504271,0.08986784661571642,1,0
S0,2024-01-12 00:15:00,0.959352912325089,0.11303865769732319,1,0
S0,2024-01-12 00:30:00,0.9350609577009183,0.13408981865812508,1,0
S0,2024-01-12 00:45:00,0.8653291599610002,0.07255681210450184,1,0
S0,2024-01-12 01:00:00,0.8293869512309718,0.11429577672521422,1,0
S0,2024-01-12 01:15:00,0.7582139596742148,0.07133659399476133,1,0
S0,2024-01-12 01:30:00,0.5250339406968643,0.08306898305065412,1,0
S0,2024-01-12 01:45:00,0.15102280451943584,0.11545581215811981,0,0
S0,2024-01-12 02:00:00,0.09003221714259464,0.08608914371435408,0,0
S0,2024-01-12 02:15:00,0.09733029764683737,0.11745032665856488,0,0
S0,2024-01-12 02:30:00,0.11427485756865374,0.09240022105443192,0,0
S0,2024-01-12 02:45:00,0.07949284669412617,0.08405736602858437,0,0
S0,2024-01-12 03:00:00,0.08472472455851181,0.0569702749218392,0,0
S0,2024-01-12 03:15:00,0.10376096171763229,0.09367016122969393,0,0
S0,2024-01-12 03:30:00,0.07859120613795725,0.07684500198391438,0,0
S0,2024-01-12 03:45:00,0.09695722803299849,0.08156808652182813,0,0
S0,2024-01-12 04:00:00,0.09645660331969792,0.06549066275478216,0,0
S0,2024-01-12 04:15:00,0.09279365856010889,0.07324622319911629,0,0
S0,2024-01-12 04:30:00,0.16395869210433422,0.07552228792440528,0,0
S0,2024-01-12 04:45:00,0.17300318946205862,0.053808691819227435,0,0
S0,2024-01-12 05:00:00,0.16169140115303568,0.057937495414500245,0,0
S0,2024-01-12 05:15:00,0.15058440870960513,0.06331458508749137,0,0
S0,2024-01-12 05:30:00,0.28739453741275245,0.10238865460095076,0,0
S0,2024-01-12 05:45:00,0.16067223238968495,0.04595747131986125,0,0
S0,2024-01-12 06:00:00,0.2712085220823926,0.09509312969699593,0,0
S0,2024-01-12 06:15:00,0.2800609934911759,0.1260471024460108,0,0
S0,2024-01-12 06:30:00,0.3581495043724553,0.04478701942184299,0,0
S0,2024-01-12 06:45:00,0.3617597553194588,0.060228525830900215,0,0
S0,2024-01-12 07:00:00,0.36300745618719654,0.08078358185920519,0,0
S0,2024-01-12 07:15:00,0.415839854645789,0.04701698051855376,0,0
S0,2024-01-12 07:30:00,0.4587589338702814,0.08358339600982174,0,0
S0,2024-01-12 07:45:00,0.4866907715853258,0.10901992586106635,0,0
S0,2024-01-12 08:00:00,0.4896754673459879,0.08661713510810512,0,0
S0,2024-01-12 08:15:00,0.4879756217742101,0.09236557844958415,0,0
S0,2024-01-12 08:30:00,0.5653453485693822,0.13996542473173038,1,0
S0,2024-01-12 08:45:00,0.5848758200706438,0.12784770398733566,1,0
S0,2024-01-12 09:00:00,0.5248239377242014,0.07400478037588935,1,0
S0,2024-01-12 09:15:00,0.6192635014616384,0.08344498880004136,1,0
S0,2024-01-12 09:30:00,0.6233335773817075,0.10261442518664694,1,0
S0,2024-01-12 09:45:00,0.6186822550369692,0.09686759220212743,1,0
S0,2024-01-12 10:00:00,0.5723317468461705,0.07364945710815637,1,0
S0,2024-01-12 10:15:00,0.5314407977228156,0.05760422722803995,1,0
S0,2024-01-12 10:30:00,0.593937354130356,0.09299229749221401,1,0
S0,2024-01-12 10:45:00,0.4671113353090446,0.07762101165914499,0,0
S0,2024-01-12 11:00:00,0.49819401357681964,0.07047105007712391,0,0
S0,2024-01-12 11:15:00,0.4734677343990079,0.05621163512463679,0,0
S0,2024-01-12 11:30:00,0.5020187129928251,0.04688860485893793,1,0
S0,2024-01-12 11:45:00,0.4632664530455566,0.0318971322098589,0,0
S0,2024-01-12 12:00:00,0.47451743027531057,0.0542555609566847,0,0
S0,2024-01-12 12:15:00,0.40015968540068525,0.05019863664513999,0,0
S0,2024-01-12 12:30:00,0.44073569418938047,0.03442321050062319,0,0
S0,2024-01-12 12:45:00,0.30829639132627057,0.03857816389163917,0,0
S0,2024-01-12 13:00:00,0.2920185584692347,0.08438474252959112,0,0
S0,2024-01-12 13:15:00,0.2568723308919894,0.0466927008903527,0,0
S0,2024-01-12 13:30:00,0.3587050675444902,0.1336880894970181,0,0
S0,2024-01-12 13:45:00,0.23937532958906027,0.06324022651459847,0,0
S0,2024-01-12 14:00:00,0.1707449354171527,0.0579210488537992,0,0
S0,2024-01-12 14:15:00,0.15446240189289157,0.08547502368931371,0,0
S0,2024-01-12 14:30:00,0.21037790093828854,0.12016421795761127,0,0
S0,2024-01-12 14:45:00,0.10548478177874472,0.07618449666118296,0,0
S0,2024-01-12 15:00:00,0.15412873667750523,0.06258920738008467,0,0
S0,2024-01-12 15:15:00,0.12463689299369331,0.07400989800300203,0,0
S0,2024-01-12 15:30:00,0.10728183706607147,0.07064363065751311,0,0
S0,2024-01-12 15:45:00,0.11561258988313952,0.13055405906159476,0,0
S0,2024-01-12 16:00:00,0.1869586193289928,0.046450732946200834,0,0
S0,2024-01-12 16:15:00,0.23062732038574435,0.04330574302155727,0,0
S0,2024-01-12 16:30:00,0.21390112999136845,0.08367288015039565,0,0
S0,2024-01-12 16:45:00,0.3325495336824422,0.05046288883578754,0,0
S0,2024-01-12 17:00:00,0.36869961006708746,0.06678388994898507,0,0
S0,2024-01-12 17:15:00,0.34436422566523267,0.047692059904175924,0,0
S0,2024-01-12 17:30:00,0.5033085173518972,0.08190487164335893,1,0
S0,2024-01-12 17:45:00,0.6343221819916861,0.1388621240818653,1,0
S0,2024-01-12 18:00:00,0.5614430757001443,0.0975511045027646,1,0
S0,2024-01-12 18:15:00,0.5859201342819033,0.12512696828398276,1,0
S0,2024-01-12 18:30:00,0.7081201784844693,0.13630730859886991,1,0
S0,2024-01-12 18:45:00,0.673371390097707,0.0942128855740135,1,0
S0,2024-01-12 19:00:00,0.7322379499740352,0.12624947797325198,1,0
S0,2024-01-12 19:15:00,0.7548909141222138,0.10838935424552525,1,0
S0,2024-01-12 19:30:00,0.8094739264706415,0.14140851066015,1,0
S0,2024-01-12 19:45:00,0.8100984179819251,0.1326658152351495,1,0
S0,2024-01-12 20:00:00,0.7717621583008769,0.11478255158106467,1,0
S0,2024-01-12 20:15:00,0.8093527565855262,0.11596805452354961,1,0
S0,2024-01-12 20:30:00,0.8093933286409045,0.14322818641015586,1,0
S0,2024-01-12 20:45:00,0.8246649576679114,0.1095517657629135,1,0
S0,2024-01-12 21:00:00,0.817511229095096,0.11237514795742859,1,0
S0,2024-01-12 21:15:00,0.7615838953032463,0.10191463872450257,1,0
S0,2024-01-12 21:30:00,0.7918104691224384,0.15040245905378208,1,0
S0,2024-01-12 21:45:00,0.7185589213123935,0.12445230414969245,1,0
S0,2024-01-12 22:00:00,0.7588631493148619,0.09330818184208502,1,0
S0,2024-01-12 22:15:00,0.6784717810834794,0.058759760347695845,1,0
S0,2024-01-12 22:30:00,0.6737847545747114,0.07926663974918916,1,0
S0,2024-01-12 22:45:00,0.6262767498224869,0.056630912330902596,1,0
S0,2024-01-12 23:00:00,0.6210772288102188,0.052256552278327255,1,0
S0,2024-01-12 23:15:00,0.5594787816408784,0.06375517531315407,1,0
S0,2024-01-12 23:30:00,0.551429928605106,0.0582746840353737,1,0
S0,2024-01-12 23:45:00,0.5919917459651992,0.10577897106247258,1,0
S0,2024-01-13 00:00:00,0.733903527206956,0.07423031042721598,1,0
S0,2024-01-13 00:15:00,0.6842075135833503,0.11673094676947725,1,0
S0,2024-01-13 00:30:00,0.6761650507306476,0.08541413410192408,1,0
S0,2024-01-13 00:45:00,0.5996761899505199,0.08567924600212166,1,0
S0,2024-01-13 01:00:00,0.4948291606675092,0.08245167594155664,0,0
S0,2024-01-13 01:15:00,0.45991510272302566,0.11195817645681944,0,0
S0,2024-01-13 01:30:00,0.237069554653216,0.08065756392001312,0,0
S0,2024-01-13 01:45:00,0.10230341878562305,0.08175002810092123,0,0
S0,2024-01-13 02:00:00,0.10852767112214592,0.08534837591615471,0,0
S0,2024-01-13 02:15:00,0.1718442355548144,0.09698505615533688,0,0
S0,2024-01-13 02:30:00,0.182332921261058,0.12920704941628444,0,0
S0,2024-01-13 02:45:00,0.15303756395644946,0.10844348608984239,0,0
S0,2024-01-13 03:00:00,0.18028462529295822,0.0884240615404358,0,0
S0,2024-01-13 03:15:00,0.17905983143909482,0.07457243220788654,0,0
S0,2024-01-13 03:30:00,0.2132839838421608,0.1094239883143455,0,0
S0,2024-01-13 03:45:00,0.1325816833184061,0.09671733039537585,0,0
S0,2024-01-13 04:00:00,0.07727554548776137,0.13890805799008274,0,0
S0,2024-01-13 04:15:00,0.06725667816410144,0.07288223746272503,0,0
S0,2024-01-13 04:30:00,0.08903065187414404,0.113011857764153,0,0
S0,2024-01-13 04:45:00,0.08941089740831883,0.08770548595268553,0,0
S0,2024-01-13 05:00:00,0.18143452201705085,0.07807764612228156,0,0
S0,2024-01-13 05:15:00,0.05687641271595775,0.08139858593986075,0,0
S0,2024-01-13 05:30:00,0.0822315553622913,0.06300655793436358,0,0
S0,2024-01-13 05:45:00,0.050733259502252846,0.04683053313482644,0,0
S0,2024-01-13 06:00:00,0.13846698082859762,0.07098576884349886,0,0
S0,2024-01-13 06:15:00,0.2651296712032401,0.10738133416892,0,0
S0,2024-01-13 06:30:00,0.2104252186635863,0.06317224690181523,0,0
S0,2024-01-13 06:45:00,0.16572723706956347,0.0643131515281249,0,0
S0,2024-01-13 07:00:00,0.10396486047589572,0.0337460208686336,0,0
S0,2024-01-13 07:15:00,0.2183359269023096,0.04738865170578905,0,0
S0,2024-01-13 07:30:00,0.19344514265224025,0.03545157153045875,0,0
S0,2024-01-13 07:45:00,0.2595606141090771,0.08977841800694128,0,0
S0,2024-01-13 08:00:00,0.26942871782730576,0.14013087549171074,0,0
S0,2024-01-13 08:15:00,0.26114225066902536,0.14302903542199355,0,0
S0,2024-01-13 08:30:00,0.24045245052395825,0.07233350002718217,0,0
S0,2024-01-13 08:45:00,0.2806841285045058,0.06958944966681983,0,0
S0,2024-01-13 09:00:00,0.34158705080646684,0.1360124892136392,0,0
S0,2024-01-13 09:15:00,0.2929453186472714,0.0601892267690644,0,0
S0,2024-01-13 09:30:00,0.31605625294080286,0.05301424367840934,0,0
S0,2024-01-13 09:45:00,0.3166832592627663,0.10526053758086236,0,0
S0,2024-01-13 10:00:00,0.27150722695442386,0.030792359797214484,0,0
S0,2024-01-13 10:15:00,0.27893365870509634,0.0461295406167822,0,0
S0,2024-01-13 10:30:00,0.33639113952511573,0.12307563968535039,0,0
S0,2024-01-13 10:45:00,0.3130158590613422,0.06601697756801159,0,0
S0,2024-01-13 11:00:00,0.2604780179350571,0.07946592792481788,0,0
S0,2024-01-13 11:15:00,0.18316475383705236,0.04688438350591866,0,0
S0,2024-01-13 11:30:00,0.224989267419555,0.08379087252059697,0,0
S0,2024-01-13 11:45:00,0.21986894684750438,0.07582211231962502,0,0
S0,2024-01-13 12:00:00,0.2264093266904915,0.13297611781576765,0,0
S0,2024-01-13 12:15:00,0.2596754848422862,0.08808447447899971,0,0
S0,2024-01-13 12:30:00,0.18429334578637088,0.0977533995504792,0,0
S0,2024-01-13 12:45:00,0.131403968690698,0.08283537678056166,0,0
S0,2024-01-13 13:00:00,0.17132925714287103,0.1268863271848721,0,0
S0,2024-01-13 13:15:00,0.1197964092495511,0.05961539900568892,0,0
S0,2024-01-13 13:30:00,0.13268398817669008,0.08223439703282083,0,0
S0,2024-01-13 13:45:00,0.10435636928768993,0.09355799463915601,0,0
S0,2024-01-13 14:00:00,0.17087316782134246,0.10055651456637678,0,0
S0,2024-01-13 14:15:00,0.12694001391687892,0.07120087717818238,0,0
S0,2024-01-13 14:30:00,0.10960251410383574,0.11977078844240095,0,0
S0,2024-01-13 14:45:00,0.15432692208988194,0.09509114157401498,0,0
S0,2024-01-13 15:00:00,0.0780993818254949,0.07891056083168069,0,0
S0,2024-01-13 15:15:00,0.08982938625356868,0.07151034588996995,0,0
S0,2024-01-13 15:30:00,0.1402916858483438,0.13112570692752762,0,0
S0,2024-01-13 15:45:00,0.06216273592168285,0.07108898467757256,0,0
S0,2024-01-13 16:00:00,0.15673357727154325,0.06664431522747977,0,0
S0,2024-01-13 16:15:00,0.11058658518255365,0.040171552646963885,0,0
S0,2024-01-13 16:30:00,0.14709779435077736,0.10241595758628991,0,0
S0,2024-01-13 16:45:00,0.16190967474123188,0.06714310251169167,0,0
S0,2024-01-13 17:00:00,0.21950487479394334,0.08225561224442897,0,0
S0,2024-01-13 17:15:00,0.12623256371005015,0.06708230244702516,0,0
S0,2024-01-13 17:30:00,0.1748002746519877,0.028326973590234974,0,0
S0,2024-01-13 17:45:00,0.34410667546601337,0.10262366882088823,0,0
S0,2024-01-13 18:00:00,0.24646429743993487,0.051109641081132855,0,0
S0,2024-01-13 18:15:00,0.32555873995804485,0.04203284715541743,0,0
S0,2024-01-13 18:30:00,0.3022360798007396,0.05372854335041835,0,0
S0,2024-01-13 18:45:00,0.3038317464573805,0.11138766571193957,0,0
S0,2024-01-13 19:00:00,0.4803750745297978,0.09129811830561389,0,0
S0,2024-01-13 19:15:00,0.40223967940834526,0.11983685684516625,0,0
S0,2024-01-13 19:30:00,0.353159933111732,0.07081343439511624,0,0
S0,2024-01-13 19:45:00,0.34457096733591025,0.060998553302501944,0,0
S0,2024-01-13 20:00:00,0.35207763310926493,0.05730424406086553,0,0
S0,2024-01-13 20:15:00,0.40291222859684,0.05595526675474308,0,0
S0,2024-01-13 20:30:00,0.49551740413578876,0.09361662597068524,0,0
S0,2024-01-13 20:45:00,0.39960625860556453,0.07931407009711247,0,0
S0,2024-01-13 21:00:00,0.40306038927110965,0.11795980586335714,0,0
S0,2024-01-13 21:15:00,0.47451803789381347,0.07624565575352021,0,0
S0,2024-01-13 21:30:00,0.4644198370709916,0.10435053788501562,0,0
S0,2024-01-13 21:45:00,0.44742302667322337,0.0898773202525111,0,0
S0,2024-01-13 22:00:00,0.39621157438284316,0.0733446654597752,0,0
S0,2024-01-13 22:15:00,0.3845955943072868,0.06227855512550938,0,0
S0,2024-01-13 22:30:00,0.34562844027894035,0.035234100367466215,0,0
S0,2024-01-13 22:45:00,0.42095190661073395,0.08408552721352275,0,0
S0,2024-01-13 23:00:00,0.3604974776271135,0.037112771905485196,0,0
S0,2024-01-13 23:15:00,0.30484762451019165,0.05035887205068828,0,0
S0,2024-01-13 23:30:00,0.36351305234859305,0.05704539115662755,0,0
S0,2024-01-13 23:45:00,0.3275441964543785,0.08806632927887666,0,0
S0,2024-01-14 00:00:00,0.4680527437452177,0.09237597914802392,0,0
S0,2024-01-14 00:15:00,0.48110592506981614,0.07941373329466814,0,0
S0,2024-01-14 00:30:00,0.4187389054591793,0.09240920751202636,0,0
S0,2024-01-14 00:45:00,0.3745754956149886,0.09289895748440412,0,0
S0,2024-01-14 01:00:00,0.25657082805291426,0.09116534698013633,0,0
S0,2024-01-14 01:15:00,0.2164121750476663,0.09965450800743635,0,0
S0,2024-01-14 01:30:00,0.13981448679631295,0.08699869790032742,0,0
S0,2024-01-14 01:45:00,0.14138160838673927,0.08690981928783752,0,0
S0,2024-01-14 02:00:00,0.0857127658112742,0.09366154400673586,0,0
S0,2024-01-14 02:15:00,0.1822964575600667,0.11359472285580018,0,0
S0,2024-01-14 02:30:00,0.10422068755944966,0.0875367609164636,0,0
S0,2024-01-14 02:45:00,0.1693725798967391,0.11010180536939447,0,0
S0,2024-01-14 03:00:00,0.1303426990616004,0.15268592243509774,0,0
S0,2024-01-14 03:15:00,0.13595479309271058,0.12972901504086976,0,0
S0,2024-01-14 03:30:00,0.14371928846239718,0.08521319186546004,0,0
S0,2024-01-14 03:45:00,0.08765567489705983,0.09893437297741392,0,0
S0,2024-01-14 04:00:00,0.10947083070735232,0.06300806056943392,0,0
S0,2024-01-14 04:15:00,0.044192051080173905,0.08079327179740985,0,0
S0,2024-01-14 04:30:00,0.06373346088452266,0.07013744096484585,0,0
S0,2024-01-14 04:45:00,0.07797050362258527,0.06137887235198636,0,0
S0,2024-01-14 05:00:00,0.09746424102359656,0.10586072480141227,0,0
S0,2024-01-14 05:15:00,0.05226747236548312,0.048103652476416535,0,0
S0,2024-01-14 05:30:00,0.17514901376879635,0.09175603668671796,0,0
S0,2024-01-14 05:45:00,0.19907982178159564,0.1060619565642694,0,0
S0,2024-01-14 06:00:00,0.21553925662049733,0.0918575681381676,0,0
S0,2024-01-14 06:15:00,0.2164683485418652,0.07346974483534065,0,0
S0,2024-01-14 06:30:00,0.19886212864578626,0.06154966759554019,0,0
S0,2024-01-14 06:45:00,0.1829415001159554,0.054055097001836666,0,0
S0,2024-01-14 07:00:00,0.1657861895712234,0.047504627244833286,0,0
S0,2024-01-14 07:15:00,0.21173561895703072,0.035270190820137395,0,0
S0,2024-01-14 07:30:00,0.3080368912823738,0.06253147625683908,0,0
S0,2024-01-14 07:45:00,0.3100445141851005,0.12062589543017843,0,0
S0,2024-01-14 08:00:00,0.28542761497509095,0.04264589845800976,0,0
S0,2024-01-14 08:15:00,0.31500552197782483,0.13194722007651968,0,0
S0,2024-01-14 08:30:00,0.2824615362363528,0.04715161945111826,0,0
S0,2024-01-14 08:45:00,0.42343057716289934,0.06983895644663222,0,0
S0,2024-01-14 09:00:00,0.3837420782453194,0.18677596378143685,0,0
S0,2024-01-14 09:15:00,0.40433193051147304,0.05743214143840471,0,0
S0,2024-01-14 09:30:00,0.41827528859279,0.07377219762310012,0,0
S0,2024-01-14 09:45:00,0.3125653386743937,0.05902252963627,0,0
S0,2024-01-14 10:00:00,0.2933181822398376,0.04503431363428603,0,0
S0,2024-01-14 10:15:00,0.3281228761788421,0.04576567012029499,0,0
S0,2024-01-14 10:30:00,0.33805623675566615,0.05404589052085787,0,0
S0,2024-01-14 10:45:00,0.29601191769674734,0.03132049899606707,0,0
S0,2024-01-14 11:00:00,0.35571471405017135,0.041287272677535236,0,0
S0,2024-01-14 11:15:00,0.33972953799815836,0.05914214421944091,0,0
S0,2024-01-14 11:30:00,0.2972307317599149,0.07407341753829778,0,0
S0,2024-01-14 11:45:00,0.2525743495051683,0.06620335674257291,0,0
S0,2024-01-14 12:00:00,0.24771584268507585,0.04434556363503157,0,0
S0,2024-01-14 12:15:00,0.23547619249718868,0.07891719694850535,0,0
S0,2024-01-14 12:30:00,0.21055413790838975,0.16675133978773807,0,0
S0,2024-01-14 12:45:00,0.17645611434785455,0.0949928062010367,0,0
S0,2024-01-14 13:00:00,0.20855267378082915,0.07707585043724233,0,0
S0,2024-01-14 13:15:00,0.20145226753860557,0.10476528827740991,0,0
S0,2024-01-14 13:30:00,0.15978600500642015,0.08270134104819588,0,0
S0,2024-01-14 13:45:00,0.1753454403879717,0.10496980224572217,0,0
S0,2024-01-14 14:00:00,0.2009850850169189,0.10416343288613347,0,0
S0,2024-01-14 14:15:00,0.12309412124477992,0.10363452249429939,0,0
S0,2024-01-14 14:30:00,0.08730581167824068,0.09039797061072695,0,0
S0,2024-01-14 14:45:00,0.06761641243108292,0.08226781636539025,0,0
S0,2024-01-14 15:00:00,0.0690493471724837,0.08095635005557007,0,0
S0,2024-01-14 15:15:00,0.05303565713357948,0.06797459654055395,0,0
S0,2024-01-14 15:30:00,0.07369654072259496,0.08017408557197621,0,0
S0,2024-01-14 15:45:00,0.15090956398268573,0.0880344026752101,0,0
S0,2024-01-14 16:00:00,0.06484601532350959,0.08857820002906315,0,0
S0,2024-01-14 16:15:00,0.07122355396904928,0.04498595897749736,0,0
S0,2024-01-14 16:30:00,0.20034565405040847,0.11645537862899559,0,0
S0,2024-01-14 16:45:00,0.16738905632869067,0.06272170012167971,0,0
S0,2024-01-14 17:00:00,0.8532118027485956,0.5754073039081188,1,0
S0,2024-01-14 17:15:00,0.9191607826258706,0.5843306978117525,1,0
S0,2024-01-14 17:30:00,0.9068352655155866,0.5781692315684847,1,0
S0,2024-01-14 17:45:00,0.9501944439998425,0.605933491235586,1,0
S0,2024-01-14 18:00:00,0.928693280029355,0.6331785836019264,1,0
S0,2024-01-14 18:15:00,0.9472373501856493,0.6223428307159498,1,0
S0,2024-01-14 18:30:00,1.0,0.6287382746971883,1,0
S0,2024-01-14 18:45:00,0.9169743891601043,0.6317340461448586,1,0
S0,2024-01-14 19:00:00,0.8788968601862256,0.5939898484235283,1,0
S0,2024-01-14 19:15:00,0.8750370133110056,0.6040849287193772,1,0
S0,2024-01-14 19:30:00,0.8870372337092275,0.6225935967316896,1,0
S0,2024-01-14 19:45:00,0.9260742096053898,0.6117308078986631,1,0
S0,2024-01-14 20:00:00,0.9799969123991091,0.09113865461686019,1,0
S0,2024-01-14 20:15:00,0.8907780703331915,0.05766516503355507,1,0
S0,2024-01-14 20:30:00,0.9398190949445068,0.10934492326803716,1,0
S0,2024-01-14 20:45:00,0.8793138455681679,0.04320849770847374,1,0
S0,2024-01-14 21:00:00,0.8656795987135764,0.09865850283364473,1,0
S0,2024-01-14 21:15:00,0.8895801285837689,0.061492786783801046,1,0
S0,2024-01-14 21:30:00,0.8158081740331447,0.055556175253894204,1,0
S0,2024-01-14 21:45:00,0.40396916646294107,0.09485173690504857,0,0
S0,2024-01-14 22:00:00,0.3749560396993691,0.07995914835062767,0,0
S0,2024-01-14 22:15:00,0.365318449604221,0.04834531297197688,0,0
S0,2024-01-14 22:30:00,0.35184487776475576,0.09978658650379801,0,0
S0,2024-01-14 22:45:00,0.37882934563631576,0.08798933421680122,0,0
S0,2024-01-14 23:00:00,0.3160069462672611,0.05297474773141059,0,0
S0,2024-01-14 23:15:00,0.32751690038142167,0.1724750870997342,0,0
S0,2024-01-14 23:30:00,0.3152276803951092,0.08781599050421864,0,0
S0,2024-01-14 23:45:00,0.29753175257209213,0.08586840883336357,0,0
S0,2024-01-15 00:00:00,0.414796562102976,0.11964969286502974,0,0
S0,2024-01-15 00:15:00,0.31107172140108047,0.06815118370886335,0,0
S0,2024-01-15 00:30:00,0.3099537039631733,0.09265585637682419,0,0
S0,2024-01-15 00:45:00,0.26230594696542653,0.08580882129288231,0,0
S0,2024-01-15 01:00:00,0.2489953047130645,0.14885045738104877,0,0
S0,2024-01-15 01:15:00,0.15448345162601235,0.07792577593505338,0,0
S0,2024-01-15 01:30:00,0.19624932349719454,0.14202136758554357,0,0
S0,2024-01-15 01:45:00,0.05711081989587858,0.08144070133665696,0,0
S0,2024-01-15 02:00:00,0.08970587165422013,0.09783061518223994,0,0
S0,2024-01-15 02:15:00,0.13687912893615065,0.09248340054953454,0,0
S0,2024-01-15 02:30:00,0.12037200856863482,0.09209473653878252,0,0
S0,2024-01-15 02:45:00,0.09706484326092928,0.09481018618121163,0,0
S0,2024-01-15 03:00:00,0.09320127557367405,0.065815299019778,0,0
S0,2024-01-15 03:15:00,0.0,0.10437773349735352,0,0
S0,2024-01-15 03:30:00,0.15456768998603565,0.09576993201191171,0,0
S0,2024-01-15 03:45:00,0.07090091452051993,0.07465489703531838,0,0
S0,2024-01-15 04:00:00,0.12344167097975713,0.11009670842230618,0,0
S0,2024-01-15 04:15:00,0.2064506917651284,0.12605668627106842,0,0
S0,2024-01-15 04:30:00,0.10028360192615088,0.05169706359705544,0,0
S0,2024-01-15 04:45:00,0.07397161740787726,0.08225698877154808,0,0
S0,2024-01-15 05:00:00,0.09721214142305902,0.06342171579375908,0,0
S0,2024-01-15 05:15:00,0.1647754160766301,0.05378880866537902,0,0
S0,2024-01-15 05:30:00,0.2712476832780482,0.09906577699223738,0,0
S0,2024-01-15 05:45:00,0.21316347124299495,0.03932925209517252,0,0
S0,2024-01-15 06:00:00,0.27900402353376735,0.07692787845838397,0,0
S0,2024-01-15 06:15:00,0.3545976147697265,0.04513542898902508,0,0
S0,2024-01-15 06:30:00,0.5280861353525723,0.1625290280796896,1,0
S0,2024-01-15 06:45:00,0.47848787898449874,0.048365936142413836,0,0
S0,2024-01-15 07:00:00,0.444577520455889,0.08272486078709172,0,0
S0,2024-01-15 07:15:00,0.440481081263315,0.06459913543879627,0,0
S0,2024-01-15 07:30:00,0.526098689861363,0.09142674846692778,1,0
S0,2024-01-15 07:45:00,0.47227194960678615,0.14644591632404483,0,0
S0,2024-01-15 08:00:00,0.5040692839790234,0.09049545360859843,1,0
S0,2024-01-15 08:15:00,0.4899094014825731,0.10548564491523381,0,0
S0,2024-01-15 08:30:00,0.5465648791089891,0.09488083034733022,1,0
S0,2024-01-15 08:45:00,0.5379639926641866,0.10239306808627655,1,0
S0,2024-01-15 09:00:00,0.5968528794424286,0.12695515031602686,1,0
S0,2024-01-15 09:15:00,0.557904646818303,0.08834163124455714,1,0
S0,2024-01-15 09:30:00,0.5324123978346152,0.08233820999609212,1,0
S0,2024-01-15 09:45:00,0.6138103278384851,0.10299989387123278,1,0
S0,2024-01-15 10:00:00,0.5788074882553689,0.10932968691468853,1,0
S0,2024-01-15 10:15:00,0.5594701003481178,0.079925391088106,1,0
S0,2024-01-15 10:30:00,0.5806413425462017,0.11917830693005957,1,0
S0,2024-01-15 10:45:00,0.6250652646550902,0.10682134860741181,1,0
S0,2024-01-15 11:00:00,0.520041297073079,0.07378890850275752,1,0
S0,2024-01-15 11:15:00,0.49114917254637863,0.051856135280950934,0,0
S0,2024-01-15 11:30:00,0.5104815214233798,0.050807586881027066,1,0
S0,2024-01-15 11:45:00,0.44914608193076305,0.06506395004920142,0,0
S0,2024-01-15 12:00:00,0.4126809728348143,0.019760973415750407,0,0
S0,2024-01-15 12:15:00,0.3979926666051511,0.12041016045351322,0,0
S0,2024-01-15 12:30:00,0.38482889515259705,0.06990234228028411,0,0
S0,2024-01-15 12:45:00,0.40648510959339457,0.09120068583689067,0,0
S0,2024-01-15 13:00:00,0.3187591183828912,0.07083725494584762,0,0
S0,2024-01-15 13:15:00,0.2875243546910359,0.08732245451236678,0,0
S0,2024-01-15 13:30:00,0.23011286281903454,0.04173533527829475,0,0
S0,2024-01-15 13:45:00,0.3162753041686146,0.13913970853930105,0,0
S0,2024-01-15 14:00:00,0.14531429197486168,0.06591332130356628,0,0
S0,2024-01-15 14:15:00,0.14068198106482166,0.11440015352731066,0,0
S0,2024-01-15 14:30:00,0.10212960276456574,0.09131111633246919,0,0
S0,2024-01-15 14:45:00,0.20521855788945192,0.1710616848103927,0,0
S0,2024-01-15 15:00:00,0.11147581804452314,0.04513004280584301,0,0
S0,2024-01-15 15:15:00,0.13658989968354973,0.0660557834419428,0,0
S0,2024-01-15 15:30:00,0.1493600229738908,0.06725381681115285,0,0
S0,2024-01-15 15:45:00,0.1342843493843437,0.061271766435755264,0,0
S0,2024-01-15 16:00:00,0.185271495051538,0.10600041059470655,0,0
S0,2024-01-15 16:15:00,0.27611583031640463,0.06039001014876848,0,0
S0,2024-01-15 16:30:00,0.1910242394642823,0.042205549141351745,0,0
S0,2024-01-15 16:45:00,0.28221521215690626,0.0540982758040732,0,0
S0,2024-01-15 17:00:00,0.27840165878888207,0.06800644064574453,0,0
S0,2024-01-15 17:15:00,0.40473998411881884,0.0958373832753799,0,0
S0,2024-01-15 17:30:00,0.5148248938525365,0.09045304955561805,1,0
S0,2024-01-15 17:45:00,0.41721260026852103,0.05777447815170274,0,0
S0,2024-01-15 18:00:00,0.5458986205039302,0.07464681804316635,1,0
S0,2024-01-15 18:15:00,0.5843633415586538,0.07551096698612035,1,0
S0,2024-01-15 18:30:00,0.6220222859336318,0.08978723456223647,1,0
S0,2024-01-15 18:45:00,0.6204690609846447,0.10088105740451993,1,0
S0,2024-01-15 19:00:00,0.7901978632552666,0.14756914296243687,1,0
S0,2024-01-15 19:15:00,0.6817513335760578,0.11530105265623276,1,0
S0,2024-01-15 19:30:00,0.8106474427522202,0.11405063529191325,1,0
S0,2024-01-15 19:45:00,0.8229425816394184,0.12028160267327109,1,0
S0,2024-01-15 20:00:00,0.8582414728626754,0.14361824521774755,1,0
S0,2024-01-15 20:15:00,0.8309034941147398,0.12527137488684262,1,0
S0,2024-01-15 20:30:00,0.8465685469852621,0.1256931342404513,1,0
S0,2024-01-15 20:45:00,0.8029720860902425,0.11423320033877979,1,0
S0,2024-01-15 21:00:00,0.7630745280456628,0.14568819636916963,1,0
S0,2024-01-15 21:15:00,0.7443599770397109,0.0952024711652867,1,0
S0,2024-01-15 21:30:00,0.7637569408250002,0.1282714048674741,1,0
S0,2024-01-15 21:45:00,0.7540104237600173,0.09608161402922209,1,0
S0,2024-01-15 22:00:00,0.7204537711988961,0.07857128831540142,1,0
S0,2024-01-15 22:15:00,0.7405302435852754,0.060447058264338334,1,0
S0,2024-01-15 22:30:00,0.6344486645682915,0.061455061691104935,1,0
S0,2024-01-15 22:45:00,0.6082948387747781,0.06403460090452358,1,0
S0,2024-01-15 23:00:00,0.6100450441495108,0.09947205957796766,1,0
S0,2024-01-15 23:15:00,0.5868849161651514,0.09947205957796766,1,0
S0,2024-01-15 23:30:00,0.47664823750300755,0.049751284168111816,0,0
S0,2024-01-15 23:45:00,0.5143904924532043,0.09639740865863021,1,0
S0,2024-01-16 00:00:00,0.6447300339668823,0.0726644288435333,1,0
S0,2024-01-16 00:15:00,0.7496261882406388,0.10622664419018071,1,0
S0,2024-01-16 00:30:00,0.6755115359398267,0.09241202347504442,1,0
S0,2024-01-16 00:45:00,0.6099355132153503,0.12373550940013787,1,0
S0,2024-01-16 01:00:00,0.46888643374263833,0.09177225730801873,0,0
S0,2024-01-16 01:15:00,0.36181207374464,0.10405898434677907,0,0
S0,2024-01-16 01:30:00,0.26687670445506156,0.09820857159198297,0,0
S0,2024-01-16 01:45:00,0.18969915178411334,0.07141703509433321,0,0
S0,2024-01-16 02:00:00,0.1801423026493202,0.12251782876771615,0,0
S0,2024-01-16 02:15:00,0.08707435874879262,0.11281341755684236,0,0
S0,2024-01-16 02:30:00,0.0022044596556899864,0.06904190408928905,0,0
S0,2024-01-16 02:45:00,0.16805457677255556,0.09822339340586465,0,0
S0,2024-01-16 03:00:00,0.0724994967518123,0.09703535728783594,0,0
S0,2024-01-16 03:15:00,0.03335493814294529,0.10392894671456179,0,0
S0,2024-01-16 03:30:00,0.1273153145637006,0.10392894671456179,0,0
S0,2024-01-16 03:45:00,0.1108110108182956,0.11403723430404833,0,0
S0,2024-01-16 04:00:00,0.09386690488049579,0.11403723430404833,0,0
S0,2024-01-16 04:15:00,0.057526954583799327,0.08904020030155856,0,0
S0,2024-01-16 04:30:00,0.11802649531098537,0.08009978307605671,0,0
S0,2024-01-16 04:45:00,0.12799700766243008,0.0864193720988665,0,0
S0,2024-01-16 05:00:00,0.12874251148638718,0.09599538099980877,0,0
S0,2024-01-16 05:15:00,0.13072101498845579,0.06263577537925859,0,0
S0,2024-01-16 05:30:00,0.22654033357187575,0.09197237413570566,0,0
S0,2024-01-16 05:45:00,0.22193806957158088,0.05737701705604954,0,0
S0,2024-01-16 06:00:00,0.23390403210542587,0.08500817359680286,0,0
S0,2024-01-16 06:15:00,0.3063200530969706,0.06213127842644546,0,0
S0,2024-01-16 06:30:00,0.3220968046805655,0.0376550942129746,0,0
S0,2024-01-16 06:45:00,0.4309625399065245,0.08211373202073163,0,0
S0,2024-01-16 07:00:00,0.3911309448434293,0.06491268544624795,0,0
S0,2024-01-16 07:15:00,0.4757487268883537,0.1147126455156007,0,0
S0,2024-01-16 07:30:00,0.45986738160887974,0.08825299977102659,0,0
S0,2024-01-16 07:45:00,0.4983461214618463,0.08825299977102659,0,0
S0,2024-01-16 08:00:00,0.4876166586832409,0.062065664154464725,0,0
S0,2024-01-16 08:15:00,0.5055548256710045,0.08375686219656792,1,0
S0,2024-01-16 08:30:00,0.5535955553522486,0.08020233584503696,1,0
S0,2024-01-16 08:45:00,0.5951167791376006,0.09730855223003745,1,0
S0,2024-01-16 09:00:00,0.5929794560802465,0.094400443891743,1,0
S0,2024-01-16 09:15:00,0.5735419428635273,0.09885671590510188,1,0
S0,2024-01-16 09:30:00,0.4885455474312271,0.0909269522923398,0,0
S0,2024-01-16 09:45:00,0.542302092295991,0.13015928615657296,1,0
S0,2024-01-16 10:00:00,0.5208947730876753,0.09150583558119793,1,0
S0,2024-01-16 10:15:00,0.51131308036605,0.090306179393297,1,0
S0,2024-01-16 10:30:00,0.5336568639815993,0.06892804320074593,1,0
S0,2024-01-16 10:45:00,0.572339769347815,0.09823552431680464,1,0
S0,2024-01-16 11:00:00,0.46811943971274605,0.05574297615696914,0,0
S0,2024-01-16 11:15:00,0.5033933001884532,0.059664245671482034,1,0
S0,2024-01-16 11:30:00,0.44567088366103985,0.03905423534840191,0,0
S0,2024-01-16 11:45:00,0.42109946585369395,0.04912714504658687,0,0
S0,2024-01-16 12:00:00,0.49784210907802595,0.12436198323647121,0,0
S0,2024-01-16 12:15:00,0.4182616739899587,0.10441626872782098,0,0
S0,2024-01-16 12:30:00,0.36480513943511567,0.05733103545490474,0,0
S0,2024-01-16 12:45:00,0.3057268348593134,0.044661034259956295,0,0
S0,2024-01-16 13:00:00,0.28856315277870964,0.06895855501220853,0,0
S0,2024-01-16 13:15:00,0.2522953982048237,0.1260729946954232,0,0
S0,2024-01-16 13:30:00,0.1775109099269439,0.04306238830335251,0,0
S0,2024-01-16 13:45:00,0.24467038436979982,0.08675195782157491,0,0
S0,2024-01-16 14:00:00,0.14541497821771512,0.0683062663497203,0,0
S0,2024-01-16 14:15:00,0.16488052135307527,0.05934543933194802,0,0
S0,2024-01-16 14:30:00,0.12024915033522085,0.08889935630648575,0,0
S0,2024-01-16 14:45:00,0.1325558390965158,0.05059536445478075,0,0
S0,2024-01-16 15:00:00,0.12953444412262757,0.1553614882834618,0,0
S0,2024-01-16 15:15:00,0.10214549067758136,0.042455538794195384,0,0
S0,2024-01-16 15:30:00,0.23245662252133276,0.06964704038224079,0,0
S0,2024-01-16 15:45:00,0.25691738082437415,0.0914314561346893,0,0
S0,2024-01-16 16:00:00,0.11843911933086432,0.04526250063433869,0,0
S0,2024-01-16 16:15:00,0.250779678549819,0.04931716788927442,0,0
S0,2024-01-16 16:30:00,0.31611908186538473,0.08405375716091003,0,0
S0,2024-01-16 16:45:00,0.29847396167999,0.09067993539641855,0,0
S0,2024-01-16 17:00:00,0.3571278154021265,0.11878356789226671,0,0
S0,2024-01-16 17:15:00,0.512667782692458,0.14925930524927394,1,0
S0,2024-01-16 17:30:00,0.4565815204342548,0.05454139639845274,0,0
S0,2024-01-16 17:45:00,0.5525299939481622,0.07643113402009169,1,0
S0,2024-01-16 18:00:00,0.5248211269342569,0.07734926956885693,1,0
S0,2024-01-16 18:15:00,0.6286957928881934,0.10122849047132142,1,0
S0,2024-01-16 18:30:00,0.6940178375243805,0.08880311738531435,1,0
S0,2024-01-16 18:45:00,0.657057542347086,0.10177395114684155,1,0
S0,2024-01-16 19:00:00,0.7471935094692893,0.11104224026027973,1,0
S0,2024-01-16 19:15:00,0.759467337458334,0.11751908191306003,1,0
S0,2024-01-16 19:30:00,0.7223499236293728,0.111863275249002,1,0
S0,2024-01-16 19:45:00,0.7791547904773519,0.14029258432153308,1,0
S0,2024-01-16 20:00:00,0.7880627933229704,0.1298710067926256,1,0
S0,2024-01-16 20:15:00,0.7130138362693184,0.11820417287976738,1,0
S0,2024-01-16 20:30:00,0.748739107848114,0.1281846039373036,1,0
S0,2024-01-16 20:45:00,0.757668808037511,0.10864975932545876,1,0
S0,2024-01-16 21:00:00,0.7423310594428574,0.09653965810685496,1,0
S0,2024-01-16 21:15:00,0.7366072019934727,0.11393523449172382,1,0
S0,2024-01-16 21:30:00,0.7565408116032012,0.11312485077180029,1,0
S0,2024-01-16 21:45:00,0.7345081730508837,0.11192970845230735,1,0
S0,2024-01-16 22:00:00,0.7314731966239553,0.07104362709251708,1,0
S0,2024-01-16 22:15:00,0.688817063868511,0.06444018038110132,1,0
S0,2024-01-16 22:30:00,0.6857248810923062,0.07621505614007737,1,0
S0,2024-01-16 22:45:00,0.6277083594519641,0.05900891034334387,1,0
S0,2024-01-16 23:00:00,0.6717100098425569,0.0903485606001059,1,0
S0,2024-01-16 23:15:00,0.5874833446188982,0.04233887166579367,1,0
S0,2024-01-16 23:30:00,0.5317467715524908,0.03687386850063481,1,0
S0,2024-01-16 23:45:00,0.498569641857472,0.06510692008128376,0,0
S0,2024-01-17 00:00:00,0.7387578365528636,0.09250567587171576,1,0
S0,2024-01-17 00:15:00,0.7023677588268109,0.08110222998803722,1,0
S0,2024-01-17 00:30:00,0.618640635582923,0.08902528059617326,1,0
S0,2024-01-17 00:45:00,0.6127159780934844,0.0981882404639704,1,0
S0,2024-01-17 01:00:00,0.5165023712744439,0.1069479920514882,1,0
S0,2024-01-17 01:15:00,0.40685850671343826,0.08383728401396821,0,0
S0,2024-01-17 01:30:00,0.2311224448687319,0.10060574372090739,0,0
S0,2024-01-17 01:45:00,0.10617976463853074,0.09728179213599279,0,0
S0,2024-01-17 02:00:00,0.1284448104877738,0.12017071321629062,0,0
S0,2024-01-17 02:15:00,0.08336730518266713,0.068818304581364,0,0
S0,2024-01-17 02:30:00,0.0805541301208395,0.06980819389970946,0,0
S0,2024-01-17 02:45:00,0.022391984597370154,0.08656502902260142,0,0
S0,2024-01-17 03:00:00,0.10801603161972817,0.08135509921789488,0,0
S0,2024-01-17 03:15:00,0.10687254854539216,0.11517122023237888,0,0
S0,2024-01-17 03:30:00,0.10957523430603053,0.10052197628412982,0,0
S0,2024-01-17 03:45:00,0.15921128673515098,0.1281107610519053,0,0
S0,2024-01-17 04:00:00,0.0767991403117504,0.06643540744075989,0,0
S0,2024-01-17 04:15:00,0.11845234966908841,0.13140606488195394,0,0
S0,2024-01-17 04:30:00,0.2125258463455626,0.07691984547654389,0,0
S0,2024-01-17 04:45:00,0.10937539194952477,0.06049755747671605,0,0
S0,2024-01-17 05:00:00,0.0713859426917531,0.039214377507431564,0,0
S0,2024-01-17 05:15:00,0.17367021121676568,0.05552722555562936,0,0
S0,2024-01-17 05:30:00,0.10903948958434387,0.042348335451141174,0,0
S0,2024-01-17 05:45:00,0.14604312518836646,0.035117397187275315,0,0
S0,2024-01-17 06:00:00,0.2678810921627186,0.04381268457470778,0,0
S0,2024-01-17 06:15:00,0.29116514682561884,0.07534750276376496,0,0
S0,2024-01-17 06:30:00,0.38193562316856394,0.12896787358421133,0,0
S0,2024-01-17 06:45:00,0.3335351855777773,0.12912381184803778,0,0
S0,2024-01-17 07:00:00,0.42431194705755326,0.06606426524022853,0,0
S0,2024-01-17 07:15:00,0.45315879531151215,0.05902216510178426,0,0
S0,2024-01-17 07:30:00,0.38239287309428777,0.06906385003021083,0,0
S0,2024-01-17 07:45:00,0.46818985529280716,0.08270212843401734,0,0
S0,2024-01-17 08:00:00,0.6150553901549805,0.10334783980343033,1,0
S0,2024-01-17 08:15:00,0.5347207113378541,0.0866032371836871,1,0
S0,2024-01-17 08:30:00,0.5220169776552184,0.0930796977556188,1,0
S0,2024-01-17 08:45:00,0.6230145514647667,0.09607349743482183,1,0
S0,2024-01-17 09:00:00,0.6005710804713966,0.10048241894546128,1,0
S0,2024-01-17 09:15:00,0.5928174031912242,0.11429293757242905,1,0
S0,2024-01-17 09:30:00,0.5590989984030936,0.09353108982919331,1,0
S0,2024-01-17 09:45:00,0.5488131035207491,0.07150165100418529,1,0
S0,2024-01-17 10:00:00,0.5511945174257651,0.08872316339748916,1,0
S0,2024-01-17 10:15:00,0.5496934880027057,0.09107987174237936,1,0
S0,2024-01-17 10:30:00,0.5241177121048852,0.07312366844323974,1,0
S0,2024-01-17 10:45:00,0.4652662418953201,0.05821372375668506,0,0
S0,2024-01-17 11:00:00,0.5082593629664709,0.12242388940916302,1,0
S0,2024-01-17 11:15:00,0.5240990065277296,0.06399665579834649,1,0
S0,2024-01-17 11:30:00,0.49148144994498066,0.08054889171330219,0,0
S0,2024-01-17 11:45:00,0.46103303183474853,0.08001020100787878,0,0
S0,2024-01-17 12:00:00,0.3643103747780395,0.05778812594261712,0,0
S0,2024-01-17 12:15:00,0.3184095707330945,0.03341917820826086,0,0
S0,2024-01-17 12:30:00,0.3668990426032158,0.08613161696641494,0,0
S0,2024-01-17 12:45:00,0.2947874763217403,0.09070740290807326,0,0
S0,2024-01-17 13:00:00,0.3262150551591277,0.08960578997371293,0,0
S0,2024-01-17 13:15:00,0.2655315678825349,0.05731429899093915,0,0
S0,2024-01-17 13:30:00,0.20174125369741772,0.08945599616782422,0,0
S0,2024-01-17 13:45:00,0.18539404031171222,0.07391829953737565,0,0
S0,2024-01-17 14:00:00,0.18514525729362036,0.10202927665712984,0,0
S0,2024-01-17 14:15:00,0.15238830620777094,0.08640016937443695,0,0
S0,2024-01-17 14:30:00,0.07476328537463131,0.06738389192233306,0,0
S0,2024-01-17 14:45:00,0.1972989899078364,0.08656508404748711,0,0
S0,2024-01-17 15:00:00,0.17022867857129143,0.0813904544610524,0,0
S0,2024-01-17 15:15:00,0.13995346155467536,0.07941484775818822,0,0
S0,2024-01-17 15:30:00,0.17447163222153367,0.0774418199748611,0,0
S0,2024-01-17 15:45:00,0.16743942469070752,0.06009979367403194,0,0
S0,2024-01-17 16:00:00,0.1733160931834953,0.057250424992997144,0,0
S0,2024-01-17 16:15:00,0.22949103311678382,0.05187768496836833,0,0
S0,2024-01-17 16:30:00,0.2648987643749214,0.07083567905308312,0,0
S0,2024-01-17 16:45:00,0.33222510546024653,0.06903428007617438,0,0
S0,2024-01-17 17:00:00,0.3612705478742196,0.08641973829328735,0,0
S0,2024-01-17 17:15:00,0.4264630856097494,0.04075355079129167,0,0
S0,2024-01-17 17:30:00,0.5158386792802965,0.07498125057364322,1,0
S0,2024-01-17 17:45:00,0.5135466252825075,0.10797857764342116,1,0
S0,2024-01-17 18:00:00,0.5868767185139212,0.0689552796566355,1,0
S0,2024-01-17 18:15:00,0.7344897317778133,0.10999858026291709,1,0
S0,2024-01-17 18:30:00,0.6606566621050727,0.10896947439116658,1,0
S0,2024-01-17 18:45:00,0.6867728555577768,0.09726377901621225,1,0
S0,2024-01-17 19:00:00,0.7324896227169011,0.1656546669125287,1,0
S0,2024-01-17 19:15:00,0.786310953489618,0.14020339756014075,1,0
S0,2024-01-17 19:30:00,0.7752988196876073,0.13234445914241735,1,0
S0,2024-01-17 19:45:00,0.7752088094394154,0.11659679434359789,1,0
S0,2024-01-17 20:00:00,0.8131097387355359,0.13678257140384753,1,0
S0,2024-01-17 20:15:00,0.7908843591958462,0.12511573917425628,1,0
S0,2024-01-17 20:30:00,0.7940746146160893,0.10308207340442811,1,0
S0,2024-01-17 20:45:00,0.8031048374625771,0.12568743836778723,1,0
S0,2024-01-17 21:00:00,0.7701739054549571,0.10940866211286351,1,0
S0,2024-01-17 21:15:00,0.807710836228794,0.13518077055947073,1,0
S0,2024-01-17 21:30:00,0.7178339857578111,0.0959855314357237,1,0
S0,2024-01-17 21:45:00,0.7422540207256955,0.13768325540829113,1,0
S0,2024-01-17 22:00:00,0.6506093320600647,0.10334899746695625,1,0
S0,2024-01-17 22:15:00,0.667560046765121,0.09495234595883566,1,0
S0,2024-01-17 22:30:00,0.6181748731741759,0.05763251833268809,1,0
S0,2024-01-17 22:45:00,0.611633781121054,0.0436026807592493,1,0
S0,2024-01-17 23:00:00,0.6314458300935648,0.059890212238254886,1,0
S0,2024-01-17 23:15:00,0.6110846878793927,0.11304702128127074,1,0
S0,2024-01-17 23:30:00,0.517391456452684,0.05933007396726202,1,0
S0,2024-01-17 23:45:00,0.5006653609128048,0.10127427067520806,1,0
S0,2024-01-18 00:00:00,0.7427241728238411,0.14200828533649384,1,0
S0,2024-01-18 00:15:00,0.6166283219729931,0.09450146885222462,1,0
S0,2024-01-18 00:30:00,0.563197154467016,0.1411518702025197,1,0
S0,2024-01-18 00:45:00,0.5610520454473951,0.12833861837292332,1,0
S0,2024-01-18 01:00:00,0.4046162747660171,0.09032164141759957,0,0
S0,2024-01-18 01:15:00,0.36140770697174057,0.12479491765049097,0,0
S0,2024-01-18 01:30:00,0.197270730147537,0.07738248494212936,0,0
S0,2024-01-18 01:45:00,0.14219990898668566,0.1501844215993434,0,0
S0,2024-01-18 02:00:00,0.12113712438941515,0.07584244866006805,0,0
S0,2024-01-18 02:15:00,0.11862001796185336,0.07655727171304019,0,0
S0,2024-01-18 02:30:00,0.14092760130696275,0.08133289640785969,0,0
S0,2024-01-18 02:45:00,0.0792128797243991,0.0667719115781903,0,0
S0,2024-01-18 03:00:00,0.10187132043722492,0.08116031594529191,0,0
S0,2024-01-18 03:15:00,0.13761346246329814,0.07572769526173753,0,0
S0,2024-01-18 03:30:00,0.09220768292067738,0.05577477693627238,0,0
S0,2024-01-18 03:45:00,0.0684555537969529,0.07880930125750125,0,0
S0,2024-01-18 04:00:00,0.09683251882232422,0.058635174831197595,0,0
S0,2024-01-18 04:15:00,0.09436025382301186,0.09411704119657686,0,0
S0,2024-01-18 04:30:00,0.14216378853710873,0.07570345774201405,0,0
S0,2024-01-18 04:45:00,0.11503834047747022,0.08643820841160768,0,0
S0,2024-01-18 05:00:00,0.12430111098713827,0.091654844081197,0,0
S0,2024-01-18 05:15:00,0.15030220849476345,0.09856489647844999,0,0
S0,2024-01-18 05:30:00,0.1556588149424719,0.07180603079399497,0,0
S0,2024-01-18 05:45:00,0.19879459874623195,0.10781811763667791,0,0
S0,2024-01-18 06:00:00,0.2715765826488955,0.08375350281714086,0,0
S0,2024-01-18 06:15:00,0.3107780093611191,0.041298202141100734,0,0
S0,2024-01-18 06:30:00,0.3985936280629979,0.09885093887446654,0,0
S0,2024-01-18 06:45:00,0.3602822406151963,0.06687826159106801,0,0
S0,2024-01-18 07:00:00,0.42233568744654165,0.056132034158510834,0,0
S0,2024-01-18 07:15:00,0.3994648315811012,0.10309004988252163,0,0
S0,2024-01-18 07:30:00,0.40983607195463817,0.05119669239543869,0,0
S0,2024-01-18 07:45:00,0.45942335479102714,0.07385565855850842,0,0
S0,2024-01-18 08:00:00,0.5742117801383559,0.11082817248835253,1,0
S0,2024-01-18 08:15:00,0.5116646125051514,0.06736621141694776,1,0
S0,2024-01-18 08:30:00,0.5278163039787883,0.10502966054549864,1,0
S0,2024-01-18 08:45:00,0.5439934854510611,0.10969201305892648,1,0
S0,2024-01-18 09:00:00,0.5440859962290567,0.10023501311726439,1,0
S0,2024-01-18 09:15:00,0.5845574296333074,0.09483020657778267,1,0
S0,2024-01-18 09:30:00,0.5073356799255464,0.073034463785337,1,0
S0,2024-01-18 09:45:00,0.5555742955970853,0.10803369554824396,1,0
S0,2024-01-18 10:00:00,0.5669050066814088,0.08795862860377547,1,0
S0,2024-01-18 10:15:00,0.5447418586011041,0.0702548870906883,1,0
S0,2024-01-18 10:30:00,0.5581544416328874,0.08604308228440703,1,0
S0,2024-01-18 10:45:00,0.5267243465975587,0.06522118892132155,1,0
S0,2024-01-18 11:00:00,0.5001141169271909,0.06186420889315108,1,0
S0,2024-01-18 11:15:00,0.492449316572599,0.07002542926024569,0,0
S0,2024-01-18 11:30:00,0.49875294646908414,0.06135962657741735,0,0
S0,2024-01-18 11:45:00,0.4460219699667101,0.08774288892005748,0,0
S0,2024-01-18 12:00:00,0.4536707948053728,0.08040506126973088,0,0
S0,2024-01-18 12:15:00,0.38807700942324536,0.07396570332828502,0,0
S0,2024-01-18 12:30:00,0.30113803439936476,0.059160309808612734,0,0
S0,2024-01-18 12:45:00,0.2976778135572675,0.029059646145835432,0,0
S0,2024-01-18 13:00:00,0.27282611217922853,0.045797925294388905,0,0
S0,2024-01-18 13:15:00,0.20984346876256943,0.05049010737629789,0,0
S0,2024-01-18 13:30:00,0.19992867926616556,0.05816510959755402,0,0
S0,2024-01-18 13:45:00,0.1748626897821162,0.0982411963126549,0,0
S0,2024-01-18 14:00:00,0.11483069885686621,0.06400083908581929,0,0
S0,2024-01-18 14:15:00,0.09101445988476645,0.06107607964324671,0,0
S0,2024-01-18 14:30:00,0.09336496690530136,0.06156054904787885,0,0
S0,2024-01-18 14:45:00,0.18282788726728924,0.11737423261898294,0,0
S0,2024-01-18 15:00:00,0.09410172493272258,0.04654702459211044,0,0
S0,2024-01-18 15:15:00,0.14074131800665549,0.104635404683818,0,0
S0,2024-01-18 15:30:00,0.1935653078343918,0.11411931390535858,0,0
S0,2024-01-18 15:45:00,0.16927891756713107,0.08156119164041324,0,0
S0,2024-01-18 16:00:00,0.1505565130894034,0.09113490434468433,0,0
S0,2024-01-18 16:15:00,0.30501794301594276,0.12801638320746866,0,0
S0,2024-01-18 16:30:00,0.24233001324170408,0.05539223517589205,0,0
S0,2024-01-18 16:45:00,0.29660459687046337,0.047442460366746375,0,0
S0,2024-01-18 17:00:00,0.4180241429718116,0.04603125175572919,0,0
S0,2024-01-18 17:15:00,0.5073533245269131,0.08349377881188612,1,0
S0,2024-01-18 17:30:00,0.44274213343734037,0.08021991252231815,0,0
S0,2024-01-18 17:45:00,0.4838106602266201,0.1453677442808343,0,0
S0,2024-01-18 18:00:00,0.5401768268755133,0.09479680266557963,1,0
S0,2024-01-18 18:15:00,0.6532878436444457,0.1306241453069487,1,0
S0,2024-01-18 18:30:00,0.7362719746320848,0.12120691648072734,1,0
S0,2024-01-18 18:45:00,0.6263254678732953,0.09289180954469888,1,0
S0,2024-01-18 19:00:00,0.7749171566011793,0.09994635330966317,1,0
S0,2024-01-18 19:15:00,0.7052167324879881,0.1092641166569029,1,0
S0,2024-01-18 19:30:00,0.702659217606968,0.10501586194658626,1,0
S0,2024-01-18 19:45:00,0.7171430918850493,0.13945418794090747,1,0
S0,2024-01-18 20:00:00,0.7581019411820553,0.12494497798373148,1,0
S0,2024-01-18 20:15:00,0.7644683522845163,0.11224736498638214,1,0
S0,2024-01-18 20:30:00,0.8320508122236128,0.14452008513478531,1,0
S0,2024-01-18 20:45:00,0.8424912610863674,0.1499106654659232,1,0
S0,2024-01-18 21:00:00,0.786190390095375,0.12110916492683223,1,0
S0,2024-01-18 21:15:00,0.8080946083713656,0.10310317258977877,1,0
S0,2024-01-18 21:30:00,0.7587675221564902,0.09956704820337056,1,0
S0,2024-01-18 21:45:00,0.7203122991768107,0.10487309764606245,1,0
S0,2024-01-18 22:00:00,0.6885978039747112,0.06581942191949236,1,0
S0,2024-01-18 22:15:00,0.6720260054155859,0.07500579152978809,1,0
S0,2024-01-18 22:30:00,0.6633862438931065,0.07463551095541496,1,0
S0,2024-01-18 22:45:00,0.6843974715206026,0.14710469059202547,1,0
S0,2024-01-18 23:00:00,0.5912866922506654,0.1050444508013141,1,0
S0,2024-01-18 23:15:00,0.5884290619655336,0.09777147409424014,1,0
S0,2024-01-18 23:30:00,0.5201360138259954,0.07088440882481918,1,0
S0,2024-01-18 23:45:00,0.5207936749209834,0.07865970635022043,1,0
S0,2024-01-19 00:00:00,0.7495232983735032,0.12301550636315653,1,0
S0,2024-01-19 00:15:00,0.690823236460823,0.08648601759856324,1,0
S0,2024-01-19 00:30:00,0.7269090463264483,0.1509679305953088,1,0
S0,2024-01-19 00:45:00,0.579210922258373,0.1101035950778164,1,0
S0,2024-01-19 01:00:00,0.49171632626293404,0.07728860617405385,0,0
S0,2024-01-19 01:15:00,0.4198343593719549,0.16159131733746304,0,0
S0,2024-01-19 01:30:00,0.2752363932277467,0.07687877683637644,0,0
S0,2024-01-19 01:45:00,0.2124077404826174,0.11582475005748201,0,0
S0,2024-01-19 02:00:00,0.1386101414459946,0.0851678664861177,0,0
S0,2024-01-19 02:15:00,0.10490746318112514,0.10768167191412334,0,0
S0,2024-01-19 02:30:00,0.09736375357899145,0.08769460584305666,0,0
S0,2024-01-19 02:45:00,0.056045944433271315,0.07614874798981021,0,0
S0,2024-01-19 03:00:00,0.07158465175315465,0.06204404392600844,0,0
S0,2024-01-19 03:15:00,0.08586259964467667,0.08078574992823605,0,0
S0,2024-01-19 03:30:00,0.07591217135705476,0.11572440709004257,0,0
S0,2024-01-19 03:45:00,0.07376482126275112,0.09236786329757792,0,0
S0,2024-01-19 04:00:00,0.07973654323068158,0.04890109141229822,0,0
S0,2024-01-19 04:15:00,0.09465907260133524,0.06451791395695047,0,0
S0,2024-01-19 04:30:00,0.14331470737020735,0.1140188249546912,0,0
S0,2024-01-19 04:45:00,0.1751341682057393,0.060092773826772285,0,0
S0,2024-01-19 05:00:00,0.12708291687150647,0.05934143352291567,0,0
S0,2024-01-19 05:15:00,0.18732630336033826,0.05214097143294598,0,0
S0,2024-01-19 05:30:00,0.20731074266454919,0.040321936880348117,0,0
S0,2024-01-19 05:45:00,0.21312243539618186,0.07965584681967831,0,0
S0,2024-01-19 06:00:00,0.21542102041352099,0.031321909484974014,0,0
S0,2024-01-19 06:15:00,0.3083413965808256,0.04771291575167099,0,0
S0,2024-01-19 06:30:00,0.3101295082990812,0.04646783663626074,0,0
S0,2024-01-19 06:45:00,0.40279199964280266,0.06115547266102044,0,0
S0,2024-01-19 07:00:00,0.34837338122108724,0.08388931139616977,0,0
S0,2024-01-19 07:15:00,0.4680963629530465,0.08355788577352699,0,0
S0,2024-01-19 07:30:00,0.5321090959916931,0.10193844681793374,1,0
S0,2024-01-19 07:45:00,0.4620056465638247,0.06728520848217334,0,0
S0,2024-01-19 08:00:00,0.5171167400244124,0.11922171817575342,1,0
S0,2024-01-19 08:15:00,0.5831775991061446,0.09545854883896687,1,0
S0,2024-01-19 08:30:00,0.5619174749202236,0.10395402787830235,1,0
S0,2024-01-19 08:45:00,0.5529393213580585,0.11588156789576161,1,0
S0,2024-01-19 09:00:00,0.5308027104910955,0.10937578615762854,1,0
S0,2024-01-19 09:15:00,0.5669360615355575,0.08498995127029191,1,0
S0,2024-01-19 09:30:00,0.5717773336020746,0.08758038210536706,1,0
S0,2024-01-19 09:45:00,0.5592689436327203,0.09877447576770339,1,0
S0,2024-01-19 10:00:00,0.5573007837273178,0.08222543748776641,1,0
S0,2024-01-19 10:15:00,0.6521204178859533,0.12715640990654323,1,0
S0,2024-01-19 10:30:00,0.46849868711027354,0.05605508016954086,0,0
S0,2024-01-19 10:45:00,0.5681196880501187,0.08725225081724941,1,0
S0,2024-01-19 11:00:00,0.48339686977401747,0.05559491240603539,0,0
S0,2024-01-19 11:15:00,0.4870181650430344,0.1534851712489384,0,0
S0,2024-01-19 11:30:00,0.46193822448279165,0.038482915945111176,0,0
S0,2024-01-19 11:45:00,0.4622085301377917,0.04572309659332754,0,0
S0,2024-01-19 12:00:00,0.44486243840603745,0.07386219023691185,0,0
S0,2024-01-19 12:15:00,0.38115291228697845,0.035641202414653274,0,0
S0,2024-01-19 12:30:00,0.4053285602590183,0.06298572548329573,0,0
S0,2024-01-19 12:45:00,0.3650829822597598,0.0424792411218785,0,0
S0,2024-01-19 13:00:00,0.32928209699144373,0.04763594045073902,0,0
S0,2024-01-19 13:15:00,0.26271163227700206,0.05902601732094018,0,0
S0,2024-01-19 13:30:00,0.2689236824629537,0.08716390754318898,0,0
S0,2024-01-19 13:45:00,0.1864925856131376,0.0639209532235852,0,0
S0,2024-01-19 14:00:00,0.17143655442775488,0.05920335420260251,0,0
S0,2024-01-19 14:15:00,0.12262623169674429,0.042890330646831364,0,0
S0,2024-01-19 14:30:00,0.16795165549173321,0.09755539586110949,0,0
S0,2024-01-19 14:45:00,0.14674066396222743,0.0627413294703176,0,0
S0,2024-01-19 15:00:00,0.13342812046466548,0.11536240271848759,0,0
S0,2024-01-19 15:15:00,0.17550976733198279,0.05218488135708458,0,0
S0,2024-01-19 15:30:00,0.15159190330560401,0.04600495971788349,0,0
S0,2024-01-19 15:45:00,0.20338851946050623,0.06860211528167061,0,0
S0,2024-01-19 16:00:00,0.2818597146399961,0.07957162226022331,0,0
S0,2024-01-19 16:15:00,0.21143391183469507,0.11866334415331224,0,0
S0,2024-01-19 16:30:00,0.2289804580197324,0.056431356960518125,0,0
S0,2024-01-19 16:45:00,0.295343883919426,0.13676694531836775,0,0
S0,2024-01-19 17:00:00,0.3874727115743804,0.07220767616487543,0,0
S0,2024-01-19 17:15:00,0.4605688297066617,0.10145998430758668,0,0
S0,2024-01-19 17:30:00,0.5083123313144069,0.06323380170755262,1,0
S0,2024-01-19 17:45:00,0.4943563198669774,0.073423092179567,0,0
S0,2024-01-19 18:00:00,0.5333719421761296,0.06045400272883456,1,0
S0,2024-01-19 18:15:00,0.6157889362265664,0.1115246651922912,1,0
S0,2024-01-19 18:30:00,0.702770463623289,0.1413898226090801,1,0
S0,2024-01-19 18:45:00,0.7968291978622448,0.12853709119305376,1,0
S0,2024-01-19 19:00:00,0.7453870945355973,0.13784404765514927,1,0
S0,2024-01-19 19:15:00,0.7304407463051306,0.12193626979656381,1,0
S0,2024-01-19 19:30:00,0.7499743283080499,0.1064042287690979,1,0
S0,2024-01-19 19:45:00,0.7888664534702793,0.1316879297750842,1,0
S0,2024-01-19 20:00:00,0.7548495053821399,0.11051985946568597,1,0
S0,2024-01-19 20:15:00,0.7708831977313079,0.11280310061090802,1,0
S0,2024-01-19 20:30:00,0.7718110991144115,0.11094586652378866,1,0
S0,2024-01-19 20:45:00,0.8540326325923533,0.1482503423789267,1,0
S0,2024-01-19 21:00:00,0.8162898748152314,0.11332903851934015,1,0
S0,2024-01-19 21:15:00,0.7420319336375882,0.15114783987727567,1,0
S0,2024-01-19 21:30:00,0.7173985776065923,0.09307796942892024,1,0
S0,2024-01-19 21:45:00,0.6705198649874022,0.08377428885208103,1,0
S0,2024-01-19 22:00:00,0.6759881266206179,0.06782217118364707,1,0
S0,2024-01-19 22:15:00,0.6753912732531598,0.11781918652715999,1,0
S0,2024-01-19 22:30:00,0.6683807248470403,0.061679606826590946,1,0
S0,2024-01-19 22:45:00,0.6335371837617894,0.04927698023852987,1,0
S0,2024-01-19 23:00:00,0.6162786010065416,0.06422169879619977,1,0
S0,2024-01-19 23:15:00,0.5816108603151442,0.07183436777807044,1,0
S0,2024-01-19 23:30:00,0.6107332724696377,0.09696002280770503,1,0
S0,2024-01-19 23:45:00,0.4923638766647749,0.07528132584568446,0,0
S0,2024-01-20 00:00:00,0.7564429720820857,0.08977547487243741,1,0
S0,2024-01-20 00:15:00,0.6760793637733855,0.08367440287118001,1,0
S0,2024-01-20 00:30:00,0.6568893348910839,0.10332157555849693,1,0
S0,2024-01-20 00:45:00,0.5754319173520629,0.10347489440468817,1,0
S0,2024-01-20 01:00:00,0.5272949233863571,0.1003280112524101,1,0
S0,2024-01-20 01:15:00,0.5416106654345367,0.7281251818287159,1,1
S0,2024-01-20 01:30:00,0.4001219621360926,0.9999999999398127,0,1
S0,2024-01-20 01:45:00,0.28487880539945354,0.479819231508835,0,0
S0,2024-01-20 02:00:00,0.37444385868598523,0.479819231508835,0,0
S0,2024-01-20 02:15:00,0.26343667621609973,0.8389394288602678,0,1
S0,2024-01-20 02:30:00,0.35921061493139755,0.8189741354160058,0,1
S0,2024-01-20 02:45:00,0.26106881502295765,0.13941875416030136,0,0
S0,2024-01-20 03:00:00,0.20478553673582411,0.5592910565276948,0,0
S0,2024-01-20 03:15:00,0.3361383825288526,0.9867852805642681,0,1
S0,2024-01-20 03:30:00,0.20376035699698025,0.6287832865919111,0,0
S0,2024-01-20 03:45:00,0.15409096176313553,0.12455625435942248,0,0
S0,2024-01-20 04:00:00,0.18195863046778488,0.09238228691433271,0,0
S0,2024-01-20 04:15:00,0.26688182419274586,0.07858544625133555,0,0
S0,2024-01-20 04:30:00,0.21646050609958187,0.08615155010276265,0,0
S0,2024-01-20 04:45:00,0.2146109443611622,0.0994158625256052,0,0
S0,2024-01-20 05:00:00,0.24275423275212632,0.12337361209266773,0,0
S0,2024-01-20 05:15:00,0.2115534928343074,0.13322905441238306,0,0
S0,2024-01-20 05:30:00,0.17912198124689235,0.07334716653346275,0,0
S0,2024-01-20 05:45:00,0.12544467262995443,0.0658745644362402,0,0
S0,2024-01-20 06:00:00,0.1537627898041863,0.13459342443732258,0,0
S0,2024-01-20 06:15:00,0.17947629301505133,0.046542349485577526,0,0
S0,2024-01-20 06:30:00,0.13408456327987106,0.04640382947365511,0,0
S0,2024-01-20 06:45:00,0.2868908500444717,0.11170143667065291,0,0
S0,2024-01-20 07:00:00,0.13476261424389288,0.06036619639623289,0,0
S0,2024-01-20 07:15:00,0.1735946069887674,0.06036619639623289,0,0
S0,2024-01-20 07:30:00,0.24922151666341819,0.08061210212562737,0,0
S0,2024-01-20 07:45:00,0.3752582679613606,0.08536726235559583,0,0
S0,2024-01-20 08:00:00,0.2144216061813565,0.08485056078470513,0,0
S0,2024-01-20 08:15:00,0.3362834653659873,0.0875050612042321,0,0
S0,2024-01-20 08:30:00,0.21642810480958477,0.04497062958812037,0,0
S0,2024-01-20 08:45:00,0.22315530842231368,0.057862004278379564,0,0
S0,2024-01-20 09:00:00,0.2834493657265995,0.10836592179289839,0,0
S0,2024-01-20 09:15:00,0.3019189195245125,0.0499754862746618,0,0
S0,2024-01-20 09:30:00,0.3124170244333345,0.07168598454199454,0,0
S0,2024-01-20 09:45:00,0.2747091413527118,0.0556997367460503,0,0
S0,2024-01-20 10:00:00,0.25868213504019894,0.04461095344851341,0,0
S0,2024-01-20 10:15:00,0.289153932604211,0.04352324823981708,0,0
S0,2024-01-20 10:30:00,0.3528477660657186,0.1095770799663459,0,0
S0,2024-01-20 10:45:00,0.1968025996472194,0.038296656324497975,0,0
S0,2024-01-20 11:00:00,0.24870245350165748,0.06985884623972301,0,0
S0,2024-01-20 11:15:00,0.22632874128837616,0.03860869892891971,0,0
S0,2024-01-20 11:30:00,0.25500647686130096,0.053557184139790506,0,0
S0,2024-01-20 11:45:00,0.34336056806096443,0.043627531268595726,0,0
S0,2024-01-20 12:00:00,0.21842488505353985,0.07530980989314491,0,0
S0,2024-01-20 12:15:00,0.23138170561563998,0.07382686249559434,0,0
S0,2024-01-20 12:30:00,0.19359954066261645,0.05854929722675696,0,0
S0,2024-01-20 12:45:00,0.2644338185937175,0.08239501846129905,0,0
S0,2024-01-20 13:00:00,0.16517377520324159,0.07282351159391644,0,0
S0,2024-01-20 13:15:00,0.1970648019469484,0.086611594002963,0,0
S0,2024-01-20 13:30:00,0.20751877685400155,0.15599528293246853,0,0
S0,2024-01-20 13:45:00,0.1551556830042127,0.12197165973727976,0,0
S0,2024-01-20 14:00:00,0.06671374856090796,0.1001293025958319,0,0
S0,2024-01-20 14:15:00,0.12350190235098117,0.05676664576647877,0,0
S0,2024-01-20 14:30:00,0.09922459740556501,0.09583131579007093,0,0
S0,2024-01-20 14:45:00,0.06584891811123031,0.09216043958696508,0,0
S0,2024-01-20 15:00:00,0.1312624761017617,0.10753375517564666,0,0
S0,2024-01-20 15:15:00,0.01130310609117497,0.07241354800017023,0,0
S0,2024-01-20 15:30:00,0.0561229240958662,0.06774156713969011,0,0
S0,2024-01-20 15:45:00,0.10783867843021454,0.08498196620021332,0,0
S0,2024-01-20 16:00:00,0.10220431459987261,0.07086932417664411,0,0
S0,2024-01-20 16:15:00,0.2108990861457752,0.07992624081871968,0,0
S0,2024-01-20 16:30:00,0.27259709076968136,0.10116200180076562,0,0
S0,2024-01-20 16:45:00,0.14561270017810377,0.10114223480963318,0,0
S0,2024-01-20 17:00:00,0.15798133747943469,0.0774688086744151,0,0
S0,2024-01-20 17:15:00,0.17927302421646396,0.12439403246517128,0,0
S0,2024-01-20 17:30:00,0.2807540897939423,0.02538693186601727,0,0
S0,2024-01-20 17:45:00,0.2634698004384968,0.07409965276689948,0,0
S0,2024-01-20 18:00:00,0.19213869408768977,0.024314646622786987,0,0
S0,2024-01-20 18:15:00,0.31340029986644874,0.0732223310704518,0,0
S0,2024-01-20 18:30:00,0.3347240154743258,0.08136124268789875,0,0
S0,2024-01-20 18:45:00,0.35816421830156353,0.08481237080750953,0,0
S0,2024-01-20 19:00:00,0.2794329579749734,0.036454065440869356,0,0
S0,2024-01-20 19:15:00,0.3809566877498344,0.05991334521311605,0,0
S0,2024-01-20 19:30:00,0.38174521698137875,0.07174181598695292,0,0
S0,2024-01-20 19:45:00,0.401581568984094,0.07270448931295574,0,0
S0,2024-01-20 20:00:00,0.38185282212153676,0.06086217147126367,0,0
S0,2024-01-20 20:15:00,0.396164551657069,0.05124066297971319,0,0
S0,2024-01-20 20:30:00,0.4154759804623856,0.06307906827319527,0,0
S0,2024-01-20 20:45:00,0.4506536268987983,0.07095003071405119,0,0
S0,2024-01-20 21:00:00,0.4545642084008527,0.07172676669503307,0,0
S0,2024-01-20 21:15:00,0.45731518216514677,0.10837690625104876,0,0
S0,2024-01-20 21:30:00,0.385014267092907,0.032950652153894006,0,0
S0,2024-01-20 21:45:00,0.41504099646813886,0.08189757335646534,0,0
S0,2024-01-20 22:00:00,0.39780500434295807,0.04678446068854298,0,0
S0,2024-01-20 22:15:00,0.374492834973936,0.04534223200388356,0,0
S0,2024-01-20 22:30:00,0.37962271001295317,0.07031759647992993,0,0
S0,2024-01-20 22:45:00,0.36727895388091686,0.03940240891102518,0,0
S0,2024-01-20 23:00:00,0.34983044618012127,0.04756272900454218,0,0
S0,2024-01-20 23:15:00,0.4301596474656188,0.12354633075180786,0,0
S0,2024-01-20 23:30:00,0.23869486918674318,0.04496884128056315,0,0
S0,2024-01-20 23:45:00,0.278153936069229,0.06474263605305819,0,0
S0,2024-01-21 00:00:00,0.5101202251509578,0.10184538629280364,1,0
S0,2024-01-21 00:15:00,0.5214511496450125,0.1508121209567511,1,0
S0,2024-01-21 00:30:00,0.3938963008586672,0.09461328509418337,0,0
S0,2024-01-21 00:45:00,0.33346174759446956,0.0825615568889435,0,0
S0,2024-01-21 01:00:00,0.25115571262061137,0.09126477782663177,0,0
S0,2024-01-21 01:15:00,0.17137360766142354,0.12012297749084506,0,0
S0,2024-01-21 01:30:00,0.11779099652555673,0.07758133453395678,0,0
S0,2024-01-21 01:45:00,0.22499158650899226,0.10088102019592539,0,0
S0,2024-01-21 02:00:00,0.16736837533411192,0.09676437203808753,0,0
S0,2024-01-21 02:15:00,0.15366380736958907,0.10036995140292278,0,0
S0,2024-01-21 02:30:00,0.17680334381138,0.10839990042486433,0,0
S0,2024-01-21 02:45:00,0.07767493503222347,0.1288879683730752,0,0
S0,2024-01-21 03:00:00,0.08319919636326893,0.11478485442229647,0,0
S0,2024-01-21 03:15:00,0.10192128954584943,0.09577852287006137,0,0
S0,2024-01-21 03:30:00,0.07519777800201034,0.10389937441234551,0,0
S0,2024-01-21 03:45:00,0.09053291477936606,0.10905645267710477,0,0
S0,2024-01-21 04:00:00,0.0920120852429929,0.0812941933782921,0,0
S0,2024-01-21 04:15:00,0.1489796278374901,0.0963352646470944,0,0
S0,2024-01-21 04:30:00,0.070993091629882,0.06540663007571253,0,0
S0,2024-01-21 04:45:00,0.11484400157386265,0.08027048668536858,0,0
S0,2024-01-21 05:00:00,0.11419569390850086,0.07868001561429146,0,0
S0,2024-01-21 05:15:00,0.07526217372173283,0.05281701755536092,0,0
S0,2024-01-21 05:30:00,0.0994033952417545,0.10101236366787929,0,0
S0,2024-01-21 05:45:00,0.14336227919537428,0.10336398052985117,0,0
S0,2024-01-21 06:00:00,0.23665310981676746,0.10899543459829453,0,0
S0,2024-01-21 06:15:00,0.11320786677525976,0.059629968786560704,0,0
S0,2024-01-21 06:30:00,0.16901893648085123,0.059450257561921245,0,0
S0,2024-01-21 06:45:00,0.24081482633165122,0.12852687872531085,0,0
S0,2024-01-21 07:00:00,0.24169483338775616,0.07927377151004568,0,0
S0,2024-01-21 07:15:00,0.25069574443218595,0.06351289571280683,0,0
S0,2024-01-21 07:30:00,0.22621230051224825,0.0411257908423183,0,0
S0,2024-01-21 07:45:00,0.22071353371426805,0.06897969336345476,0,0
S0,2024-01-21 08:00:00,0.2384784937124761,0.06754488450017893,0,0
S0,2024-01-21 08:15:00,0.25139714426873344,0.08814287204074228,0,0
S0,2024-01-21 08:30:00,0.34598333429566874,0.0875369679087797,0,0
S0,2024-01-21 08:45:00,0.25312540122606314,0.05901517264725596,0,0
S0,2024-01-21 09:00:00,0.3594916561663277,0.14925730146858307,0,0
S0,2024-01-21 09:15:00,0.3383665957004657,0.04522397804585589,0,0
S0,2024-01-21 09:30:00,0.36494738202683374,0.08553795142653493,0,0
S0,2024-01-21 09:45:00,0.30716571489954086,0.06253656102384073,0,0
S0,2024-01-21 10:00:00,0.36783248990134143,0.05641230306455069,0,0
S0,2024-01-21 10:15:00,0.3173279072160796,0.038807717337561,0,0
S0,2024-01-21 10:30:00,0.28688384829743374,0.05973181637074906,0,0
S0,2024-01-21 10:45:00,0.3215966304269649,0.06161145497399949,0,0
S0,2024-01-21 11:00:00,0.27644103494052774,0.05305376332908123,0,0
S0,2024-01-21 11:15:00,0.25157187610285237,0.058767597905313426,0,0
S0,2024-01-21 11:30:00,0.1931068288762243,0.04106187628650403,0,0
S0,2024-01-21 11:45:00,0.24371072106609482,0.07296098593017959,0,0
S0,2024-01-21 12:00:00,0.1644841136568399,0.06541001855276395,0,0
S0,2024-01-21 12:15:00,0.20434068628645752,0.12461395302498687,0,0
S0,2024-01-21 12:30:00,0.18596028568187573,0.07174469318970784,0,0
S0,2024-01-21 12:45:00,0.15828323713545064,0.06090771833848994,0,0
S0,2024-01-21 13:00:00,0.22163816970554706,0.1421433153243241,0,0
S0,2024-01-21 13:15:00,0.20830099076743025,0.1446130151040162,0,0
S0,2024-01-21 13:30:00,0.14403981749565836,0.07833107143736857,0,0
S0,2024-01-21 13:45:00,0.12068039692216388,0.07390341061321702,0,0
S0,2024-01-21 14:00:00,0.0760033124757974,0.08058551881507589,0,0
S0,2024-01-21 14:15:00,0.13502113626155662,0.1152820740926359,0,0
S0,2024-01-21 14:30:00,0.04154535437469391,0.06891797097643161,0,0
S0,2024-01-21 14:45:00,0.13115631264384375,0.14144767851369763,0,0
S0,2024-01-21 15:00:00,0.061467283689638656,0.0713323952247237,0,0
S0,2024-01-21 15:15:00,0.061648163034629416,0.06935272672782326,0,0
S0,2024-01-21 15:30:00,0.1123188617197538,0.0880247188747675,0,0
S0,2024-01-21 15:45:00,0.12172096866988096,0.06602013750383454,0,0
S0,2024-01-21 16:00:00,0.14854662512092673,0.06820664268974296,0,0
S0,2024-01-21 16:15:00,0.15551462297457258,0.07461359630994996,0,0
S0,2024-01-21 16:30:00,0.1708005534770063,0.07542238771717145,0,0
S0,2024-01-21 16:45:00,0.17614095785038003,0.08343052916500249,0,0
S0,2024-01-21 17:00:00,0.19015332366222437,0.0668327411073296,0,0
S0,2024-01-21 17:15:00,0.23401392265547188,0.09885856357213983,0,0
S0,2024-01-21 17:30:00,0.26471991858497684,0.15845636909134986,0,0
S0,2024-01-21 17:45:00,0.3149633552276589,0.08306641661487975,0,0
S0,2024-01-21 18:00:00,0.26403561654842583,0.03880696460685216,0,0
S0,2024-01-21 18:15:00,0.3350462663546597,0.060431193643926,0,0
S0,2024-01-21 18:30:00,0.36533063014886885,0.06658967719160787,0,0
S0,2024-01-21 18:45:00,0.3505792970006588,0.08182574374017315,0,0
S0,2024-01-21 19:00:00,0.3325110593583113,0.048441446052829934,0,0
S0,2024-01-21 19:15:00,0.3952597045151155,0.08449887902678212,0,0
S0,2024-01-21 19:30:00,0.4609331797625234,0.11953629996228243,0,0
S0,2024-01-21 19:45:00,0.37452974583061976,0.04936369262288773,0,0
S0,2024-01-21 20:00:00,0.43059419123748766,0.06248573234516853,0,0
S0,2024-01-21 20:15:00,0.4095643736753526,0.05743097745413294,0,0
S0,2024-01-21 20:30:00,0.45342396191428275,0.16129474969915708,0,0
S0,2024-01-21 20:45:00,0.43608568799337394,0.06932077276849077,0,0
S0,2024-01-21 21:00:00,0.424750983841916,0.05169003256923266,0,0
S0,2024-01-21 21:15:00,0.39571470462277003,0.09255457304926458,0,0
S0,2024-01-21 21:30:00,0.3574266879548704,0.035994296840418896,0,0
S0,2024-01-21 21:45:00,0.36941548086398485,0.031397769806866614,0,0
S0,2024-01-21 22:00:00,0.39647792304875706,0.07694715835474111,0,0
S0,2024-01-21 22:15:00,0.3442854966026055,0.07340967290912276,0,0
S0,2024-01-21 22:30:00,0.3744030363245571,0.11627526682255045,0,0
S0,2024-01-21 22:45:00,0.35239061425140955,0.09748075023764453,0,0
S0,2024-01-21 23:00:00,0.32577842527389,0.09682803913271462,0,0
S0,2024-01-21 23:15:00,0.31915489516387213,0.09245295534196106,0,0
S0,2024-01-21 23:30:00,0.3085455419087905,0.12953072562507578,0,0
S0,2024-01-21 23:45:00,0.22312657068719594,0.08620918110660872,0,0
S1,2024-01-11 00:00:00,0.925360803461797,0.0720827965963465,1,0
S1,2024-01-11 00:15:00,0.33950478488477914,0.08464170216772367,0,0
S1,2024-01-11 00:30:00,0.1957030019305319,0.06354721813562096,0,0
S1,2024-01-11 00:45:00,0.1898441117380499,0.06763937953902446,0,0
S1,2024-01-11 01:00:00,0.1988550779137814,0.0738183891727104,0,0
S1,2024-01-11 01:15:00,0.1941559590620888,0.08649381620516478,0,0
S1,2024-01-11 01:30:00,0.18208947042778048,0.08608515470466574,0,0
S1,2024-01-11 01:45:00,0.10730999086556965,0.08069205377613325,0,0
S1,2024-01-11 02:00:00,0.10568827362667857,0.061574529950723184,0,0
S1,2024-01-11 02:15:00,0.21330866882781693,0.12294616498991426,0,0
S1,2024-01-11 02:30:00,0.14864573442172235,0.08517570290228005,0,0
S1,2024-01-11 02:45:00,0.06736341809810979,0.05300969762596171,0,0
S1,2024-01-11 03:00:00,0.17975136182643012,0.0685076401394167,0,0
S1,2024-01-11 03:15:00,0.18722335621140374,0.10243021375064913,0,0
S1,2024-01-11 03:30:00,0.16907127287236207,0.08392569831696789,0,0
S1,2024-01-11 03:45:00,0.1107529886368213,0.10040099375901511,0,0
S1,2024-01-11 04:00:00,0.15620816686242708,0.09518012599689436,0,0
S1,2024-01-11 04:15:00,0.20755889930322582,0.07534183041174977,0,0
S1,2024-01-11 04:30:00,0.24843751890866655,0.15121902842163043,0,0
S1,2024-01-11 04:45:00,0.20450182194196215,0.07171574284215167,0,0
S1,2024-01-11 05:00:00,0.36776336117176855,0.13361546770931162,0,0
S1,2024-01-11 05:15:00,0.21887596223386316,0.12191175008934257,0,0
S1,2024-01-11 05:30:00,0.23733261089186614,0.19262583251487525,0,0
S1,2024-01-11 05:45:00,0.18712521558726197,0.1441544610827316,0,0
S1,2024-01-11 06:00:00,0.2200938515376657,0.14719827195482782,0,0
S1,2024-01-11 06:15:00,0.26300356350561876,0.22847228282531912,0,0
S1,2024-01-11 06:30:00,0.33699774971789165,0.20177630631704085,0,0
S1,2024-01-11 06:45:00,0.2540948777006687,0.20917202013574698,0,0
S1,2024-01-11 07:00:00,0.2783333860900593,0.23190594421192048,0,0
S1,2024-01-11 07:15:00,0.31962960597487616,0.18257443899748554,0,0
S1,2024-01-11 07:30:00,0.3357200400575147,0.27629345893927293,0,0
S1,2024-01-11 07:45:00,0.4067781280230365,0.24997268883258525,0,0
S1,2024-01-11 08:00:00,0.4473428816187504,0.1891734563775928,0,0
S1,2024-01-11 08:15:00,0.502772220313869,0.27986237287250026,1,0
S1,2024-01-11 08:30:00,0.5218497009368692,0.2969472795572067,1,0
S1,2024-01-11 08:45:00,0.48790835608678434,0.2406822313783267,0,0
S1,2024-01-11 09:00:00,0.4696333105271925,0.2859735452303658,0,0
S1,2024-01-11 09:15:00,0.4650850221661057,0.24316427615203579,0,0
S1,2024-01-11 09:30:00,0.4584799110057669,0.25071258284514836,0,0
S1,2024-01-11 09:45:00,0.42215265316010386,0.2741015895538284,0,0
S1,2024-01-11 10:00:00,0.5390705875102899,0.2587079228521588,1,0
S1,2024-01-11 10:15:00,0.45553810055345456,0.27020357236720305,0,0
S1,2024-01-11 10:30:00,0.6003829440348156,0.2548895891793534,1,0
S1,2024-01-11 10:45:00,0.45783487777178433,0.27815198112603223,0,0
S1,2024-01-11 11:00:00,0.5048653069157182,0.2769781662405011,1,0
S1,2024-01-11 11:15:00,0.4037477941722182,0.3736157109309258,0,0
S1,2024-01-11 11:30:00,0.37160311408895996,0.3433657543252245,0,0
S1,2024-01-11 11:45:00,0.30969258448376863,0.30175072854590845,0,0
S1,2024-01-11 12:00:00,0.395541862036628,0.3357875380911436,0,0
S1,2024-01-11 12:15:00,0.36055252904213353,0.34260215474002825,0,0
S1,2024-01-11 12:30:00,0.4044813686810034,0.2548922554558235,0,0
S1,2024-01-11 12:45:00,0.3053382912581557,0.28601062062838234,0,0
S1,2024-01-11 13:00:00,0.24334647702273635,0.3431165126519498,0,0
S1,2024-01-11 13:15:00,0.2705614451660039,0.3422392494059755,0,0
S1,2024-01-11 13:30:00,0.24712603863353597,0.3941096856863958,0,0
S1,2024-01-11 13:45:00,0.21260562205125327,0.38162391227253145,0,0
S1,2024-01-11 14:00:00,0.2100599935368552,0.3277976918525823,0,0
S1,2024-01-11 14:15:00,0.199647631745373,0.3742101790728115,0,0
S1,2024-01-11 14:30:00,0.19653276245837117,0.35622328394974523,0,0
S1,2024-01-11 14:45:00,0.20519096978186938,0.39914806717623297,0,0
S1,2024-01-11 15:00:00,0.2966643532560442,0.42605179807842314,0,0
S1,2024-01-11 15:15:00,0.22254246807741768,0.38961291278815685,0,0
S1,2024-01-11 15:30:00,0.2485005194777384,0.40529846456413393,0,0
S1,2024-01-11 15:45:00,0.19719863443411983,0.41915917660525315,0,0
S1,2024-01-11 16:00:00,0.32288826972551116,0.3717012977532953,0,0
S1,2024-01-11 16:15:00,0.36124594471649113,0.35438059049003406,0,0
S1,2024-01-11 16:30:00,0.32232807099181576,0.3912681628355647,0,0
S1,2024-01-11 16:45:00,0.32792814569021594,0.4333865600377663,0,0
S1,2024-01-11 17:00:00,0.3166474797378453,0.46914742345535004,0,0
S1,2024-01-11 17:15:00,0.36396217389191293,0.4752093211978637,0,0
S1,2024-01-11 17:30:00,0.5250545176358399,0.5354553733766994,1,0
S1,2024-01-11 17:45:00,0.542404754306134,0.4459188387447718,1,0
S1,2024-01-11 18:00:00,0.5055357216867479,0.5607988744255922,1,0
S1,2024-01-11 18:15:00,0.549572414977827,0.5947943888392333,1,0
S1,2024-01-11 18:30:00,0.5021660998703859,0.4907222513113908,1,0
S1,2024-01-11 18:45:00,0.49912805739354005,0.48579173605296094,0,0
S1,2024-01-11 19:00:00,0.5881753482649787,0.5260987241180862,1,0
S1,2024-01-11 19:15:00,0.5962611468622309,0.5597048468008906,1,0
S1,2024-01-11 19:30:00,0.5549702995026062,0.5894613230356829,1,0
S1,2024-01-11 19:45:00,0.6441592957183333,0.5692852145632414,1,0
S1,2024-01-11 20:00:00,0.721849426918253,0.5653578356541831,1,0
S1,2024-01-11 20:15:00,0.6354735325341063,0.569104956334122,1,0
S1,2024-01-11 20:30:00,0.6634207612460437,0.5888817773533253,1,0
S1,2024-01-11 20:45:00,0.7557652216026897,0.6168785062684456,1,0
S1,2024-01-11 21:00:00,0.7688085886493257,0.6179597395051963,1,0
S1,2024-01-11 21:15:00,0.8213880509725969,0.6198706343832742,1,0
S1,2024-01-11 21:30:00,0.6495457434359815,0.5602279717664445,1,0
S1,2024-01-11 21:45:00,0.6616647881037923,0.6060705586529069,1,0
S1,2024-01-11 22:00:00,0.6342102340715625,0.6266065463325011,1,0
S1,2024-01-11 22:15:00,0.6050845172815337,0.5926442451768154,1,0
S1,2024-01-11 22:30:00,0.617923931236871,0.5804067118680489,1,0
S1,2024-01-11 22:45:00,0.5704171875387725,0.6319180325669207,1,0
S1,2024-01-11 23:00:00,0.5191151790823998,0.5995190473213562,1,0
S1,2024-01-11 23:15:00,0.5262651498850182,0.5558345188112577,1,0
S1,2024-01-11 23:30:00,0.5927729758187115,0.6349930860099496,1,0
S1,2024-01-11 23:45:00,0.40128938827829347,0.5514661055631692,0,0
S1,2024-01-12 00:00:00,0.5519825514955065,0.5803887604080671,1,0
S1,2024-01-12 00:15:00,0.5489434172865572,0.570456750366811,1,0
S1,2024-01-12 00:30:00,0.5351868809861826,0.6283418327589176,1,0
S1,2024-01-12 00:45:00,0.4457523437640758,0.6190317664284744,0,0
S1,2024-01-12 01:00:00,0.3825483807857658,0.661428400058222,0,0
S1,2024-01-12 01:15:00,0.4412239783066841,0.6896297910853538,0,1
S1,2024-01-12 01:30:00,0.22984106392423906,0.6484545153188579,0,0
S1,2024-01-12 01:45:00,0.23757051063317347,0.7311258666052292,0,1
S1,2024-01-12 02:00:00,0.17428411883951134,0.6612710180196107,0,0
S1,2024-01-12 02:15:00,0.1927227600210767,0.6648019212565544,0,1
S1,2024-01-12 02:30:00,0.2564482636555626,0.6690807307422294,0,1
S1,2024-01-12 02:45:00,0.23178495842753874,0.680479302632453,0,1
S1,2024-01-12 03:00:00,0.3166325123830465,0.6738762141049326,0,1
S1,2024-01-12 03:15:00,0.1304817189606344,0.6738762141049326,0,1
S1,2024-01-12 03:30:00,0.15085614816277373,0.7032795348310226,0,1
S1,2024-01-12 03:45:00,0.24458247028973676,0.7068338713327671,0,1
S1,2024-01-12 04:00:00,0.26230969306184077,0.7379103835033686,0,1
S1,2024-01-12 04:15:00,0.2383476436699951,0.7379103835033686,0,1
S1,2024-01-12 04:30:00,0.3155340004978612,0.7296683457141793,0,1
S1,2024-01-12 04:45:00,0.2005271714129944,0.7730268315751158,0,1
S1,2024-01-12 05:00:00,0.30132726991505976,0.8179321231051248,0,1
S1,2024-01-12 05:15:00,0.270116495927138,0.6977129209681507,0,1
S1,2024-01-12 05:30:00,0.2351672907307699,0.72789747978863,0,1
S1,2024-01-12 05:45:00,0.26641579352757727,0.7535083438836275,0,1
S1,2024-01-12 06:00:00,0.25916918264403516,0.7979560338631271,0,1
S1,2024-01-12 06:15:00,0.330302906068094,0.7866299847914342,0,1
S1,2024-01-12 06:30:00,0.3803130983596062,0.7289202372607447,0,1
S1,2024-01-12 06:45:00,0.4468914470378072,0.8790495563777606,0,1
S1,2024-01-12 07:00:00,0.38382726825658087,0.7825260843941675,0,1
S1,2024-01-12 07:15:00,0.49778169098463076,0.8903383748656474,0,1
S1,2024-01-12 07:30:00,0.3816372824489041,0.821564988167861,0,1
S1,2024-01-12 07:45:00,0.47070366161294136,0.8566867707504725,0,1
S1,2024-01-12 08:00:00,0.5013724001494804,0.9012671432852255,1,1
S1,2024-01-12 08:15:00,0.5438388512327034,0.8893453461801254,1,1
S1,2024-01-12 08:30:00,0.43377333181769234,0.8514769536156597,0,1
S1,2024-01-12 08:45:00,0.4961538105167293,0.9710076321567315,0,1
S1,2024-01-12 09:00:00,0.5928973415620116,0.9532069211616337,1,1
S1,2024-01-12 09:15:00,0.5119049209664875,0.9290018674506095,1,1
S1,2024-01-12 09:30:00,0.5605378536921488,0.9981004380547644,1,1
S1,2024-01-12 09:45:00,0.4892212190946148,0.8978673072242979,0,1
S1,2024-01-12 10:00:00,0.5382827380072036,0.9615425658405683,1,1
S1,2024-01-12 10:15:00,0.571206172199053,0.8972910448558484,1,1
S1,2024-01-12 10:30:00,0.5218921735263102,0.9999999999516902,1,1
S1,2024-01-12 10:45:00,0.4778017877833217,0.9997453093429911,0,1
S1,2024-01-12 11:00:00,0.5494420423337476,0.9610535186583802,1,1
S1,2024-01-12 11:15:00,0.4226042097960363,0.9616838645621878,0,1
S1,2024-01-12 11:30:00,0.4154227333981296,0.9769618139604157,0,1
S1,2024-01-12 11:45:00,0.4204380766808154,0.9981572918925278,0,1
S1,2024-01-12 12:00:00,0.4632397533540938,0.02734423403506188,0,0
S1,2024-01-12 12:15:00,0.3988478388534494,0.06122373252164753,0,0
S1,2024-01-12 12:30:00,0.3536120723003805,0.032538550680259445,0,0
S1,2024-01-12 12:45:00,0.3754240592210366,0.037659375416909,0,0
S1,2024-01-12 13:00:00,0.3290258878883484,0.03845051066512307,0,0
S1,2024-01-12 13:15:00,0.3138292364187927,0.06907949726739997,0,0
S1,2024-01-12 13:30:00,0.36661207591236855,0.05297369073588442,0,0
S1,2024-01-12 13:45:00,0.13909412441797495,0.05370338935161841,0,0
S1,2024-01-12 14:00:00,0.19916737074861415,0.06207561756093544,0,0
S1,2024-01-12 14:15:00,0.09499378050168657,0.05630845899156119,0,0
S1,2024-01-12 14:30:00,0.13447515403648133,0.06940930299340886,0,0
S1,2024-01-12 14:45:00,0.0914247596755296,0.04239403994999135,0,0
S1,2024-01-12 15:00:00,0.07877612493169393,0.0419503399428998,0,0
S1,2024-01-12 15:15:00,0.11752319020614993,0.08704513019038508,0,0
S1,2024-01-12 15:30:00,0.20749330381548353,0.055545548381978546,0,0
S1,2024-01-12 15:45:00,0.17811809384348426,0.08692968064715552,0,0
S1,2024-01-12 16:00:00,0.1372765498914455,0.07143874782216784,0,0
S1,2024-01-12 16:15:00,0.14316085847061494,0.03550672120038462,0,0
S1,2024-01-12 16:30:00,0.113244341493659,0.042785845155817785,0,0
S1,2024-01-12 16:45:00,0.22510778303033435,0.038086730464285415,0,0
S1,2024-01-12 17:00:00,0.18143842075090158,0.043496280089064365,0,0
S1,2024-01-12 17:15:00,0.2596184619852367,0.0429262046392794,0,0
S1,2024-01-12 17:30:00,0.33024469425604197,0.08810838755646914,0,0
S1,2024-01-12 17:45:00,0.4738264561151435,0.06322714289889533,0,0
S1,2024-01-12 18:00:00,0.3902294005048599,0.07210907282833046,0,0
S1,2024-01-12 18:15:00,0.3518452444840582,0.06432459961900841,0,0
S1,2024-01-12 18:30:00,0.5696532353283644,0.12016199160451771,1,0
S1,2024-01-12 18:45:00,0.5332098376125742,0.09722418336426458,1,0
S1,2024-01-12 19:00:00,0.5488476468792864,0.08932039758976255,1,0
S1,2024-01-12 19:15:00,0.49601799076610575,0.09235304613098519,0,0
S1,2024-01-12 19:30:00,0.6174247593819095,0.10373862325673487,1,0
S1,2024-01-12 19:45:00,0.6374179205316807,0.12078964110249009,1,0
S1,2024-01-12 20:00:00,0.546522562469022,0.09549506750567642,1,0
S1,2024-01-12 20:15:00,0.5546532531264075,0.0999123275816557,1,0
S1,2024-01-12 20:30:00,0.6478798361281962,0.09687177058854922,1,0
S1,2024-01-12 20:45:00,0.6370981935117704,0.10157664192374222,1,0
S1,2024-01-12 21:00:00,0.5876230896479391,0.10196422772923083,1,0
S1,2024-01-12 21:15:00,0.6206390069392849,0.10426395525955602,1,0
S1,2024-01-12 21:30:00,0.5281846262477418,0.09478240901377107,1,0
S1,2024-01-12 21:45:00,0.5323108275252155,0.07450981298343246,1,0
S1,2024-01-12 22:00:00,0.525666373932167,0.061103023089866,1,0
S1,2024-01-12 22:15:00,0.5699580879325578,0.10065037475535811,1,0
S1,2024-01-12 22:30:00,0.5308059080557014,0.07950979229880177,1,0
S1,2024-01-12 22:45:00,0.4574736726001112,0.054463164349529386,0,0
S1,2024-01-12 23:00:00,0.4138858814833552,0.05277299182745986,0,0
S1,2024-01-12 23:15:00,0.5029658792027819,0.10592351203620276,1,0
S1,2024-01-12 23:30:00,0.46752664240492736,0.05353364310124073,0,0
S1,2024-01-12 23:45:00,0.35218226632486693,0.046669000983136,0,0
S1,2024-01-13 00:00:00,0.6879307965873004,0.07019257027060785,1,0
S1,2024-01-13 00:15:00,0.6386661658322749,0.11033729289571377,1,0
S1,2024-01-13 00:30:00,0.5368296404322512,0.07096024539087789,1,0
S1,2024-01-13 00:45:00,0.5631816434708197,0.07605574816591662,1,0
S1,2024-01-13 01:00:00,0.4681241744751282,0.08006762908576949,0,0
S1,2024-01-13 01:15:00,0.3772127077918012,0.08862574860969506,0,0
S1,2024-01-13 01:30:00,0.26122793676178097,0.10081247835639154,0,0
S1,2024-01-13 01:45:00,0.1933363360328734,0.15048765170902603,0,0
S1,2024-01-13 02:00:00,0.1093445887232111,0.0937606654706098,0,0
S1,2024-01-13 02:15:00,0.12755224035235918,0.09797570456808131,0,0
S1,2024-01-13 02:30:00,0.14178827099245933,0.07723514266224403,0,0
S1,2024-01-13 02:45:00,0.281468082239854,0.11870903694582022,0,0
S1,2024-01-13 03:00:00,0.2650996542019446,0.10259740199089949,0,0
S1,2024-01-13 03:15:00,0.280598371661919,0.08260711429544755,0,0
S1,2024-01-13 03:30:00,0.2416544714370722,0.13270562461344862,0,0
S1,2024-01-13 03:45:00,0.1589306049467828,0.08451901511303611,0,0
S1,2024-01-13 04:00:00,0.1559546674216306,0.09286389526866215,0,0
S1,2024-01-13 04:15:00,0.19205341744878232,0.10925643542371291,0,0
S1,2024-01-13 04:30:00,0.15467839110850348,0.07394025181732411,0,0
S1,2024-01-13 04:45:00,0.2117288968676556,0.06114749069820576,0,0
S1,2024-01-13 05:00:00,0.21409403886002823,0.13600359192716405,0,0
S1,2024-01-13 05:15:00,0.045286151579897634,0.06486501289909309,0,0
S1,2024-01-13 05:30:00,0.13566915758053955,0.06010044585759113,0,0
S1,2024-01-13 05:45:00,0.08590269948164467,0.054726593197366794,0,0
S1,2024-01-13 06:00:00,0.27008889151625004,0.09691661084837408,0,0
S1,2024-01-13 06:15:00,0.1984070516088225,0.0885257373734,0,0
S1,2024-01-13 06:30:00,0.21451065382814768,0.10329004602447442,0,0
S1,2024-01-13 06:45:00,0.16211791017672633,0.08916582320417249,0,0
S1,2024-01-13 07:00:00,0.06789964789990828,0.07408695415255381,0,0
S1,2024-01-13 07:15:00,0.12262721503270256,0.04198474642042908,0,0
S1,2024-01-13 07:30:00,0.12278097244359103,0.04787719538229109,0,0
S1,2024-01-13 07:45:00,0.14819180244688843,0.02524205689056443,0,0
S1,2024-01-13 08:00:00,0.1696721626405963,0.060368044475757957,0,0
S1,2024-01-13 08:15:00,0.179442315269385,0.030196889930481304,0,0
S1,2024-01-13 08:30:00,0.14132687771920346,0.07672259248698375,0,0
S1,2024-01-13 08:45:00,0.30092715220961214,0.09325360759703819,0,0
S1,2024-01-13 09:00:00,0.9462386341361565,0.8532368335854346,1,1
S1,2024-01-13 09:15:00,0.9552703537913079,0.7957393866536796,1,1
S1,2024-01-13 09:30:00,0.9562812968912986,0.8354840607125146,1,1
S1,2024-01-13 09:45:00,1.0,0.8093581390781293,1,1
S1,2024-01-13 10:00:00,0.8736013988519464,0.04878317799183727,1,0
S1,2024-01-13 10:15:00,0.8496939650803557,0.035211726416156545,1,0
S1,2024-01-13 10:30:00,0.8881611122209547,0.06995359695949177,1,0
S1,2024-01-13 10:45:00,0.8004876393244457,0.03440362494301623,1,0
S1,2024-01-13 11:00:00,0.7648926311952222,0.08146011968877345,1,0
S1,2024-01-13 11:15:00,0.6867736702476979,0.05823622998555764,1,0
S1,2024-01-13 11:30:00,0.6479101548774877,0.061749054922569595,1,0
S1,2024-01-13 11:45:00,0.11236227299740043,0.027843446700067866,0,0
S1,2024-01-13 12:00:00,0.15307305598432117,0.06553533890037164,0,0
S1,2024-01-13 12:15:00,0.15103238383439957,0.061074216017394094,0,0
S1,2024-01-13 12:30:00,0.12994861122953746,0.10475978698627823,0,0
S1,2024-01-13 12:45:00,0.16264177521530215,0.10826478465770709,0,0
S1,2024-01-13 13:00:00,0.11589431299159117,0.09084704934790924,0,0
S1,2024-01-13 13:15:00,0.10799179437088038,0.08303261507557895,0,0
S1,2024-01-13 13:30:00,0.10084413662576644,0.10669725343464762,0,0
S1,2024-01-13 13:45:00,0.05237258405693092,0.055806364741531986,0,0
S1,2024-01-13 14:00:00,0.05726983690692606,0.06362275463514656,0,0
S1,2024-01-13 14:15:00,0.08321357534466234,0.09077300759711233,0,0
S1,2024-01-13 14:30:00,0.04783582963330955,0.09667406696422998,0,0
S1,2024-01-13 14:45:00,0.02596456481613637,0.06173569696350602,0,0
S1,2024-01-13 15:00:00,0.10146124400695453,0.04556224871516234,0,0
S1,2024-01-13 15:15:00,0.04383490896008668,0.07527662898561577,0,0
S1,2024-01-13 15:30:00,0.05281526722657308,0.045402253852601666,0,0
S1,2024-01-13 15:45:00,0.0845083804805975,0.06436119367748579,0,0
S1,2024-01-13 16:00:00,0.05380023041824729,0.055189500889294196,0,0
S1,2024-01-13 16:15:00,0.09311651678519119,0.08398315994161681,0,0
S1,2024-01-13 16:30:00,0.08646343850797929,0.03735176158443976,0,0
S1,2024-01-13 16:45:00,0.15644669355949561,0.04163276556882774,0,0
S1,2024-01-13 17:00:00,0.1527044234479933,0.0497474222766467,0,0
S1,2024-01-13 17:15:00,0.12400792483816082,0.06718856795337762,0,0
S1,2024-01-13 17:30:00,0.2673239953411635,0.12433255320392712,0,0
S1,2024-01-13 17:45:00,0.08847916327936084,0.02790604803273022,0,0
S1,2024-01-13 18:00:00,0.08897718026758174,0.031770050648142235,0,0
S1,2024-01-13 18:15:00,0.24840256925698617,0.048663051038400754,0,0
S1,2024-01-13 18:30:00,0.2450604679021091,0.07678595240742468,0,0
S1,2024-01-13 18:45:00,0.16909703662967596,0.03805757638315988,0,0
S1,2024-01-13 19:00:00,0.18094833225954915,0.05231316802832159,0,0
S1,2024-01-13 19:15:00,0.2616333239834668,0.07853627941143321,0,0
S1,2024-01-13 19:30:00,0.1993326453663217,0.04737496402960007,0,0
S1,2024-01-13 19:45:00,0.2502502406635985,0.04067738964563329,0,0
S1,2024-01-13 20:00:00,0.344338201609001,0.06032648897933781,0,0
S1,2024-01-13 20:15:00,0.3728965269556515,0.055807159051006486,0,0
S1,2024-01-13 20:30:00,0.34116548229556404,0.05916360817190542,0,0
S1,2024-01-13 20:45:00,0.2646239496420613,0.027480103738049474,0,0
S1,2024-01-13 21:00:00,0.31225147746858534,0.048202392286499474,0,0
S1,2024-01-13 21:15:00,0.2935196567074298,0.05524135579070977,0,0
S1,2024-01-13 21:30:00,0.34408613337684485,0.04456835575019744,0,0
S1,2024-01-13 21:45:00,0.3426379734450089,0.04721477150739795,0,0
S1,2024-01-13 22:00:00,0.3833025336351338,0.08019744362070191,0,0
S1,2024-01-13 22:15:00,0.3262235560004431,0.05475801708705391,0,0
S1,2024-01-13 22:30:00,0.3214890685773729,0.07347212491359793,0,0
S1,2024-01-13 22:45:00,0.2085907491423113,0.04094179700258788,0,0
S1,2024-01-13 23:00:00,0.19062675417140215,0.06201149307158922,0,0
S1,2024-01-13 23:15:00,0.18025325842918893,0.049141163273533565,0,0
S1,2024-01-13 23:30:00,0.164828350252879,0.0467858616340726,0,0
S1,2024-01-13 23:45:00,0.08881006926057375,0.044855792093544955,0,0
S1,2024-01-14 00:00:00,0.2710472003464317,0.07453455783752971,0,0
S1,2024-01-14 00:15:00,0.3155790129336689,0.09255500212167636,0,0
S1,2024-01-14 00:30:00,0.29507255610865424,0.0941690305351724,0,0
S1,2024-01-14 00:45:00,0.2571014348120109,0.08878273030918246,0,0
S1,2024-01-14 01:00:00,0.20977079647985178,0.07727981335548072,0,0
S1,2024-01-14 01:15:00,0.24137220821777886,0.08365229488090922,0,0
S1,2024-01-14 01:30:00,0.40641890007464365,0.08793719573985315,0,0
S1,2024-01-14 01:45:00,0.23453873271853815,0.08441076457960735,0,0
S1,2024-01-14 02:00:00,0.251448131620018,0.0898185411368998,0,0
S1,2024-01-14 02:15:00,0.20856626907334508,0.09682346979280647,0,0
S1,2024-01-14 02:30:00,0.20152405324850306,0.09682346979280647,0,0
S1,2024-01-14 02:45:00,0.27888125917718376,0.1093150879565845,0,0
S1,2024-01-14 03:00:00,0.15314558226211017,0.057533199967806016,0,0
S1,2024-01-14 03:15:00,0.10868401551846872,0.08256793651718826,0,0
S1,2024-01-14 03:30:00,0.1880189393433864,0.09008455941842235,0,0
S1,2024-01-14 03:45:00,0.21674324743368065,0.08481964539329787,0,0
S1,2024-01-14 04:00:00,0.1072993608176206,0.06523046407029624,0,0
S1,2024-01-14 04:15:00,0.10906747412871062,0.08918422771505978,0,0
S1,2024-01-14 04:30:00,0.09556408197280172,0.07066613494485206,0,0
S1,2024-01-14 04:45:00,0.16454474392010415,0.07074950072565202,0,0
S1,2024-01-14 05:00:00,0.1344562801063268,0.05963206929789936,0,0
S1,2024-01-14 05:15:00,0.1835689123596372,0.039487058910253794,0,0
S1,2024-01-14 05:30:00,0.16615490928143395,0.09638871911676045,0,0
S1,2024-01-14 05:45:00,0.10257818051936846,0.05225067851306293,0,0
S1,2024-01-14 06:00:00,0.07163015326037897,0.03267146346224026,0,0
S1,2024-01-14 06:15:00,0.11029485711488322,0.0434138144868766,0,0
S1,2024-01-14 06:30:00,0.3033939619502685,0.04406226632449706,0,0
S1,2024-01-14 06:45:00,0.09194924267471907,0.03150689434462443,0,0
S1,2024-01-14 07:00:00,0.15744640252286843,0.06278250536840149,0,0
S1,2024-01-14 07:15:00,0.14903872905516008,0.04986549540342487,0,0
S1,2024-01-14 07:30:00,0.14477611080166483,0.038853357712186266,0,0
S1,2024-01-14 07:45:00,0.20583951436728543,0.06925078940187959,0,0
S1,2024-01-14 08:00:00,0.2062696475379976,0.05178338507702938,0,0
S1,2024-01-14 08:15:00,0.20319945472891168,0.052406373773732466,0,0
S1,2024-01-14 08:30:00,0.25365182015765114,0.04411750838629595,0,0
S1,2024-01-14 08:45:00,0.1622846475430687,0.02779464766621797,0,0
S1,2024-01-14 09:00:00,0.2684292496332576,0.09777172363214148,0,0
S1,2024-01-14 09:15:00,0.23792219008788904,0.028517415365532178,0,0
S1,2024-01-14 09:30:00,0.25539652243407684,0.027995044428698528,0,0
S1,2024-01-14 09:45:00,0.327967712702981,0.05331018592033537,0,0
S1,2024-01-14 10:00:00,0.27297790961026874,0.04796194963913133,0,0
S1,2024-01-14 10:15:00,0.27542647864004977,0.042510108370867036,0,0
S1,2024-01-14 10:30:00,0.3013801120933985,0.09721049712986185,0,0
S1,2024-01-14 10:45:00,0.22932120824632415,0.038801545291878764,0,0
S1,2024-01-14 11:00:00,0.393325732599287,0.10313693370528956,0,0
S1,2024-01-14 11:15:00,0.25637237546701414,0.08867654829130722,0,0
S1,2024-01-14 11:30:00,0.19825680561578024,0.06370612557066825,0,0
S1,2024-01-14 11:45:00,0.1616933321689174,0.039093653034733604,0,0
S1,2024-01-14 12:00:00,0.18035994349890977,0.10226498774055702,0,0
S1,2024-01-14 12:15:00,0.06770713237885506,0.03812644455942298,0,0
S1,2024-01-14 12:30:00,0.13886941345606515,0.06395967109308616,0,0
S1,2024-01-14 12:45:00,0.14365510482786573,0.06747358924929729,0,0
S1,2024-01-14 13:00:00,0.19699073453968796,0.11094436644457704,0,0
S1,2024-01-14 13:15:00,0.10707501027127642,0.06461460964929233,0,0
S1,2024-01-14 13:30:00,0.03800571111820491,0.07228603572138541,0,0
S1,2024-01-14 13:45:00,0.17218081263217347,0.08004751104791052,0,0
S1,2024-01-14 14:00:00,0.11449016132914738,0.07817654631585941,0,0
S1,2024-01-14 14:15:00,0.08741160459148643,0.07711340060343173,0,0
S1,2024-01-14 14:30:00,0.10168619457586366,0.07849286593105118,0,0
S1,2024-01-14 14:45:00,0.1410708756438508,0.0592267047340638,0,0
S1,2024-01-14 15:00:00,0.20888480716912067,0.0718087388052131,0,0
S1,2024-01-14 15:15:00,0.2434124773498828,0.06301528201143188,0,0
S1,2024-01-14 15:30:00,0.09994462073036965,0.04539102154023816,0,0
S1,2024-01-14 15:45:00,0.13175738774704507,0.05835587975194534,0,0
S1,2024-01-14 16:00:00,0.17426581274156852,0.06483293455259169,0,0
S1,2024-01-14 16:15:00,0.19957690526950927,0.08605609669604067,0,0
S1,2024-01-14 16:30:00,0.12227587025967486,0.05743448599107395,0,0
S1,2024-01-14 16:45:00,0.1503809501038972,0.055673207579211896,0,0
S1,2024-01-14 17:00:00,0.16621196984908332,0.025015494905047342,0,0
S1,2024-01-14 17:15:00,0.18941432037183933,0.029750009168680033,0,0
S1,2024-01-14 17:30:00,0.19135574816907877,0.053425186255398195,0,0
S1,2024-01-14 17:45:00,0.3131464351101691,0.09334128824533881,0,0
S1,2024-01-14 18:00:00,0.2085916989670156,0.039104106933007476,0,0
S1,2024-01-14 18:15:00,0.30378852844807225,0.05337539541244383,0,0
S1,2024-01-14 18:30:00,0.25261771002752875,0.05183386282389642,0,0
S1,2024-01-14 18:45:00,0.3200593204561727,0.06216420985145081,0,0
S1,2024-01-14 19:00:00,0.3241669437567367,0.09108790836214617,0,0
S1,2024-01-14 19:15:00,0.2673769864571438,0.05555838940095143,0,0
S1,2024-01-14 19:30:00,0.28275503924747136,0.07739875416565577,0,0
S1,2024-01-14 19:45:00,0.21574528229351633,0.04591831240888932,0,0
S1,2024-01-14 20:00:00,0.255199580512571,0.03600410709405065,0,0
S1,2024-01-14 20:15:00,0.2697392962060055,0.03537017759514629,0,0
S1,2024-01-14 20:30:00,0.36241831360898535,0.050277007844843305,0,0
S1,2024-01-14 20:45:00,0.39818123353943785,0.07617732100651517,0,0
S1,2024-01-14 21:00:00,0.42031420355656585,0.04512279835528644,0,0
S1,2024-01-14 21:15:00,0.33777719309780113,0.05933892444306043,0,0
S1,2024-01-14 21:30:00,0.3588945483552372,0.04294490714707875,0,0
S1,2024-01-14 21:45:00,0.4119010023733429,0.08168774952672962,0,0
S1,2024-01-14 22:00:00,0.2306713746337716,0.034569335155644004,0,0
S1,2024-01-14 22:15:00,0.22099816631758726,0.04125874495630407,0,0
S1,2024-01-14 22:30:00,0.2547201419070876,0.05987108225807582,0,0
S1,2024-01-14 22:45:00,0.22772285517308,0.05402775076135597,0,0
S1,2024-01-14 23:00:00,0.3082760355879865,0.08900861410833304,0,0
S1,2024-01-14 23:15:00,0.280841700907564,0.06660166833628613,0,0
S1,2024-01-14 23:30:00,0.3754437701634436,0.07727129174323188,0,0
S1,2024-01-14 23:45:00,0.20663618714601095,0.0946788558032358,0,0
S1,2024-01-15 00:00:00,0.24672179940284067,0.08992157830919315,0,0
S1,2024-01-15 00:15:00,0.23396859377274293,0.08485962405234845,0,0
S1,2024-01-15 00:30:00,0.24329817487112312,0.1025058826948432,0,0
S1,2024-01-15 00:45:00,0.25328426757029593,0.10270842853797535,0,0
S1,2024-01-15 01:00:00,0.19179929374297283,0.06985066379655815,0,0
S1,2024-01-15 01:15:00,0.20760360564827374,0.10876682082911392,0,0
S1,2024-01-15 01:30:00,0.06536995042615183,0.05902712515654461,0,0
S1,2024-01-15 01:45:00,0.05774106915453684,0.05725184644035564,0,0
S1,2024-01-15 02:00:00,0.0392253385895422,0.05837160555728008,0,0
S1,2024-01-15 02:15:00,0.03384429872010986,0.0658252632100149,0,0
S1,2024-01-15 02:30:00,0.0568335584353391,0.06223473936480235,0,0
S1,2024-01-15 02:45:00,0.11936982552908229,0.08599168880075958,0,0
S1,2024-01-15 03:00:00,0.13167350436927186,0.08818388476695091,0,0
S1,2024-01-15 03:15:00,0.0395937712374233,0.08783067563543807,0,0
S1,2024-01-15 03:30:00,0.11645850382147573,0.08865958054172327,0,0
S1,2024-01-15 03:45:00,0.022731865871358167,0.05579951448850247,0,0
S1,2024-01-15 04:00:00,0.056216575384994985,0.10776984101958728,0,0
S1,2024-01-15 04:15:00,0.0962635973845603,0.05410516193902889,0,0
S1,2024-01-15 04:30:00,0.041142445340086216,0.05534227899821812,0,0
S1,2024-01-15 04:45:00,0.16584888157341313,0.08514747849211589,0,0
S1,2024-01-15 05:00:00,0.026684700892840345,0.05086805601277255,0,0
S1,2024-01-15 05:15:00,0.25752551434700266,0.07609049880150172,0,0
S1,2024-01-15 05:30:00,0.11912845462389036,0.06639659296170732,0,0
S1,2024-01-15 05:45:00,0.15173480412633725,0.06727065466839606,0,0
S1,2024-01-15 06:00:00,0.18182136477077143,0.05470729753120415,0,0
S1,2024-01-15 06:15:00,0.21988296160825216,0.06954193669413357,0,0
S1,2024-01-15 06:30:00,0.14734124973076668,0.03541323418662615,0,0
S1,2024-01-15 06:45:00,0.34365892072274423,0.07290435627044424,0,0
S1,2024-01-15 07:00:00,0.23390910501569065,0.04535390198530657,0,0
S1,2024-01-15 07:15:00,0.31086277299311615,0.08040710753112201,0,0
S1,2024-01-15 07:30:00,0.2907306718793941,0.0535937950843074,0,0
S1,2024-01-15 07:45:00,0.33861885926593477,0.06680074316751138,0,0
S1,2024-01-15 08:00:00,0.39158685067833643,0.0797947279613066,0,0
S1,2024-01-15 08:15:00,0.4262827748518968,0.08599996286296066,0,0
S1,2024-01-15 08:30:00,0.39562255105167277,0.09350337842479603,0,0
S1,2024-01-15 08:45:00,0.43733410191497146,0.08237633569743913,0,0
S1,2024-01-15 09:00:00,0.4240704063314322,0.07096109899400546,0,0
S1,2024-01-15 09:15:00,0.48990284753636565,0.10598256332561004,0,0
S1,2024-01-15 09:30:00,0.409989302557931,0.08593932461261392,0,0
S1,2024-01-15 09:45:00,0.38507452509929974,0.058299243199194606,0,0
S1,2024-01-15 10:00:00,0.45483344337768583,0.059713183513647225,0,0
S1,2024-01-15 10:15:00,0.4560309685804527,0.07123002010449686,0,0
S1,2024-01-15 10:30:00,0.4465265770108586,0.0828095081564591,0,0
S1,2024-01-15 10:45:00,0.43325041946957754,0.04688663478244812,0,0
S1,2024-01-15 11:00:00,0.44637249068827717,0.10922783024676565,0,0
S1,2024-01-15 11:15:00,0.38319854442582263,0.04573517299842035,0,0
S1,2024-01-15 11:30:00,0.2641779943669418,0.025749737126373202,0,0
S1,2024-01-15 11:45:00,0.3293523475566365,0.07966103590705523,0,0
S1,2024-01-15 12:00:00,0.2903868406387327,0.0556305889101484,0,0
S1,2024-01-15 12:15:00,0.26270710786755963,0.05566838216904623,0,0
S1,2024-01-15 12:30:00,0.284956527319584,0.06205425692647135,0,0
S1,2024-01-15 12:45:00,0.26135724320811454,0.03668032864365674,0,0
S1,2024-01-15 13:00:00,0.27685617946361263,0.06757342799552842,0,0
S1,2024-01-15 13:15:00,0.21521846774502637,0.05884694401616826,0,0
S1,2024-01-15 13:30:00,0.11141295096006927,0.07580775152389056,0,0
S1,2024-01-15 13:45:00,0.1563820525038082,0.09927380879622562,0,0
S1,2024-01-15 14:00:00,0.07265721673998952,0.08156598294299158,0,0
S1,2024-01-15 14:15:00,0.07065045819317485,0.07009588254805466,0,0
S1,2024-01-15 14:30:00,0.1456794203443825,0.05652338328741894,0,0
S1,2024-01-15 14:45:00,0.0447925550044285,0.06578075902768139,0,0
S1,2024-01-15 15:00:00,0.0870341285438127,0.08664409528810704,0,0
S1,2024-01-15 15:15:00,0.12737010787887204,0.03017834787469021,0,0
S1,2024-01-15 15:30:00,0.14155903292982905,0.12415311262959625,0,0
S1,2024-01-15 15:45:00,0.17529946972821314,0.07400266358532796,0,0
S1,2024-01-15 16:00:00,0.18354251594949536,0.06046196597049137,0,0
S1,2024-01-15 16:15:00,0.1881560257440369,0.07320942181360651,0,0
S1,2024-01-15 16:30:00,0.17752108462989455,0.05513807628711259,0,0
S1,2024-01-15 16:45:00,0.16281764629919693,0.06568242003588706,0,0
S1,2024-01-15 17:00:00,0.26802523593623623,0.05985463515680564,0,0
S1,2024-01-15 17:15:00,0.2957539281580714,0.052402049235762097,0,0
S1,2024-01-15 17:30:00,0.331554329796898,0.04938638505000928,0,0
S1,2024-01-15 17:45:00,0.36523675058478283,0.05609420033975792,0,0
S1,2024-01-15 18:00:00,0.4137400180679215,0.08746421498665534,0,0
S1,2024-01-15 18:15:00,0.4416004189873259,0.0691888938488027,0,0
S1,2024-01-15 18:30:00,0.5854929917814081,0.09839686291581536,1,0
S1,2024-01-15 18:45:00,0.551268835905944,0.08513349213246417,1,0
S1,2024-01-15 19:00:00,0.6118741045389854,0.11917150365008701,1,0
S1,2024-01-15 19:15:00,0.5649239011067225,0.09387292104598363,1,0
S1,2024-01-15 19:30:00,0.5469326728797189,0.09024459877410199,1,0
S1,2024-01-15 19:45:00,0.5689158489740056,0.10574878763671781,1,0
S1,2024-01-15 20:00:00,0.5590546520041848,0.09683838206284476,1,0
S1,2024-01-15 20:15:00,0.6192792445623998,0.10854672140783296,1,0
S1,2024-01-15 20:30:00,0.6112377413574618,0.1001686769052642,1,0
S1,2024-01-15 20:45:00,0.6140291926837103,0.10037608106748304,1,0
S1,2024-01-15 21:00:00,0.6317940313574296,0.09011417222244243,1,0
S1,2024-01-15 21:15:00,0.578534421466256,0.07093865761866744,1,0
S1,2024-01-15 21:30:00,0.524811299546279,0.09910636414044087,1,0
S1,2024-01-15 21:45:00,0.5005354179834443,0.06761296195406315,1,0
S1,2024-01-15 22:00:00,0.5063945780871908,0.07930131359792797,1,0
S1,2024-01-15 22:15:00,0.408458479874467,0.04862421988721887,0,0
S1,2024-01-15 22:30:00,0.4943855261431993,0.07983999327543963,0,0
S1,2024-01-15 22:45:00,0.41342173306771485,0.06854847379982787,0,0
S1,2024-01-15 23:00:00,0.40711783852457784,0.050758638045287456,0,0
S1,2024-01-15 23:15:00,0.4686231061763196,0.08471336712654111,0,0
S1,2024-01-15 23:30:00,0.4416793053428896,0.07548984899592699,0,0
S1,2024-01-15 23:45:00,0.4974732860201868,0.11188387498660471,0,0
S1,2024-01-16 00:00:00,0.5454806021341011,0.07395932376088647,1,0
S1,2024-01-16 00:15:00,0.6412820556357225,0.11074136949208757,1,0
S1,2024-01-16 00:30:00,0.5882808365262773,0.10074109552918371,1,0
S1,2024-01-16 00:45:00,0.47349542836299063,0.06143203334777724,0,0
S1,2024-01-16 01:00:00,0.4319421802799341,0.10326186308276453,0,0
S1,2024-01-16 01:15:00,0.2882508237485716,0.09691219775856198,0,0
S1,2024-01-16 01:30:00,0.2052177693033768,0.09281944654264472,0,0
S1,2024-01-16 01:45:00,0.08899908042004692,0.07938496802528898,0,0
S1,2024-01-16 02:00:00,0.03266762893014689,0.07798316756527353,0,0
S1,2024-01-16 02:15:00,0.24118645979941897,0.09956716863265802,0,0
S1,2024-01-16 02:30:00,0.133817368361915,0.061382021160222504,0,0
S1,2024-01-16 02:45:00,0.14374812607985255,0.1113649638833552,0,0
S1,2024-01-16 03:00:00,0.08601182259162812,0.06982907708707348,0,0
S1,2024-01-16 03:15:00,0.05392205195427751,0.06618886640973162,0,0
S1,2024-01-16 03:30:00,0.11295668485757128,0.10424305831521122,0,0
S1,2024-01-16 03:45:00,0.09082910484566872,0.08682330693008943,0,0
S1,2024-01-16 04:00:00,0.14568575562131308,0.09457583081284317,0,0
S1,2024-01-16 04:15:00,0.14387817399624994,0.07637459788581927,0,0
S1,2024-01-16 04:30:00,0.06920827614387903,0.03302745381425777,0,0
S1,2024-01-16 04:45:00,0.2264981478684509,0.1081345232306478,0,0
S1,2024-01-16 05:00:00,0.2129018181560632,0.07346467074521656,0,0
S1,2024-01-16 05:15:00,0.15753660099184913,0.04985263984777312,0,0
S1,2024-01-16 05:30:00,0.25608549609262454,0.08644233986914487,0,0
S1,2024-01-16 05:45:00,0.17933254418364802,0.056797882216333646,0,0
S1,2024-01-16 06:00:00,0.2898885585534166,0.08697678058321574,0,0
S1,2024-01-16 06:15:00,0.26839056694946867,0.07251630816793324,0,0
S1,2024-01-16 06:30:00,0.3071264620130698,0.04787891969011183,0,0
S1,2024-01-16 06:45:00,0.21453728026342458,0.03455840129565595,0,0
S1,2024-01-16 07:00:00,0.25426892684624913,0.07399591436926406,0,0
S1,2024-01-16 07:15:00,0.24469476721628594,0.0694010253154188,0,0
S1,2024-01-16 07:30:00,0.2592480239856018,0.08339067985027761,0,0
S1,2024-01-16 07:45:00,0.26661534969084894,0.055991689718985105,0,0
S1,2024-01-16 08:00:00,0.31821232796954785,0.09664187044083195,0,0
S1,2024-01-16 08:15:00,0.35968025316286234,0.06388260678181829,0,0
S1,2024-01-16 08:30:00,0.39914735932737344,0.09570247618250159,0,0
S1,2024-01-16 08:45:00,0.43108084223077403,0.09134610556927092,0,0
S1,2024-01-16 09:00:00,0.4064252657322504,0.06356551179139835,0,0
S1,2024-01-16 09:15:00,0.36718856992652826,0.06341696232152899,0,0
S1,2024-01-16 09:30:00,0.43466931633671047,0.06143835202206299,0,0
S1,2024-01-16 09:45:00,0.531272575238372,0.08713415022865374,1,0
S1,2024-01-16 10:00:00,0.4072256276558891,0.06002849763219776,0,0
S1,2024-01-16 10:15:00,0.4324603543735179,0.06824890042355382,0,0
S1,2024-01-16 10:30:00,0.3818065413833741,0.07602543891049654,0,0
S1,2024-01-16 10:45:00,0.43546443569548715,0.06471054588536364,0,0
S1,2024-01-16 11:00:00,0.4008111248482252,0.08062914420136218,0,0
S1,2024-01-16 11:15:00,0.27406835261173645,0.030775817661054,0,0
S1,2024-01-16 11:30:00,0.2991266904974217,0.046855461056945366,0,0
S1,2024-01-16 11:45:00,0.26371053457138977,0.04528382923800073,0,0
S1,2024-01-16 12:00:00,0.2627420606644055,0.06059533102349718,0,0
S1,2024-01-16 12:15:00,0.25118677179153814,0.03845799650370473,0,0
S1,2024-01-16 12:30:00,0.2753240617252833,0.07808895267574284,0,0
S1,2024-01-16 12:45:00,0.2708290698789844,0.038682285774184796,0,0
S1,2024-01-16 13:00:00,0.3054750642775854,0.0773800189096859,0,0
S1,2024-01-16 13:15:00,0.1580940453906088,0.03979227773178967,0,0
S1,2024-01-16 13:30:00,0.15146206399623666,0.04599380992805815,0,0
S1,2024-01-16 13:45:00,0.19720071279712867,0.0921058250083822,0,0
S1,2024-01-16 14:00:00,0.20073187220040029,0.07457528562293915,0,0
S1,2024-01-16 14:15:00,0.1005723293185537,0.05355977872778897,0,0
S1,2024-01-16 14:30:00,0.3354957248544008,0.06131499893416469,0,0
S1,2024-01-16 14:45:00,0.0861393374499752,0.06743214684792345,0,0
S1,2024-01-16 15:00:00,0.10089680420047539,0.07782328372425816,0,0
S1,2024-01-16 15:15:00,0.17190288481253804,0.04843504913075281,0,0
S1,2024-01-16 15:30:00,0.11381703352551918,0.05827173340913129,0,0
S1,2024-01-16 15:45:00,0.10202126390950757,0.03280575747993385,0,0
S1,2024-01-16 16:00:00,0.15268801000906276,0.10478708898343099,0,0
S1,2024-01-16 16:15:00,0.12208144670854476,0.07303059982086228,0,0
S1,2024-01-16 16:30:00,0.12741237771815603,0.04914497447024274,0,0
S1,2024-01-16 16:45:00,0.24884830760817592,0.04882785555150064,0,0
S1,2024-01-16 17:00:00,0.27327088416783796,0.08615693593034572,0,0
S1,2024-01-16 17:15:00,0.2855828922504562,0.05807714036098407,0,0
S1,2024-01-16 17:30:00,0.22781322693208733,0.057028632973664076,0,0
S1,2024-01-16 17:45:00,0.29193672606761895,0.07687019473013625,0,0
S1,2024-01-16 18:00:00,0.39178224764846376,0.07140998800331416,0,0
S1,2024-01-16 18:15:00,0.32129538229599086,0.07764675135584359,0,0
S1,2024-01-16 18:30:00,0.377572450547372,0.0693569944065698,0,0
S1,2024-01-16 18:45:00,0.5581882008636785,0.10882898007187994,1,0
S1,2024-01-16 19:00:00,0.4876006401261389,0.08370997490726884,0,0
S1,2024-01-16 19:15:00,0.4633848969974117,0.0862489889895982,0,0
S1,2024-01-16 19:30:00,0.4404491332555013,0.09534907063846214,0,0
S1,2024-01-16 19:45:00,0.5006686811928034,0.09924990947068588,1,0
S1,2024-01-16 20:00:00,0.5394232676258344,0.10384931488790305,1,0
S1,2024-01-16 20:15:00,0.5366734321077803,0.09168965871401076,1,0
S1,2024-01-16 20:30:00,0.6802602220422274,0.1074674867852605,1,0
S1,2024-01-16 20:45:00,0.6479272090840379,0.10526555982344633,1,0
S1,2024-01-16 21:00:00,0.6033213619939154,0.10683602017517603,1,0
S1,2024-01-16 21:15:00,0.5720033271598893,0.08511812327555418,1,0
S1,2024-01-16 21:30:00,0.540731957797748,0.09317282033160605,1,0
S1,2024-01-16 21:45:00,0.5791935440571959,0.08777460373540423,1,0
S1,2024-01-16 22:00:00,0.46005438577442037,0.07895751164085472,0,0
S1,2024-01-16 22:15:00,0.4901359044171439,0.05028997242427261,0,0
S1,2024-01-16 22:30:00,0.5026845169277565,0.0786288117235629,1,0
S1,2024-01-16 22:45:00,0.4230025554715115,0.02589908287724091,0,0
S1,2024-01-16 23:00:00,0.4867120631030581,0.06994913821146556,0,0
S1,2024-01-16 23:15:00,0.38299428673470387,0.026270900219539987,0,0
S1,2024-01-16 23:30:00,0.3089368287215813,0.03993462475310606,0,0
S1,2024-01-16 23:45:00,0.2918956087648292,0.034010190707467795,0,0
S1,2024-01-17 00:00:00,0.5691373591588874,0.10551617629445886,1,0
S1,2024-01-17 00:15:00,0.5002382958293735,0.058598510741548905,1,0
S1,2024-01-17 00:30:00,0.5395556030296212,0.08333209369147052,1,0
S1,2024-01-17 00:45:00,0.42978394732565944,0.06280939710632444,0,0
S1,2024-01-17 01:00:00,0.3548693335252201,0.06434990646001905,0,0
S1,2024-01-17 01:15:00,0.22426799430649752,0.05586495503112916,0,0
S1,2024-01-17 01:30:00,0.2068812279910435,0.10801772495045273,0,0
S1,2024-01-17 01:45:00,0.03001883900519177,0.0578638076432435,0,0
S1,2024-01-17 02:00:00,0.10345661142474455,0.07293842685325576,0,0
S1,2024-01-17 02:15:00,0.16983443971538084,0.11320481195669847,0,0
S1,2024-01-17 02:30:00,0.08350410335782318,0.08184164949944799,0,0
S1,2024-01-17 02:45:00,0.06041396697361567,0.06875666272094694,0,0
S1,2024-01-17 03:00:00,0.19169912609223402,0.12069708207221394,0,0
S1,2024-01-17 03:15:00,0.04636845289637026,0.051803292462605295,0,0
S1,2024-01-17 03:30:00,0.0745223223004293,0.05672786958388619,0,0
S1,2024-01-17 03:45:00,0.07415775798986288,0.06043887838555114,0,0
S1,2024-01-17 04:00:00,0.11574658681898975,0.07605539404237979,0,0
S1,2024-01-17 04:15:00,0.1400999947893706,0.053523311670879835,0,0
S1,2024-01-17 04:30:00,0.09676551704942969,0.04952090442936741,0,0
S1,2024-01-17 04:45:00,0.11940795671174657,0.07705366820001777,0,0
S1,2024-01-17 05:00:00,0.1701582337342345,0.059191717170621945,0,0
S1,2024-01-17 05:15:00,0.17028330965499033,0.048562151356232354,0,0
S1,2024-01-17 05:30:00,0.24801363514095198,0.08417340982800127,0,0
S1,2024-01-17 05:45:00,0.23872575510896,0.04363931273230276,0,0
S1,2024-01-17 06:00:00,0.15676294068301663,0.047666279494401546,0,0
S1,2024-01-17 06:15:00,0.21800015595483138,0.12024688138898168,0,0
S1,2024-01-17 06:30:00,0.25373407524213615,0.0753607300273507,0,0
S1,2024-01-17 06:45:00,0.21863398916878302,0.0753607300273507,0,0
S1,2024-01-17 07:00:00,0.21850881684536383,0.0428148158103826,0,0
S1,2024-01-17 07:15:00,0.20204332584435802,0.05470835182904726,0,0
S1,2024-01-17 07:30:00,0.288870653414917,0.07547961828841168,0,0
S1,2024-01-17 07:45:00,0.39823548921894436,0.09450580750244952,0,0
S1,2024-01-17 08:00:00,0.3712009253268631,0.09450580750244952,0,0
S1,2024-01-17 08:15:00,0.34945732185022715,0.08914134249006594,0,0
S1,2024-01-17 08:30:00,0.456626993046858,0.10882050259955739,0,0
S1,2024-01-17 08:45:00,0.46442985094341843,0.11297702567587165,0,0
S1,2024-01-17 09:00:00,0.4269022448940233,0.1044041466240502,0,0
S1,2024-01-17 09:15:00,0.4951884833350043,0.08643641980558128,0,0
S1,2024-01-17 09:30:00,0.5402786149422673,0.07894372030712528,1,0
S1,2024-01-17 09:45:00,0.4316274375482258,0.06905415603664458,0,0
S1,2024-01-17 10:00:00,0.505806587896717,0.061910876948592534,1,0
S1,2024-01-17 10:15:00,0.47994994165287175,0.06284279810994388,0,0
S1,2024-01-17 10:30:00,0.3470164941092247,0.05126545461163881,0,0
S1,2024-01-17 10:45:00,0.3481941882174792,0.0504226184097409,0,0
S1,2024-01-17 11:00:00,0.33290682897795765,0.053589679865351465,0,0
S1,2024-01-17 11:15:00,0.3250546084461501,0.053589679865351465,0,0
S1,2024-01-17 11:30:00,0.292449671471328,0.05505978424476089,0,0
S1,2024-01-17 11:45:00,0.34921148337130736,0.12460016240992217,0,0
S1,2024-01-17 12:00:00,0.2841262115085301,0.09622755759969746,0,0
S1,2024-01-17 12:15:00,0.2211037548728032,0.048371661735322834,0,0
S1,2024-01-17 12:30:00,0.19899711759467037,0.05243321743246258,0,0
S1,2024-01-17 12:45:00,0.21286956340711474,0.03501156466562715,0,0
S1,2024-01-17 13:00:00,0.15929833130441237,0.04483597113029484,0,0
S1,2024-01-17 13:15:00,0.1608302300005679,0.05482081756528853,0,0
S1,2024-01-17 13:30:00,0.1579931342502272,0.04544858716830565,0,0
S1,2024-01-17 13:45:00,0.18398103839499902,0.08245775434291952,0,0
S1,2024-01-17 14:00:00,0.14974663574550237,0.07661715198480822,0,0
S1,2024-01-17 14:15:00,0.16681294429504676,0.05961545948780686,0,0
S1,2024-01-17 14:30:00,0.21816141741239162,0.07971890562664813,0,0
S1,2024-01-17 14:45:00,0.08499161660453315,0.08528735131441184,0,0
S1,2024-01-17 15:00:00,0.028775743171174623,0.04888409878203717,0,0
S1,2024-01-17 15:15:00,0.09449699807422954,0.07735667115415298,0,0
S1,2024-01-17 15:30:00,0.1356172369305343,0.07340543289691157,0,0
S1,2024-01-17 15:45:00,0.2198058926183116,0.045016640443576436,0,0
S1,2024-01-17 16:00:00,0.09678358982537785,0.02832004698434012,0,0
S1,2024-01-17 16:15:00,0.09174460916924458,0.06546182363745147,0,0
S1,2024-01-17 16:30:00,0.054770286065035145,0.04339220123886929,0,0
S1,2024-01-17 16:45:00,0.16915415399910624,0.047671485315342106,0,0
S1,2024-01-17 17:00:00,0.12348853638660173,0.038889231449225264,0,0
S1,2024-01-17 17:15:00,0.3198567891934731,0.07714034792888282,0,0
S1,2024-01-17 17:30:00,0.21334589684921637,0.040471908117244534,0,0
S1,2024-01-17 17:45:00,0.24851061441718142,0.056268468131165296,0,0
S1,2024-01-17 18:00:00,0.4053596476773628,0.06354193552280203,0,0
S1,2024-01-17 18:15:00,0.4443873540176996,0.09274004088560436,0,0
S1,2024-01-17 18:30:00,0.4666198475798494,0.08655425340448675,0,0
S1,2024-01-17 18:45:00,0.6100616650510062,0.10240953044202177,1,0
S1,2024-01-17 19:00:00,0.5055438790000005,0.08317961264434591,1,0
S1,2024-01-17 19:15:00,0.57852835131573,0.10886748782019845,1,0
S1,2024-01-17 19:30:00,0.5939996068178247,0.12848404554783427,1,0
S1,2024-01-17 19:45:00,0.6550837160923185,0.127255679592158,1,0
S1,2024-01-17 20:00:00,0.4749110589699769,0.11041893181679742,0,0
S1,2024-01-17 20:15:00,0.5517646677039884,0.09148947730641896,1,0
S1,2024-01-17 20:30:00,0.484818934396955,0.08781773682158783,0,0
S1,2024-01-17 20:45:00,0.5268858520605091,0.09327430000640867,1,0
S1,2024-01-17 21:00:00,0.6475735892547805,0.12560884969782626,1,0
S1,2024-01-17 21:15:00,0.6343819328468251,0.1066195119638059,1,0
S1,2024-01-17 21:30:00,0.5442670022841054,0.08382190924465807,1,0
S1,2024-01-17 21:45:00,0.5099504816872608,0.08661003272269602,1,0
S1,2024-01-17 22:00:00,0.47230478529076597,0.060444186260325584,0,0
S1,2024-01-17 22:15:00,0.4543527297801052,0.049802572092549666,0,0
S1,2024-01-17 22:30:00,0.420100656180992,0.05520201812007149,0,0
S1,2024-01-17 22:45:00,0.4289067360808338,0.04579086289521773,0,0
S1,2024-01-17 23:00:00,0.430348968206832,0.06807205231605322,0,0
S1,2024-01-17 23:15:00,0.4387491878683213,0.04840607518920398,0,0
S1,2024-01-17 23:30:00,0.35647730127229627,0.07408294257066252,0,0
S1,2024-01-17 23:45:00,0.3536262313255883,0.06577684080691047,0,0
S1,2024-01-18 00:00:00,0.6001424833201755,0.08281200795299608,1,0
S1,2024-01-18 00:15:00,0.5607221167909968,0.06870520141510918,1,0
S1,2024-01-18 00:30:00,0.5814177641262657,0.09175260601022521,1,0
S1,2024-01-18 00:45:00,0.4718506487738265,0.07695006921711028,0,0
S1,2024-01-18 01:00:00,0.3503452237283142,0.09124453368648755,0,0
S1,2024-01-18 01:15:00,0.3006973166567413,0.07750084181286473,0,0
S1,2024-01-18 01:30:00,0.1775110013211567,0.10722272377540798,0,0
S1,2024-01-18 01:45:00,0.08290802597234322,0.07479398073604729,0,0
S1,2024-01-18 02:00:00,0.11725164450262031,0.1042537904193969,0,0
S1,2024-01-18 02:15:00,0.011292781911058633,0.08761943629418197,0,0
S1,2024-01-18 02:30:00,0.010610235874211253,0.057653997517388075,0,0
S1,2024-01-18 02:45:00,0.13204383919323215,0.07521326848355218,0,0
S1,2024-01-18 03:00:00,0.07929434698178969,0.07637227585264732,0,0
S1,2024-01-18 03:15:00,0.002877787748044766,0.04593589738235079,0,0
S1,2024-01-18 03:30:00,0.08583785042624278,0.09941283463210145,0,0
S1,2024-01-18 03:45:00,0.03963175392285083,0.049737844999170173,0,0
S1,2024-01-18 04:00:00,0.06913251818378768,0.0758476908431072,0,0
S1,2024-01-18 04:15:00,0.028099135554901577,0.07180328153295717,0,0
S1,2024-01-18 04:30:00,0.12062739909016,0.06216648173375178,0,0
S1,2024-01-18 04:45:00,0.08398797696890248,0.04550871564312375,0,0
S1,2024-01-18 05:00:00,0.09041134227919882,0.061490052964829414,0,0
S1,2024-01-18 05:15:00,0.10869339784175572,0.06050168544119562,0,0
S1,2024-01-18 05:30:00,0.10690839979855132,0.06847755177228194,0,0
S1,2024-01-18 05:45:00,0.15593095331447543,0.05149609682468302,0,0
S1,2024-01-18 06:00:00,0.10390900998324522,0.0472086719259847,0,0
S1,2024-01-18 06:15:00,0.19262954721750908,0.064360631186525,0,0
S1,2024-01-18 06:30:00,0.15816501332074112,0.03676920105032988,0,0
S1,2024-01-18 06:45:00,0.2757348160921486,0.048098639208296906,0,0
S1,2024-01-18 07:00:00,0.2161281588989584,0.048098639208296906,0,0
S1,2024-01-18 07:15:00,0.2847401881540133,0.060923451287664,0,0
S1,2024-01-18 07:30:00,0.2996808222655727,0.05341292388148811,0,0
S1,2024-01-18 07:45:00,0.37215603587960067,0.09106819696670133,0,0
S1,2024-01-18 08:00:00,0.3003347872776878,0.05869837251106636,0,0
S1,2024-01-18 08:15:00,0.38705759406018936,0.06258660196700018,0,0
S1,2024-01-18 08:30:00,0.48184035366625827,0.09677966197789872,0,0
S1,2024-01-18 08:45:00,0.35763035874599136,0.06264821249106862,0,0
S1,2024-01-18 09:00:00,0.4180404532711906,0.07777514144243633,0,0
S1,2024-01-18 09:15:00,0.4851551394365792,0.12736135339213514,0,0
S1,2024-01-18 09:30:00,0.4630612679385471,0.07135285241324779,0,0
S1,2024-01-18 09:45:00,0.44169049644058456,0.12092399975372381,0,0
S1,2024-01-18 10:00:00,0.5005127369925808,0.08595936032314255,1,0
S1,2024-01-18 10:15:00,0.49370924271809213,0.12310391186858012,0,0
S1,2024-01-18 10:30:00,0.42361394380844175,0.06352966177447977,0,0
S1,2024-01-18 10:45:00,0.4230732545941669,0.03803588400426127,0,0
S1,2024-01-18 11:00:00,0.34635162126873525,0.06030411020989132,0,0
S1,2024-01-18 11:15:00,0.4005490991357241,0.09423490479722349,0,0
S1,2024-01-18 11:30:00,0.32834575836022095,0.05206216087551308,0,0
S1,2024-01-18 11:45:00,0.32961541053309573,0.03814010536888282,0,0
S1,2024-01-18 12:00:00,0.3364535726591239,0.06630893297827035,0,0
S1,2024-01-18 12:15:00,0.2530063693433658,0.06390710273322821,0,0
S1,2024-01-18 12:30:00,0.24153088877309817,0.06610981486007263,0,0
S1,2024-01-18 12:45:00,0.19773833177414218,0.06199396812663184,0,0
S1,2024-01-18 13:00:00,0.17357752526814574,0.07009472074901414,0,0
S1,2024-01-18 13:15:00,0.1590326233356868,0.061808448716011655,0,0
S1,2024-01-18 13:30:00,0.15999300029166122,0.0760062743524814,0,0
S1,2024-01-18 13:45:00,0.11515733734274149,0.059903149608627346,0,0
S1,2024-01-18 14:00:00,0.01790797364550912,0.03558562302221743,0,0
S1,2024-01-18 14:15:00,0.12300323235480635,0.0783430695648328,0,0
S1,2024-01-18 14:30:00,0.12839521024739933,0.05343204096825605,0,0
S1,2024-01-18 14:45:00,0.052943360280725625,0.03895221727835054,0,0
S1,2024-01-18 15:00:00,0.23981776931228785,0.09505500952130141,0,0
S1,2024-01-18 15:15:00,0.20043149861318937,0.08261773501577933,0,0
S1,2024-01-18 15:30:00,0.10411678818282068,0.06580183489150354,0,0
S1,2024-01-18 15:45:00,0.1233703570451023,0.06056318980265833,0,0
S1,2024-01-18 16:00:00,0.08895112801519642,0.046511898525166906,0,0
S1,2024-01-18 16:15:00,0.12886039980535177,0.04777636599471599,0,0
S1,2024-01-18 16:30:00,0.10815311231563682,0.032299951897971864,0,0
S1,2024-01-18 16:45:00,0.26100968253934914,0.06064377708780335,0,0
S1,2024-01-18 17:00:00,0.23974724454068302,0.053684491219882974,0,0
S1,2024-01-18 17:15:00,0.35495142365529186,0.07127731517997668,0,0
S1,2024-01-18 17:30:00,0.25029801171040755,0.08110996580896579,0,0
S1,2024-01-18 17:45:00,0.26784352754779617,0.06078946373814573,0,0
S1,2024-01-18 18:00:00,0.4458036630981334,0.08961590977362147,0,0
S1,2024-01-18 18:15:00,0.41956768006921785,0.07689416329378158,0,0
S1,2024-01-18 18:30:00,0.47946719042274866,0.09306736478335302,0,0
S1,2024-01-18 18:45:00,0.48201899821166744,0.07607645398059007,0,0
S1,2024-01-18 19:00:00,0.577980298826358,0.11010345980048514,1,0
S1,2024-01-18 19:15:00,0.5280263841290259,0.10391145069211351,1,0
S1,2024-01-18 19:30:00,0.6075864765234649,0.1299264347305551,1,0
S1,2024-01-18 19:45:00,0.5112445517844183,0.09890888824679195,1,0
S1,2024-01-18 20:00:00,0.5922358779041764,0.10992722330580768,1,0
S1,2024-01-18 20:15:00,0.567468229506789,0.09681188452196676,1,0
S1,2024-01-18 20:30:00,0.5819783679962257,0.12080889903046166,1,0
S1,2024-01-18 20:45:00,0.5028851661679036,0.08495849460178746,1,0
S1,2024-01-18 21:00:00,0.6229491626863791,0.10685669822872293,1,0
S1,2024-01-18 21:15:00,0.5449113665170047,0.0854062466541273,1,0
S1,2024-01-18 21:30:00,0.5981348303912668,0.11653125275582481,1,0
S1,2024-01-18 21:45:00,0.5745424015773094,0.11734225830625783,1,0
S1,2024-01-18 22:00:00,0.5318704947464409,0.08973761370271438,1,0
S1,2024-01-18 22:15:00,0.45899420199017377,0.07637383906381508,0,0
S1,2024-01-18 22:30:00,0.5261643324545947,0.09608305800754448,1,0
S1,2024-01-18 22:45:00,0.5474657078541356,0.07352391327990553,1,0
S1,2024-01-18 23:00:00,0.5253846436771287,0.06645731165831073,1,0
S1,2024-01-18 23:15:00,0.5004761699167942,0.03375867992715495,1,0
S1,2024-01-18 23:30:00,0.4175371717416902,0.05272178763416718,0,0
S1,2024-01-18 23:45:00,0.436596353332677,0.05263529967537969,0,0
S1,2024-01-19 00:00:00,0.6625215279684578,0.0829607039761832,1,0
S1,2024-01-19 00:15:00,0.6452850400231527,0.10216265777834903,1,0
S1,2024-01-19 00:30:00,0.5237871332610665,0.08353314961721212,1,0
S1,2024-01-19 00:45:00,0.41723318759000017,0.06718677603153946,0,0
S1,2024-01-19 01:00:00,0.39562791118806756,0.12150069282726084,0,0
S1,2024-01-19 01:15:00,0.29987399758033645,0.1099624161535889,0,0
S1,2024-01-19 01:30:00,0.15716409482065496,0.06740329640201352,0,0
S1,2024-01-19 01:45:00,0.12176755358854911,0.08250374711676724,0,0
S1,2024-01-19 02:00:00,0.15207533465836157,0.05528205044492306,0,0
S1,2024-01-19 02:15:00,0.1061473746213053,0.07812966277198535,0,0
S1,2024-01-19 02:30:00,0.07551516772835289,0.08347728911880857,0,0
S1,2024-01-19 02:45:00,0.14557446895855605,0.0873526780028297,0,0
S1,2024-01-19 03:00:00,0.0844993403800504,0.1012705113020101,0,0
S1,2024-01-19 03:15:00,0.004931429944409717,0.05225494995192866,0,0
S1,2024-01-19 03:30:00,0.1563166727440674,0.06654554821982125,0,0
S1,2024-01-19 03:45:00,0.07177866911940156,0.049810761943236206,0,0
S1,2024-01-19 04:00:00,0.16868653725583713,0.0842984823019586,0,0
S1,2024-01-19 04:15:00,0.12571683560291227,0.0842984823019586,0,0
S1,2024-01-19 04:30:00,0.08018856663467043,0.04710642059331451,0,0
S1,2024-01-19 04:45:00,0.11355557694284409,0.07060245116868354,0,0
S1,2024-01-19 05:00:00,0.0983062799327388,0.06670909524739853,0,0
S1,2024-01-19 05:15:00,0.20935173454006906,0.0907626846470726,0,0
S1,2024-01-19 05:30:00,0.13904579022057667,0.0521884363714432,0,0
S1,2024-01-19 05:45:00,0.15369105236780292,0.08404248047154332,0,0
S1,2024-01-19 06:00:00,0.07799491435480439,0.038198601610659494,0,0
S1,2024-01-19 06:15:00,0.08893812722719403,0.035988931952785554,0,0
S1,2024-01-19 06:30:00,0.1437393336764359,0.049065330916776125,0,0
S1,2024-01-19 06:45:00,0.20636514861169494,0.07357841833681507,0,0
S1,2024-01-19 07:00:00,0.254577613135453,0.08054247273894773,0,0
S1,2024-01-19 07:15:00,0.26367150071660056,0.06525806056541755,0,0
S1,2024-01-19 07:30:00,0.4148776707554927,0.11219086007326114,0,0
S1,2024-01-19 07:45:00,0.3550789587271863,0.06322406757635489,0,0
S1,2024-01-19 08:00:00,0.4129098721563613,0.06154622956219405,0,0
S1,2024-01-19 08:15:00,0.31321119321268465,0.08369380697296001,0,0
S1,2024-01-19 08:30:00,0.4194309028102906,0.1002226625273505,0,0
S1,2024-01-19 08:45:00,0.38845921470333983,0.06954109108789723,0,0
S1,2024-01-19 09:00:00,0.4717122645993469,0.08649402005614884,0,0
S1,2024-01-19 09:15:00,0.4828244048885695,0.08783279709524584,0,0
S1,2024-01-19 09:30:00,0.33653804740559895,0.06560559315605692,0,0
S1,2024-01-19 09:45:00,0.33623431813462984,0.06518005448272564,0,0
S1,2024-01-19 10:00:00,0.34479389755695455,0.08378718549339213,0,0
S1,2024-01-19 10:15:00,0.4148994860290927,0.1262526365042443,0,0
S1,2024-01-19 10:30:00,0.43522865901882657,0.09030963450460135,0,0
S1,2024-01-19 10:45:00,0.4883882799033071,0.07607454698485908,0,0
S1,2024-01-19 11:00:00,0.3475604420524498,0.04048023875486497,0,0
S1,2024-01-19 11:15:00,0.35859952523411365,0.04442646493375,0,0
S1,2024-01-19 11:30:00,0.3730503211189569,0.06763345232180903,0,0
S1,2024-01-19 11:45:00,0.3098326266641551,0.044605394517461955,0,0
S1,2024-01-19 12:00:00,0.351697711303929,0.06531117971842935,0,0
S1,2024-01-19 12:15:00,0.2798331066557062,0.06778009734225711,0,0
S1,2024-01-19 12:30:00,0.18170761350178496,0.04841805802669321,0,0
S1,2024-01-19 12:45:00,0.15044661790601568,0.05111416635856665,0,0
S1,2024-01-19 13:00:00,0.1387571729157475,0.03864598242603147,0,0
S1,2024-01-19 13:15:00,0.19521442223416668,0.07507288207251908,0,0
S1,2024-01-19 13:30:00,0.22810380301196587,0.07771791847877228,0,0
S1,2024-01-19 13:45:00,0.1381646366841196,0.06824469224903343,0,0
S1,2024-01-19 14:00:00,0.180753214576731,0.09817835192695647,0,0
S1,2024-01-19 14:15:00,0.0627009406386458,0.08008294209342832,0,0
S1,2024-01-19 14:30:00,0.03720138924500625,0.06238470151232436,0,0
S1,2024-01-19 14:45:00,0.03601667719616453,0.06725227526604165,0,0
S1,2024-01-19 15:00:00,0.0927262606160918,0.053914647261419923,0,0
S1,2024-01-19 15:15:00,0.03747437113753862,0.049297873328807966,0,0
S1,2024-01-19 15:30:00,0.09974869025309874,0.0453492998507497,0,0
S1,2024-01-19 15:45:00,0.0514622141423933,0.03238200707456664,0,0
S1,2024-01-19 16:00:00,0.16959958101741018,0.05653173101951069,0,0
S1,2024-01-19 16:15:00,0.10843200625923595,0.03974600579880767,0,0
S1,2024-01-19 16:30:00,0.13910778288380335,0.05149564949434418,0,0
S1,2024-01-19 16:45:00,0.1929793262198191,0.06066492499726277,0,0
S1,2024-01-19 17:00:00,0.29491170354403456,0.10286925548370947,0,0
S1,2024-01-19 17:15:00,0.19764918810264365,0.049812365403337965,0,0
S1,2024-01-19 17:30:00,0.2874371548849273,0.04910170220234053,0,0
S1,2024-01-19 17:45:00,0.3515703481827797,0.07668081948842155,0,0
S1,2024-01-19 18:00:00,0.28193662650925394,0.06078790069563306,0,0
S1,2024-01-19 18:15:00,0.3839096941224422,0.0625712110504862,0,0
S1,2024-01-19 18:30:00,0.4007908501083702,0.0980156605024124,0,0
S1,2024-01-19 18:45:00,0.39154814936803556,0.08721634044118522,0,0
S1,2024-01-19 19:00:00,0.5694980177088342,0.09032163413762603,1,0
S1,2024-01-19 19:15:00,0.6503785515381946,0.11586073466480676,1,0
S1,2024-01-19 19:30:00,0.5613580839816751,0.11868236284409203,1,0
S1,2024-01-19 19:45:00,0.5311713919505174,0.12215532481330561,1,0
S1,2024-01-19 20:00:00,0.5764937814813682,0.11502596241917572,1,0
S1,2024-01-19 20:15:00,0.530661674936984,0.08627879952430162,1,0
S1,2024-01-19 20:30:00,0.5968537012537062,0.11013447020451399,1,0
S1,2024-01-19 20:45:00,0.5964038663192184,0.10022043516574375,1,0
S1,2024-01-19 21:00:00,0.5852448864312289,0.07584588555351669,1,0
S1,2024-01-19 21:15:00,0.5105962103623272,0.10773283827627582,1,0
S1,2024-01-19 21:30:00,0.5804334707963249,0.0864371124712858,1,0
S1,2024-01-19 21:45:00,0.5792029854934532,0.0899536621502537,1,0
S1,2024-01-19 22:00:00,0.5900696875305654,0.06434527769255027,1,0
S1,2024-01-19 22:15:00,0.575511641804438,0.06109724877623097,1,0
S1,2024-01-19 22:30:00,0.44492338914224394,0.05665672774574676,0,0
S1,2024-01-19 22:45:00,0.4010935770260536,0.04820586516332895,0,0
S1,2024-01-19 23:00:00,0.5151449949485567,0.0886230507347086,1,0
S1,2024-01-19 23:15:00,0.38694781864679256,0.0668466989753866,0,0
S1,2024-01-19 23:30:00,0.3477577089672467,0.029884020280556343,0,0
S1,2024-01-19 23:45:00,0.47799542123366334,0.09085968388329997,0,0
S1,2024-01-20 00:00:00,0.6244926542382758,0.09269526528123967,1,0
S1,2024-01-20 00:15:00,0.58837055847794,0.06999696968571158,1,0
S1,2024-01-20 00:30:00,0.6056633223671148,0.09473170163306305,1,0
S1,2024-01-20 00:45:00,0.5957960956260806,0.09823057329950222,1,0
S1,2024-01-20 01:00:00,0.4458690283707159,0.08666383874673038,0,0
S1,2024-01-20 01:15:00,0.39227288470573723,0.10662307081657142,0,0
S1,2024-01-20 01:30:00,0.29744285394430814,0.0913939329318536,0,0
S1,2024-01-20 01:45:00,0.1587315192753197,0.10690598520146205,0,0
S1,2024-01-20 02:00:00,0.19943589145416316,0.11401542829476757,0,0
S1,2024-01-20 02:15:00,0.22579202124558065,0.09964828066778977,0,0
S1,2024-01-20 02:30:00,0.14694758778833078,0.07869753343856455,0,0
S1,2024-01-20 02:45:00,0.19201124961408506,0.08355394520146942,0,0
S1,2024-01-20 03:00:00,0.16325375973531567,0.07466529024828931,0,0
S1,2024-01-20 03:15:00,0.1793227805553277,0.07205683260252882,0,0
S1,2024-01-20 03:30:00,0.12940013302557504,0.09540545193489028,0,0
S1,2024-01-20 03:45:00,0.1578274469134705,0.05783029435539064,0,0
S1,2024-01-20 04:00:00,0.15384124993726053,0.09737411023663109,0,0
S1,2024-01-20 04:15:00,0.12927702627181084,0.07495465526287162,0,0
S1,2024-01-20 04:30:00,0.10184321961364609,0.06999630208398058,0,0
S1,2024-01-20 04:45:00,0.04755130203133647,0.057108748131656575,0,0
S1,2024-01-20 05:00:00,0.06815679130034855,0.07455649314647088,0,0
S1,2024-01-20 05:15:00,0.09264437029127726,0.052638337023307676,0,0
S1,2024-01-20 05:30:00,0.022760996217997317,0.05215272781108315,0,0
S1,2024-01-20 05:45:00,0.0,0.04566421688496365,0,0
S1,2024-01-20 06:00:00,0.030291728832601842,0.06008255390514651,0,0
S1,2024-01-20 06:15:00,0.14122414611570647,0.03938706089792951,0,0
S1,2024-01-20 06:30:00,0.20247952163854813,0.06461952597815114,0,0
S1,2024-01-20 06:45:00,0.24339894343983445,0.07400017516870909,0,0
S1,2024-01-20 07:00:00,0.11546894988720141,0.03438031849672465,0,0
S1,2024-01-20 07:15:00,0.0961317745744916,0.03840720942375827,0,0
S1,2024-01-20 07:30:00,0.1372584499985639,0.03339579297085711,0,0
S1,2024-01-20 07:45:00,0.08753073736027235,0.01892105321176055,0,0
S1,2024-01-20 08:00:00,0.20452219671545271,0.10251313358665848,0,0
S1,2024-01-20 08:15:00,0.25713131685095136,0.09149199110459898,0,0
S1,2024-01-20 08:30:00,0.14949073237272964,0.04053515928180707,0,0
S1,2024-01-20 08:45:00,0.1348009079873175,0.040324785037370685,0,0
S1,2024-01-20 09:00:00,0.22893932691801658,0.0614710440112049,0,0
S1,2024-01-20 09:15:00,0.19594843598485154,0.051436144086861195,0,0
S1,2024-01-20 09:30:00,0.23080594883772626,0.0632021080007143,0,0
S1,2024-01-20 09:45:00,0.19715472269132667,0.046423466481497054,0,0
S1,2024-01-20 10:00:00,0.2283608041611468,0.03920560444594209,0,0
S1,2024-01-20 10:15:00,0.23397604039796455,0.07091092883169398,0,0
S1,2024-01-20 10:30:00,0.22689561186748525,0.06947569182744259,0,0
S1,2024-01-20 10:45:00,0.19425714422910487,0.07697188945706725,0,0
S1,2024-01-20 11:00:00,0.1313381847927894,0.03773250508412633,0,0
S1,2024-01-20 11:15:00,0.2063950176456968,0.09754057806527708,0,0
S1,2024-01-20 11:30:00,0.11553299046561503,0.05360492435798376,0,0
S1,2024-01-20 11:45:00,0.13182591522964848,0.044373479144603864,0,0
S1,2024-01-20 12:00:00,0.09769752193346141,0.058566111820742166,0,0
S1,2024-01-20 12:15:00,0.04831220150005308,0.03891053073846208,0,0
S1,2024-01-20 12:30:00,0.18054926636873606,0.07550605419748746,0,0
S1,2024-01-20 12:45:00,0.22400201626867491,0.07464691363629646,0,0
S1,2024-01-20 13:00:00,0.09523171105284756,0.052417121377582705,0,0
S1,2024-01-20 13:15:00,0.11485310190307987,0.05334416903793886,0,0
S1,2024-01-20 13:30:00,0.06732169131956879,0.08806587415781451,0,0
S1,2024-01-20 13:45:00,0.1067841945658283,0.059076028695251144,0,0
S1,2024-01-20 14:00:00,0.10084606072417403,0.118913460670735,0,0
S1,2024-01-20 14:15:00,0.08678538142417852,0.0724652568204791,0,0
S1,2024-01-20 14:30:00,0.12426564957338558,0.06663964288729374,0,0
S1,2024-01-20 14:45:00,0.15378483231618964,0.059878863807739366,0,0
S1,2024-01-20 15:00:00,0.05161383358289343,0.06527531828870821,0,0
S1,2024-01-20 15:15:00,0.13933278603802104,0.09110481609955515,0,0
S1,2024-01-20 15:30:00,0.11887371902435623,0.05673023638355729,0,0
S1,2024-01-20 15:45:00,0.20765679194730777,0.08621585167522446,0,0
S1,2024-01-20 16:00:00,0.1478314038641444,0.08365900245929156,0,0
S1,2024-01-20 16:15:00,0.0077687998605500365,0.055645592751355374,0,0
S1,2024-01-20 16:30:00,0.10466328028505666,0.053866880138709106,0,0
S1,2024-01-20 16:45:00,0.057551834889451293,0.04799964289456439,0,0
S1,2024-01-20 17:00:00,0.2243597419344967,0.09864360523806653,0,0
S1,2024-01-20 17:15:00,0.17471193521201178,0.1357158630569749,0,0
S1,2024-01-20 17:30:00,0.11723077175316318,0.05666649775055238,0,0
S1,2024-01-20 17:45:00,0.2357139438011982,0.04124968918264916,0,0
S1,2024-01-20 18:00:00,0.11188918229958136,0.06397200463748107,0,0
S1,2024-01-20 18:15:00,0.16667765855498617,0.039331100381487044,0,0
S1,2024-01-20 18:30:00,0.24821442921275383,0.0718444078712531,0,0
S1,2024-01-20 18:45:00,0.21162199361013245,0.06085282046297815,0,0
S1,2024-01-20 19:00:00,0.273070281165069,0.07687020246185985,0,0
S1,2024-01-20 19:15:00,0.3205739524630321,0.0584744882460109,0,0
S1,2024-01-20 19:30:00,0.23859733051083848,0.06864329598891798,0,0
S1,2024-01-20 19:45:00,0.4100280890765308,0.12361426259228632,0,0
S1,2024-01-20 20:00:00,0.3092511737312902,0.05596719657200143,0,0
S1,2024-01-20 20:15:00,0.2777327088832645,0.04861685335918992,0,0
S1,2024-01-20 20:30:00,0.3245814782711147,0.04170612240078975,0,0
S1,2024-01-20 20:45:00,0.47289169002949377,0.06894454322991646,0,0
S1,2024-01-20 21:00:00,0.32403874798621274,0.052405999237606485,0,0
S1,2024-01-20 21:15:00,0.30310386398924877,0.046565285474501866,0,0
S1,2024-01-20 21:30:00,0.2957068182138679,0.04378416157310514,0,0
S1,2024-01-20 21:45:00,0.23892689351921725,0.041699697372333075,0,0
S1,2024-01-20 22:00:00,0.24791667394129444,0.03483965708095138,0,0
S1,2024-01-20 22:15:00,0.31287764435562687,0.03221687240572067,0,0
S1,2024-01-20 22:30:00,0.3695877475970798,0.08225486141796721,0,0
S1,2024-01-20 22:45:00,0.2788417398198693,0.059955589175941355,0,0
S1,2024-01-20 23:00:00,0.24937988722520893,0.049684762118083405,0,0
S1,2024-01-20 23:15:00,0.34126955366927036,0.1214692346230458,0,0
S1,2024-01-20 23:30:00,0.2160302834190388,0.1214692346230458,0,0
S1,2024-01-20 23:45:00,0.20373273637022954,0.06189868117626049,0,0
S1,2024-01-21 00:00:00,0.3326850561497135,0.07376160468576637,0,0
S1,2024-01-21 00:15:00,0.26344131276545946,0.06099214807647561,0,0
S1,2024-01-21 00:30:00,0.3644141985818162,0.08313311963628342,0,0
S1,2024-01-21 00:45:00,0.3294384096072346,0.0779560058364278,0,0
S1,2024-01-21 01:00:00,0.3212056730787236,0.09564495549317781,0,0
S1,2024-01-21 01:15:00,0.3527583920488028,0.08769782481702137,0,0
S1,2024-01-21 01:30:00,0.18033445426294561,0.07982924147523433,0,0
S1,2024-01-21 01:45:00,0.15963515899553324,0.09848374156096704,0,0
S1,2024-01-21 02:00:00,0.20450913902183857,0.09298977463845508,0,0
S1,2024-01-21 02:15:00,0.1674857842619118,0.09819249422424252,0,0
S1,2024-01-21 02:30:00,0.13792827400478688,0.08675878334181286,0,0
S1,2024-01-21 02:45:00,0.1859834320158158,0.10667812942000526,0,0
S1,2024-01-21 03:00:00,0.10427394485855729,0.06741734220052867,0,0
S1,2024-01-21 03:15:00,0.07133636267396617,0.07712504387911161,0,0
S1,2024-01-21 03:30:00,0.11703360952759113,0.07510035313429511,0,0
S1,2024-01-21 03:45:00,0.09332402814867578,0.08481634309467449,0,0
S1,2024-01-21 04:00:00,0.19540525541049777,0.10516902280416676,0,0
S1,2024-01-21 04:15:00,0.19940946533145973,0.06341453381922145,0,0
S1,2024-01-21 04:30:00,0.14276634418403883,0.09541084776472725,0,0
S1,2024-01-21 04:45:00,0.11429297698755075,0.08003122404388333,0,0
S1,2024-01-21 05:00:00,0.19706476121710081,0.05080409941792748,0,0
S1,2024-01-21 05:15:00,0.049385268134794644,0.05264724180344893,0,0
S1,2024-01-21 05:30:00,0.03051732118934622,0.07319884656626366,0,0
S1,2024-01-21 05:45:00,0.1555487305826592,0.05026168134814679,0,0
S1,2024-01-21 06:00:00,0.1430860716838962,0.10496744061541276,0,0
S1,2024-01-21 06:15:00,0.12644508977824576,0.06853544342740985,0,0
S1,2024-01-21 06:30:00,0.10644188462842413,0.061845185638504156,0,0
S1,2024-01-21 06:45:00,0.10479031724807529,0.061845185638504156,0,0
S1,2024-01-21 07:00:00,0.1408913850741573,0.04196267447198868,0,0
S1,2024-01-21 07:15:00,0.14364739900830892,0.042200663495854766,0,0
S1,2024-01-21 07:30:00,0.21762255477633635,0.062359323008172554,0,0
S1,2024-01-21 07:45:00,0.17070602567450816,0.03685239928524029,0,0
S1,2024-01-21 08:00:00,0.19332199174248074,0.043534573780762656,0,0
S1,2024-01-21 08:15:00,0.10170686677344293,0.044233978840469756,0,0
S1,2024-01-21 08:30:00,0.1365107356185885,0.04260180982607858,0,0
S1,2024-01-21 08:45:00,0.2638209285558131,0.06434071943141573,0,0
S1,2024-01-21 09:00:00,0.21583664275211084,0.0574850797132192,0,0
S1,2024-01-21 09:15:00,0.18628181497628685,0.041875218055103525,0,0
S1,2024-01-21 09:30:00,0.23780581351695904,0.0542500781564339,0,0
S1,2024-01-21 09:45:00,0.26995179404512515,0.05733005170034558,0,0
S1,2024-01-21 10:00:00,0.26229818390751497,0.05966714284771981,0,0
S1,2024-01-21 10:15:00,0.15369026080154616,0.031532258136578915,0,0
S1,2024-01-21 10:30:00,0.18728124019310113,0.04435606482369517,0,0
S1,2024-01-21 10:45:00,0.33349395314047436,0.08875018823409594,0,0
S1,2024-01-21 11:00:00,0.2277565933103447,0.03686593292911703,0,0
S1,2024-01-21 11:15:00,0.23965858385979003,0.029051876431408535,0,0
S1,2024-01-21 11:30:00,0.20757666002006417,0.041627243520562116,0,0
S1,2024-01-21 11:45:00,0.1841387902008941,0.07899086677372018,0,0
S1,2024-01-21 12:00:00,0.19726927658385626,0.0599101474679762,0,0
S1,2024-01-21 12:15:00,0.1369951342309943,0.09226605749058908,0,0
S1,2024-01-21 12:30:00,0.11227036739750422,0.04481940454165312,0,0
S1,2024-01-21 12:45:00,0.09226010795633229,0.04990008489409317,0,0
S1,2024-01-21 13:00:00,0.08076807735453936,0.0603874807348119,0,0
S1,2024-01-21 13:15:00,0.08176501569162987,0.07037410942773058,0,0
S1,2024-01-21 13:30:00,0.17437757389078123,0.09260800911674247,0,0
S1,2024-01-21 13:45:00,0.07301138869760755,0.06522987156122942,0,0
S1,2024-01-21 14:00:00,0.14011131055282344,0.09245945402301059,0,0
S1,2024-01-21 14:15:00,0.07162109990859222,0.0731909035048153,0,0
S1,2024-01-21 14:30:00,0.16976708477247354,0.09865510189995023,0,0
S1,2024-01-21 14:45:00,0.04587331284859025,0.07362999633228261,0,0
S1,2024-01-21 15:00:00,0.05278853708102787,0.05606491389322357,0,0
S1,2024-01-21 15:15:00,0.05520462468002997,0.07392166462469872,0,0
S1,2024-01-21 15:30:00,0.0963673415147728,0.08576401720832615,0,0
S1,2024-01-21 15:45:00,0.12747393163670656,0.119590607328152,0,0
S1,2024-01-21 16:00:00,0.11580067493649406,0.0838877818825116,0,0
S1,2024-01-21 16:15:00,0.11994981969493555,0.0892193838169368,0,0
S1,2024-01-21 16:30:00,0.18913939617472317,0.07269636891745618,0,0
S1,2024-01-21 16:45:00,0.18133421138867842,0.047792563895973396,0,0
S1,2024-01-21 17:00:00,0.09623534593848672,0.045130060515655566,0,0
S1,2024-01-21 17:15:00,0.1621367118995874,0.08715082306158098,0,0
S1,2024-01-21 17:30:00,0.09469090218989057,0.059969309070082306,0,0
S1,2024-01-21 17:45:00,0.029806991213416227,0.03505397141116502,0,0
S1,2024-01-21 18:00:00,0.19078429818235004,0.0694286095094356,0,0
S1,2024-01-21 18:15:00,0.24578566288543627,0.06324554963910295,0,0
S1,2024-01-21 18:30:00,0.326713439574273,0.08365663412405348,0,0
S1,2024-01-21 18:45:00,0.2200995942217316,0.08037133120791212,0,0
S1,2024-01-21 19:00:00,0.25627560693960527,0.05548901203638011,0,0
S1,2024-01-21 19:15:00,0.2903240244439677,0.07144493262019722,0,0
S1,2024-01-21 19:30:00,0.26639082953401644,0.09970383632997175,0,0
S1,2024-01-21 19:45:00,0.20478064786821562,0.048171100495599924,0,0
S1,2024-01-21 20:00:00,0.255410760022932,0.05124923149931205,0,0
S1,2024-01-21 20:15:00,0.33655659806210864,0.06784821825330577,0,0
S1,2024-01-21 20:30:00,0.36808096577415006,0.08973364318198843,0,0
S1,2024-01-21 20:45:00,0.2559027198838779,0.055415987995500474,0,0
S1,2024-01-21 21:00:00,0.3768731920197594,0.07573563803639585,0,0
S1,2024-01-21 21:15:00,0.32516230402921126,0.046385136382172405,0,0
S1,2024-01-21 21:30:00,0.3762414221402188,0.052975816520352846,0,0
S1,2024-01-21 21:45:00,0.3920211272230704,0.059185138220220306,0,0
S1,2024-01-21 22:00:00,0.36472112588212763,0.12447374911888878,0,0
S1,2024-01-21 22:15:00,0.26682246454489617,0.0287962877333346,0,0
S1,2024-01-21 22:30:00,0.2875308649650741,0.07026893802181497,0,0
S1,2024-01-21 22:45:00,0.22332841008870286,0.05197186836897472,0,0
S1,2024-01-21 23:00:00,0.22027231979860187,0.0779278494494517,0,0
S1,2024-01-21 23:15:00,0.2401972296886469,0.06479101141454824,0,0
S1,2024-01-21 23:30:00,0.21891743004783992,0.08078990235010432,0,0
S1,2024-01-21 23:45:00,0.21803206681799644,0.07091663871319895,0,0
S2,2024-01-11 00:00:00,1.0,0.5830642301649069,1,0
S2,2024-01-11 00:15:00,0.3545535594433504,0.3689165620866053,0,0
S2,2024-01-11 00:30:00,0.30353907513224226,0.5243035351035835,0,0
S2,2024-01-11 00:45:00,0.24305046268136954,0.38009513608520334,0,0
S2,2024-01-11 01:00:00,0.2790623856621366,0.6099116402304084,0,0
S2,2024-01-11 01:15:00,0.2044764368447964,0.5422464036393677,0,0
S2,2024-01-11 01:30:00,0.23783354772934404,0.4652915430478636,0,0
S2,2024-01-11 01:45:00,0.2479801086048824,0.47851619058283296,0,0
S2,2024-01-11 02:00:00,0.38562563555132773,0.8162847223627447,0,1
S2,2024-01-11 02:15:00,0.23265072185176722,0.5740940535003063,0,0
S2,2024-01-11 02:30:00,0.27550758883519033,0.685758682102818,0,1
S2,2024-01-11 02:45:00,0.14827857986392862,0.35058534773977806,0,0
S2,2024-01-11 03:00:00,0.11183140675776417,0.44361178328521417,0,0
S2,2024-01-11 03:15:00,0.12494637999959035,0.45546221410824317,0,0
S2,2024-01-11 03:30:00,0.1584393976603601,0.6388836189778411,0,0
S2,2024-01-11 03:45:00,0.15550932917151922,0.5588537396579702,0,0
S2,2024-01-11 04:00:00,0.0929441447168895,0.42533876334209486,0,0
S2,2024-01-11 04:15:00,0.09726620739387007,0.5955356817973596,0,0
S2,2024-01-11 04:30:00,0.20146019381001096,0.4647301008252309,0,0
S2,2024-01-11 04:45:00,0.17657582128908644,0.5681218444680787,0,0
S2,2024-01-11 05:00:00,0.1400412627992688,0.4592686054124197,0,0
S2,2024-01-11 05:15:00,0.25772668257095316,0.7013269272217514,0,1
S2,2024-01-11 05:30:00,0.14582904068459557,0.4357919177455158,0,0
S2,2024-01-11 05:45:00,0.17923006328252036,0.516500474416735,0,0
S2,2024-01-11 06:00:00,0.1161214344044639,0.3812654282071508,0,0
S2,2024-01-11 06:15:00,0.0989148121521289,0.4694470514464972,0,0
S2,2024-01-11 06:30:00,0.1272894025611768,0.27421814637545455,0,0
S2,2024-01-11 06:45:00,0.06714080301469456,0.2677124711204839,0,0
S2,2024-01-11 07:00:00,0.20437237037834055,0.46390614892121035,0,0
S2,2024-01-11 07:15:00,0.09520650260614581,0.25610163703504263,0,0
S2,2024-01-11 07:30:00,0.11002852354733227,0.25476176908550846,0,0
S2,2024-01-11 07:45:00,0.19060809840032975,0.46138002959261526,0,0
S2,2024-01-11 08:00:00,0.27984886350780286,0.9315282342686828,0,1
S2,2024-01-11 08:15:00,0.33362909208326597,0.9315282342686828,0,1
S2,2024-01-11 08:30:00,0.16348010034105878,0.4394774270636894,0,0
S2,2024-01-11 08:45:00,0.15812540552266285,0.45028590873541363,0,0
S2,2024-01-11 09:00:00,0.13385125498638906,0.5328197396759249,0,0
S2,2024-01-11 09:15:00,0.21711397305003258,0.4434588889617303,0,0
S2,2024-01-11 09:30:00,0.2237729551664575,0.42982510552371245,0,0
S2,2024-01-11 09:45:00,0.23908722375194444,0.5042127608949528,0,0
S2,2024-01-11 10:00:00,0.25746881630885154,0.4128904239005573,0,0
S2,2024-01-11 10:15:00,0.2247399855650582,0.45034600909348577,0,0
S2,2024-01-11 10:30:00,0.2542230780452662,0.4774957384221492,0,0
S2,2024-01-11 10:45:00,0.19636885213512514,0.4119490724269316,0,0
S2,2024-01-11 11:00:00,0.16615683515994317,0.3162134496036087,0,0
S2,2024-01-11 11:15:00,0.20875156809734535,0.4135219200655101,0,0
S2,2024-01-11 11:30:00,0.1182643373438574,0.24814516181624469,0,0
S2,2024-01-11 11:45:00,0.11534972761113377,0.2980949148388269,0,0
S2,2024-01-11 12:00:00,0.18744350450978736,0.4070924469130804,0,0
S2,2024-01-11 12:15:00,0.09746811902072887,0.5265544420580628,0,0
S2,2024-01-11 12:30:00,0.06452794893615077,0.27426849891386323,0,0
S2,2024-01-11 12:45:00,0.020887455159369,0.279798136555702,0,0
S2,2024-01-11 13:00:00,0.12621556041326418,0.2515084023028977,0,0
S2,2024-01-11 13:15:00,0.15692502701081232,0.5488106308655465,0,0
S2,2024-01-11 13:30:00,0.3183414687455862,0.7717570752744884,0,1
S2,2024-01-11 13:45:00,0.10834629763783982,0.3578880503038258,0,0
S2,2024-01-11 14:00:00,0.1840089935747588,0.44325171896069154,0,0
S2,2024-01-11 14:15:00,0.1061097070545899,0.7070891865742999,0,1
S2,2024-01-11 14:30:00,0.2092383785257723,0.5399420096912626,0,0
S2,2024-01-11 14:45:00,0.06238043126222096,0.3171480303703746,0,0
S2,2024-01-11 15:00:00,0.14583158898590812,0.6620856912748257,0,0
S2,2024-01-11 15:15:00,0.13964151381037707,0.6767135783966663,0,1
S2,2024-01-11 15:30:00,0.07247573360946567,0.3014894322725478,0,0
S2,2024-01-11 15:45:00,0.0820697151730984,0.3423047652392184,0,0
S2,2024-01-11 16:00:00,0.11541705709926084,0.40140136625055267,0,0
S2,2024-01-11 16:15:00,0.06051126341753222,0.28259563656348163,0,0
S2,2024-01-11 16:30:00,0.24122610463130015,0.3259709645760659,0,0
S2,2024-01-11 16:45:00,0.17782720070255095,0.3634807346284318,0,0
S2,2024-01-11 17:00:00,0.17797548125409762,0.48144124271669464,0,0
S2,2024-01-11 17:15:00,0.17369512290226552,0.4106132083656761,0,0
S2,2024-01-11 17:30:00,0.10360747054920412,0.3730597354631197,0,0
S2,2024-01-11 17:45:00,0.08225377918318576,0.3417316395964474,0,0
S2,2024-01-11 18:00:00,0.12006135556146574,0.6312669787669739,0,0
S2,2024-01-11 18:15:00,0.11714692450329532,0.42221783346814756,0,0
S2,2024-01-11 18:30:00,0.1688704419991043,0.4346999460482695,0,0
S2,2024-01-11 18:45:00,0.22676646821279764,0.6364232369761873,0,0
S2,2024-01-11 19:00:00,0.10285633009859632,0.4562989380428318,0,0
S2,2024-01-11 19:15:00,0.23114090391089112,0.5199272491338461,0,0
S2,2024-01-11 19:30:00,0.28268941118295643,0.7388361447627851,0,1
S2,2024-01-11 19:45:00,0.3323846224812817,0.8056531495653145,0,1
S2,2024-01-11 20:00:00,0.3320839287262155,0.5504025276957821,0,0
S2,2024-01-11 20:15:00,0.2888017611021923,0.5823823189259602,0,0
S2,2024-01-11 20:30:00,0.2246598973340267,0.6283965178991143,0,0
S2,2024-01-11 20:45:00,0.30940916722360023,0.6671764239436356,0,1
S2,2024-01-11 21:00:00,0.34088041697673604,0.5709161169430568,0,0
S2,2024-01-11 21:15:00,0.27833158140588654,0.4529063589757488,0,0
S2,2024-01-11 21:30:00,0.32847638792783374,0.6010442534006086,0,0
S2,2024-01-11 21:45:00,0.29839214944667225,0.5279649093279758,0,0
S2,2024-01-11 22:00:00,0.2689638806157411,0.38609832732920313,0,0
S2,2024-01-11 22:15:00,0.2886678494993806,0.3600315457490819,0,0
S2,2024-01-11 22:30:00,0.2562443449246309,0.45011598959184546,0,0
S2,2024-01-11 22:45:00,0.26859793654661873,0.49029275030606706,0,0
S2,2024-01-11 23:00:00,0.3350497274698268,0.4286749829804119,0,0
S2,2024-01-11 23:15:00,0.16404795517482365,0.16421950724385292,0,0
S2,2024-01-11 23:30:00,0.15299588641156256,0.48771739221919314,0,0
S2,2024-01-11 23:45:00,0.11929670112607882,0.26029894779131313,0,0
S2,2024-01-12 00:00:00,0.2908442744409982,0.6505376730667697,0,0
S2,2024-01-12 00:15:00,0.36540023424757023,0.6494707333385432,0,0
S2,2024-01-12 00:30:00,0.4383242634195934,0.6993263560270511,0,1
S2,2024-01-12 00:45:00,0.3297050919944666,0.37392940159152993,0,0
S2,2024-01-12 01:00:00,0.2490885642415178,0.3617971278026991,0,0
S2,2024-01-12 01:15:00,0.2472221663681149,0.4593396796984771,0,0
S2,2024-01-12 01:30:00,0.17499728552035812,0.48564207167520135,0,0
S2,2024-01-12 01:45:00,0.254369768734035,0.4274927049422084,0,0
S2,2024-01-12 02:00:00,0.2989726976916847,0.5531942752937663,0,0
S2,2024-01-12 02:15:00,0.2872625536626823,0.6807957226313637,0,1
S2,2024-01-12 02:30:00,0.18480359389604226,0.4213735700486265,0,0
S2,2024-01-12 02:45:00,0.21937802605971682,0.6112617234291008,0,0
S2,2024-01-12 03:00:00,0.3118454374989882,0.8515988954284306,0,1
S2,2024-01-12 03:15:00,0.27229724632801694,0.6634775319341374,0,1
S2,2024-01-12 03:30:00,0.1842304462726721,0.5512100652142397,0,0
S2,2024-01-12 03:45:00,0.27406249515674214,0.54795389189865,0,0
S2,2024-01-12 04:00:00,0.26193779728836947,0.41986496581884936,0,0
S2,2024-01-12 04:15:00,0.16589136593889037,0.41986496581884936,0,0
S2,2024-01-12 04:30:00,0.1254141341845398,0.4194648323031651,0,0
S2,2024-01-12 04:45:00,0.20407306488717847,0.4189605273617705,0,0
S2,2024-01-12 05:00:00,0.3157411628334564,0.45039164801039644,0,0
S2,2024-01-12 05:15:00,0.2892797714712724,0.48628243079166533,0,0
S2,2024-01-12 05:30:00,0.1678979477800013,0.4168363967888325,0,0
S2,2024-01-12 05:45:00,0.18834906732583376,0.4165684231026797,0,0
S2,2024-01-12 06:00:00,0.2767392930280431,0.38246179204638786,0,0
S2,2024-01-12 06:15:00,0.24185825478656894,0.37517493217828346,0,0
S2,2024-01-12 06:30:00,0.2434981543868072,0.3758369443126039,0,0
S2,2024-01-12 06:45:00,0.21209351489304484,0.3780213384375113,0,0
S2,2024-01-12 07:00:00,0.2432767676476966,0.2159211053088389,0,0
S2,2024-01-12 07:15:00,0.3698564333627621,0.6480117116259222,0,0
S2,2024-01-12 07:30:00,0.25786292263434185,0.426923740297899,0,0
S2,2024-01-12 07:45:00,0.14393964938774134,0.3168325383366336,0,0
S2,2024-01-12 08:00:00,0.09995431036270594,0.39459629057011086,0,0
S2,2024-01-12 08:15:00,0.1439551168551112,0.3865980065103418,0,0
S2,2024-01-12 08:30:00,0.13200213584342624,0.4275918529011834,0,0
S2,2024-01-12 08:45:00,0.24877189729141028,0.5121992231354988,0,0
S2,2024-01-12 09:00:00,0.24564819464740273,0.6633686306098148,0,1
S2,2024-01-12 09:15:00,0.18209533655274418,0.4158127116505026,0,0
S2,2024-01-12 09:30:00,0.30079819244911243,0.49506902709074163,0,0
S2,2024-01-12 09:45:00,0.24636085133502453,0.5358534938218787,0,0
S2,2024-01-12 10:00:00,0.2240457477794158,0.40696044216618565,0,0
S2,2024-01-12 10:15:00,0.30966664957986256,0.7703900747226698,0,1
S2,2024-01-12 10:30:00,0.25467820695942245,0.4213237181226049,0,0
S2,2024-01-12 10:45:00,0.18411664902612365,0.42298930558706516,0,0
S2,2024-01-12 11:00:00,0.2046711791988776,0.3437133880957234,0,0
S2,2024-01-12 11:15:00,0.1154561383894271,0.3045272029771768,0,0
S2,2024-01-12 11:30:00,0.20470133146423344,0.3741518117878292,0,0
S2,2024-01-12 11:45:00,0.23529926134263035,0.44988459688493687,0,0
S2,2024-01-12 12:00:00,0.16972541927962212,0.32056313628512906,0,0
S2,2024-01-12 12:15:00,0.09391691303169723,0.4182481330113219,0,0
S2,2024-01-12 12:30:00,0.12244616023797067,0.4514976176583491,0,0
S2,2024-01-12 12:45:00,0.11039286132489157,0.356553879917786,0,0
S2,2024-01-12 13:00:00,0.10184495504019911,0.48098260369478196,0,0
S2,2024-01-12 13:15:00,0.08689090653400966,0.27207079295251585,0,0
S2,2024-01-12 13:30:00,0.14138505059873047,0.5203057202859027,0,0
S2,2024-01-12 13:45:00,0.1630106611029651,0.5930358761522353,0,0
S2,2024-01-12 14:00:00,0.09022237867279768,0.28852397627917126,0,0
S2,2024-01-12 14:15:00,0.23318509793483697,0.4695178291109937,0,0
S2,2024-01-12 14:30:00,0.08033669012947131,0.30854084972714946,0,0
S2,2024-01-12 14:45:00,0.1425362356625573,0.4474582661183808,0,0
S2,2024-01-12 15:00:00,0.4033441429070235,0.7756507454704867,0,1
S2,2024-01-12 15:15:00,0.2421127248556557,0.5581123225180155,0,0
S2,2024-01-12 15:30:00,0.1350112032330355,0.44736756312086323,0,0
S2,2024-01-12 15:45:00,0.07191330407282191,0.15927723386758916,0,0
S2,2024-01-12 16:00:00,0.12856536516438719,0.3900125755375691,0,0
S2,2024-01-12 16:15:00,0.1647410117174165,0.3460639926428517,0,0
S2,2024-01-12 16:30:00,0.040880401556894874,0.2806269383952277,0,0
S2,2024-01-12 16:45:00,0.08871388513217382,0.4657314728998115,0,0
S2,2024-01-12 17:00:00,0.14267428288411668,0.4255212238561156,0,0
S2,2024-01-12 17:15:00,0.15502196754201591,0.47099331404393285,0,0
S2,2024-01-12 17:30:00,0.0634035897617725,0.30329038533842717,0,0
S2,2024-01-12 17:45:00,0.1304765275231861,0.3668365483812266,0,0
S2,2024-01-12 18:00:00,0.12536256564929446,0.6091958686113409,0,0
S2,2024-01-12 18:15:00,0.1509305850306149,0.4311749363245664,0,0
S2,2024-01-12 18:30:00,0.20135077512561303,0.5131930186705503,0,0
S2,2024-01-12 18:45:00,0.23031954392233614,0.5989696735255079,0,0
S2,2024-01-12 19:00:00,0.25967386852263896,0.44500294423807335,0,0
S2,2024-01-12 19:15:00,0.14924518909153386,0.5662782162800443,0,0
S2,2024-01-12 19:30:00,0.2479473217910136,0.7464222340182315,0,1
S2,2024-01-12 19:45:00,0.26977573904857094,0.6097320814672211,0,0
S2,2024-01-12 20:00:00,0.3226382823612637,0.8092742485970907,0,1
S2,2024-01-12 20:15:00,0.28265570155946884,0.7710701953656781,0,1
S2,2024-01-12 20:30:00,0.31166692849881034,0.8854750021156051,0,1
S2,2024-01-12 20:45:00,0.2681968501121695,0.5811991023528033,0,0
S2,2024-01-12 21:00:00,0.3310598424717692,0.4698574021386875,0,0
S2,2024-01-12 21:15:00,0.40773251146469003,0.5204297313652554,0,0
S2,2024-01-12 21:30:00,0.23530041104554728,0.45291047111627586,0,0
S2,2024-01-12 21:45:00,0.2846054567149448,0.44044551840339974,0,0
S2,2024-01-12 22:00:00,0.2712732628384592,0.5526410198195969,0,0
S2,2024-01-12 22:15:00,0.21281315513308047,0.2917762277492437,0,0
S2,2024-01-12 22:30:00,0.2768733846765911,0.5239531358214206,0,0
S2,2024-01-12 22:45:00,0.25214244966039057,0.48351153133576463,0,0
S2,2024-01-12 23:00:00,0.3004692351797599,0.46991607887734527,0,0
S2,2024-01-12 23:15:00,0.2278129602258876,0.3073154276343453,0,0
S2,2024-01-12 23:30:00,0.18781126727251315,0.37115759240282714,0,0
S2,2024-01-12 23:45:00,0.2705586001247278,0.526892001190421,0,0
S2,2024-01-13 00:00:00,0.5033986132541703,0.526892001190421,1,0
S2,2024-01-13 00:15:00,0.5785421957304216,0.8182360392950475,1,1
S2,2024-01-13 00:30:00,0.411004700156749,0.4800634923799477,0,0
S2,2024-01-13 00:45:00,0.34587293149340126,0.3988439023812542,0,0
S2,2024-01-13 01:00:00,0.3061917467022913,0.49696597014506233,0,0
S2,2024-01-13 01:15:00,0.26530325391443993,0.4055358690124223,0,0
S2,2024-01-13 01:30:00,0.29395832991208476,0.7372724354575668,0,1
S2,2024-01-13 01:45:00,0.3410200806663186,0.7454636690990245,0,1
S2,2024-01-13 02:00:00,0.2666673178234871,0.5801468214444838,0,0
S2,2024-01-13 02:15:00,0.2516055214900336,0.530792298260063,0,0
S2,2024-01-13 02:30:00,0.3674706497263541,0.6016371935631849,0,0
S2,2024-01-13 02:45:00,0.2977278690794153,0.46775811555264896,0,0
S2,2024-01-13 03:00:00,0.35826236776545556,0.49035055548509654,0,0
S2,2024-01-13 03:15:00,0.2644457090697326,0.5423776916421966,0,0
S2,2024-01-13 03:30:00,0.3051748928699604,0.4427816703226288,0,0
S2,2024-01-13 03:45:00,0.10477045251824901,0.34896289448448403,0,0
S2,2024-01-13 04:00:00,0.15044748406061445,0.5351037688684931,0,0
S2,2024-01-13 04:15:00,0.11244400534858592,0.278904265494914,0,0
S2,2024-01-13 04:30:00,0.27723142518521604,0.5498064735560997,0,0
S2,2024-01-13 04:45:00,0.19634661488957772,0.5712730691041348,0,0
S2,2024-01-13 05:00:00,0.255003517171235,0.6136016246374058,0,0
S2,2024-01-13 05:15:00,0.18840318170659173,0.6778977056790456,0,1
S2,2024-01-13 05:30:00,0.09370044730871452,0.5836201889135644,0,0
S2,2024-01-13 05:45:00,0.21214403625191525,0.573729265726362,0,0
S2,2024-01-13 06:00:00,0.15310890081688464,0.4025372231800819,0,0
S2,2024-01-13 06:15:00,0.21921269585148842,0.714273106257619,0,1
S2,2024-01-13 06:30:00,0.156215688986068,0.4402181804900643,0,0
S2,2024-01-13 06:45:00,0.19091743570653322,0.47040321294944115,0,0
S2,2024-01-13 07:00:00,0.21252870150014294,0.47139663459029535,0,0
S2,2024-01-13 07:15:00,0.10031431575303802,0.2662945175806825,0,0
S2,2024-01-13 07:30:00,0.08526506375455621,0.48720848853797105,0,0
S2,2024-01-13 07:45:00,0.12235054523265325,0.5739165861375158,0,0
S2,2024-01-13 08:00:00,0.1998565576478438,0.7137114729183986,0,1
S2,2024-01-13 08:15:00,0.2668405638760722,0.5892485012815893,0,0
S2,2024-01-13 08:30:00,0.1751306506041069,0.46847445706685126,0,0
S2,2024-01-13 08:45:00,0.2196395745276916,0.7694638075082909,0,1
S2,2024-01-13 09:00:00,0.1325499200063609,0.30186408101584195,0,0
S2,2024-01-13 09:15:00,0.16269560139328135,0.1908744046936455,0,0
S2,2024-01-13 09:30:00,0.3351511355942404,0.5847010466251673,0,0
S2,2024-01-13 09:45:00,0.21887386678890744,0.2348775443596955,0,0
S2,2024-01-13 10:00:00,0.22063132970778973,0.40913672208214624,0,0
S2,2024-01-13 10:15:00,0.14450115391908652,0.48739487810402987,0,0
S2,2024-01-13 10:30:00,0.18912783346988535,0.5111372073354444,0,0
S2,2024-01-13 10:45:00,0.13905378822054934,0.3738192129059724,0,0
S2,2024-01-13 11:00:00,0.13859970227057755,0.3847947198087532,0,0
S2,2024-01-13 11:15:00,0.12781162175725552,0.5015089410464495,0,0
S2,2024-01-13 11:30:00,0.08984762557212887,0.4794350622639869,0,0
S2,2024-01-13 11:45:00,0.11237715398823536,0.565127215939577,0,0
S2,2024-01-13 12:00:00,0.16138993845213184,0.4367649378907577,0,0
S2,2024-01-13 12:15:00,0.11218251689429173,0.4004581318666885,0,0
S2,2024-01-13 12:30:00,0.20048147747690612,0.8471021961626823,0,1
S2,2024-01-13 12:45:00,0.20771882907880684,0.6562338462037532,0,0
S2,2024-01-13 13:00:00,0.1876555785017991,0.4667251541580492,0,0
S2,2024-01-13 13:15:00,0.1849156703110678,0.39113212722640944,0,0
S2,2024-01-13 13:30:00,0.18211613828287232,0.5390374197273741,0,0
S2,2024-01-13 13:45:00,0.17939403371263615,0.47650098640739924,0,0
S2,2024-01-13 14:00:00,0.21919780404283518,0.607141581188912,0,0
S2,2024-01-13 14:15:00,0.248392967977127,0.4547814314558078,0,0
S2,2024-01-13 14:30:00,0.15286489123181943,0.4812955942507841,0,0
S2,2024-01-13 14:45:00,0.22967686429814482,0.4952986819428593,0,0
S2,2024-01-13 15:00:00,0.23601026612965786,0.6518739130342801,0,0
S2,2024-01-13 15:15:00,0.16821501101408645,0.3341165050168076,0,0
S2,2024-01-13 15:30:00,0.1253693603064429,0.4010306604017781,0,0
S2,2024-01-13 15:45:00,0.19886231589914286,0.4936695127901405,0,0
S2,2024-01-13 16:00:00,0.1323532598827281,0.4774414207384899,0,0
S2,2024-01-13 16:15:00,0.009758036023251027,0.22161800777323104,0,0
S2,2024-01-13 16:30:00,0.12866110633464473,0.5392548166298734,0,0
S2,2024-01-13 16:45:00,0.09090520097320846,0.3912410844209633,0,0
S2,2024-01-13 17:00:00,0.1016595866005378,0.26850780389466716,0,0
S2,2024-01-13 17:15:00,0.02091446393739066,0.1803149838501663,0,0
S2,2024-01-13 17:30:00,0.04903080044849239,0.2977890390421351,0,0
S2,2024-01-13 17:45:00,0.16309779076032788,0.5141469725983274,0,0
S2,2024-01-13 18:00:00,0.14673981586944623,0.326424215627929,0,0
S2,2024-01-13 18:15:00,0.13933191949363494,0.28237294418730585,0,0
S2,2024-01-13 18:30:00,0.11415260486952472,0.3281679613549817,0,0
S2,2024-01-13 18:45:00,0.09020222431449174,0.348075988266529,0,0
S2,2024-01-13 19:00:00,0.13138711041123988,0.3613846968361558,0,0
S2,2024-01-13 19:15:00,0.18750932822020702,0.47745459290132997,0,0
S2,2024-01-13 19:30:00,0.15907264922506323,0.3438349941727481,0,0
S2,2024-01-13 19:45:00,0.10212452049280968,0.22849406520957566,0,0
S2,2024-01-13 20:00:00,0.21102464117461592,0.5245352512563259,0,0
S2,2024-01-13 20:15:00,0.15476744413637442,0.4811384745617231,0,0
S2,2024-01-13 20:30:00,0.14373277029724327,0.4073637473759728,0,0
S2,2024-01-13 20:45:00,0.16422226662956416,0.3286378648135828,0,0
S2,2024-01-13 21:00:00,0.17476870591379723,0.3129694435404048,0,0
S2,2024-01-13 21:15:00,0.16582622585327272,0.4098439046856716,0,0
S2,2024-01-13 21:30:00,0.15436107163622445,0.2691316126794767,0,0
S2,2024-01-13 21:45:00,0.2557253533040599,0.34347009312690274,0,0
S2,2024-01-13 22:00:00,0.13091629082071263,0.3018491596483833,0,0
S2,2024-01-13 22:15:00,0.15074063697042359,0.4171563830789322,0,0
S2,2024-01-13 22:30:00,0.17793702903060818,0.28430468104174794,0,0
S2,2024-01-13 22:45:00,0.13935694414704936,0.5067062103290633,0,0
S2,2024-01-13 23:00:00,0.10739880147743076,0.24378107945794705,0,0
S2,2024-01-13 23:15:00,0.17691706764718765,0.4422692599158955,0,0
S2,2024-01-13 23:30:00,0.21746002141375573,0.37062071087828596,0,0
S2,2024-01-13 23:45:00,0.3464351246135677,0.6970149043837398,0,1
S2,2024-01-14 00:00:00,0.3673392131709874,0.5996971410358293,0,0
S2,2024-01-14 00:15:00,0.25725777083552476,0.42378870692330317,0,0
S2,2024-01-14 00:30:00,0.20779793537929375,0.502239620261606,0,0
S2,2024-01-14 00:45:00,0.25917574284739076,0.48976724869259575,0,0
S2,2024-01-14 01:00:00,0.231741103717079,0.4940050497783738,0,0
S2,2024-01-14 01:15:00,0.368180247344438,0.643482551057194,0,0
S2,2024-01-14 01:30:00,0.2610314204580445,0.3940289744981731,0,0
S2,2024-01-14 01:45:00,0.29554734665008486,0.6308020051159283,0,0
S2,2024-01-14 02:00:00,0.2528727420498361,0.5929832963563628,0,0
S2,2024-01-14 02:15:00,0.3922694659908959,0.7347942913412085,0,1
S2,2024-01-14 02:30:00,0.2547305247967569,0.4031073988161491,0,0
S2,2024-01-14 02:45:00,0.23999068950754357,0.6080492165400336,0,0
S2,2024-01-14 03:00:00,0.2788459309489818,0.57500567466386,0,0
S2,2024-01-14 03:15:00,0.32402514245315406,0.6265776741489708,0,0
S2,2024-01-14 03:30:00,0.2844094713828801,0.648562115826249,0,0
S2,2024-01-14 03:45:00,0.22926370557931205,0.32769511535343737,0,0
S2,2024-01-14 04:00:00,0.2434221473833209,0.39832942914881514,0,0
S2,2024-01-14 04:15:00,0.3308626119848234,0.5089210613241908,0,0
S2,2024-01-14 04:30:00,0.2149447862736604,0.6095320413615789,0,0
S2,2024-01-14 04:45:00,0.21084209078091407,0.41470235052664234,0,0
S2,2024-01-14 05:00:00,0.30530751344331775,0.6051196154420619,0,0
S2,2024-01-14 05:15:00,0.2589187633144717,0.5226534040663594,0,0
S2,2024-01-14 05:30:00,0.22998876994323683,0.46757882969818043,0,0
S2,2024-01-14 05:45:00,0.22604687663340167,0.38906609951090504,0,0
S2,2024-01-14 06:00:00,0.16605913745383238,0.3544020177532174,0,0
S2,2024-01-14 06:15:00,0.22275533676679685,0.6629151065044334,0,0
S2,2024-01-14 06:30:00,0.11955747032889107,0.46395690692853275,0,0
S2,2024-01-14 06:45:00,0.21138099791587994,0.5807362889452092,0,0
S2,2024-01-14 07:00:00,0.03423009592006896,0.2882388954010526,0,0
S2,2024-01-14 07:15:00,0.10671924196042276,0.43808576659983917,0,0
S2,2024-01-14 07:30:00,0.20022114397829616,0.7513758104377113,0,1
S2,2024-01-14 07:45:00,0.14542722419943008,0.31416018154400177,0,0
S2,2024-01-14 08:00:00,0.17683682205935794,0.4586583222644415,0,0
S2,2024-01-14 08:15:00,0.15584441679114663,0.4983887150263369,0,0
S2,2024-01-14 08:30:00,0.13206995401653107,0.295512563844464,0,0
S2,2024-01-14 08:45:00,0.20455194702487636,0.5290715990739716,0,0
S2,2024-01-14 09:00:00,0.1590106863593013,0.41123400834710305,0,0
S2,2024-01-14 09:15:00,0.16636473566109597,0.48126372150351737,0,0
S2,2024-01-14 09:30:00,0.22202736013522595,0.5245241418063546,0,0
S2,2024-01-14 09:45:00,0.23837406154260998,0.6627442403462377,0,0
S2,2024-01-14 10:00:00,0.21892117644723091,0.4660206393457588,0,0
S2,2024-01-14 10:15:00,0.18047219514677657,0.3582619340316613,0,0
S2,2024-01-14 10:30:00,0.2576543861958888,0.48809606583868054,0,0
S2,2024-01-14 10:45:00,0.2329169417797615,0.5390915891777488,0,0
S2,2024-01-14 11:00:00,0.19570892669097706,0.4023814164880345,0,0
S2,2024-01-14 11:15:00,0.23634148914838746,0.4931251319775626,0,0
S2,2024-01-14 11:30:00,0.21846490959490258,0.5040226909412662,0,0
S2,2024-01-14 11:45:00,0.20722532990483564,0.35135349005726085,0,0
S2,2024-01-14 12:00:00,0.18082299964018622,0.40224053141738586,0,0
S2,2024-01-14 12:15:00,0.1467438140984992,0.5010597195249978,0,0
S2,2024-01-14 12:30:00,0.12177964671106656,0.5010597195249978,0,0
S2,2024-01-14 12:45:00,0.13009783315308265,0.4075092743851962,0,0
S2,2024-01-14 13:00:00,0.17106299130519628,0.5077925841396831,0,0
S2,2024-01-14 13:15:00,0.07712395176262889,0.26513755971506037,0,0
S2,2024-01-14 13:30:00,0.203320086914016,0.551335758759252,0,0
S2,2024-01-14 13:45:00,0.2570922108820555,0.5229023048164122,0,0
S2,2024-01-14 14:00:00,0.11028827749159478,0.4596332555908301,0,0
S2,2024-01-14 14:15:00,0.2372986781360825,0.6383794107179666,0,0
S2,2024-01-14 14:30:00,0.21385423680198423,0.48518937099744486,0,0
S2,2024-01-14 14:45:00,0.1995148914537434,0.4015658089005652,0,0
S2,2024-01-14 15:00:00,0.23251291969923712,0.4320873746018638,0,0
S2,2024-01-14 15:15:00,0.16981490605139857,0.34878819482037765,0,0
S2,2024-01-14 15:30:00,0.21957106763699735,0.4148312791253128,0,0
S2,2024-01-14 15:45:00,0.2057869460286062,0.46372056004744167,0,0
S2,2024-01-14 16:00:00,0.19778378637679273,0.5480096604887104,0,0
S2,2024-01-14 16:15:00,0.16993651143289437,0.5055912826999758,0,0
S2,2024-01-14 16:30:00,0.11862141828294946,0.3124549430672887,0,0
S2,2024-01-14 16:45:00,0.1734147356999362,0.4114131259611968,0,0
S2,2024-01-14 17:00:00,0.2032912041821174,0.5322538594373201,0,0
S2,2024-01-14 17:15:00,0.16971685941470704,0.4120531632676803,0,0
S2,2024-01-14 17:30:00,0.1829057503291403,0.5084606953449518,0,0
S2,2024-01-14 17:45:00,0.18868489000081728,0.44336805269635554,0,0
S2,2024-01-14 18:00:00,0.12287532234764645,0.2968062825253186,0,0
S2,2024-01-14 18:15:00,0.13774006890281695,0.48267087371382644,0,0
S2,2024-01-14 18:30:00,0.06504292246661943,0.30957817333654003,0,0
S2,2024-01-14 18:45:00,0.08302966297381391,0.30801169168880954,0,0
S2,2024-01-14 19:00:00,0.14130038311482035,0.2911986631125151,0,0
S2,2024-01-14 19:15:00,0.14630299422278686,0.4472207059893928,0,0
S2,2024-01-14 19:30:00,0.19621733188550716,0.26369261844324665,0,0
S2,2024-01-14 19:45:00,0.1724000487849914,0.590373371339952,0,0
S2,2024-01-14 20:00:00,0.22430432959435057,0.34135053563607015,0,0
S2,2024-01-14 20:15:00,0.14772022459000833,0.3520288272782356,0,0
S2,2024-01-14 20:30:00,0.191980744750766,0.5525626510060174,0,0
S2,2024-01-14 20:45:00,0.353249378507416,0.6413101106066686,0,0
S2,2024-01-14 21:00:00,0.2749759354414824,0.5154403764859765,0,0
S2,2024-01-14 21:15:00,0.2871845260162007,0.5216385771110237,0,0
S2,2024-01-14 21:30:00,0.23281650191833694,0.3538810554616623,0,0
S2,2024-01-14 21:45:00,0.19840389423796084,0.6026614815822543,0,0
S2,2024-01-14 22:00:00,0.1564852601018339,0.39703738570580294,0,0
S2,2024-01-14 22:15:00,0.18142958469996412,0.3032691009591714,0,0
S2,2024-01-14 22:30:00,0.21582649108900287,0.3224350236909442,0,0
S2,2024-01-14 22:45:00,0.09746954173499756,0.36220376575679736,0,0
S2,2024-01-14 23:00:00,0.2792543913213584,0.4959707118676678,0,0
S2,2024-01-14 23:15:00,0.17328546235417258,0.4900537855422823,0,0
S2,2024-01-14 23:30:00,0.14150670526237175,0.4300195143145951,0,0
S2,2024-01-14 23:45:00,0.14602103577283637,0.39547003977846124,0,0
S2,2024-01-15 00:00:00,0.27881668450466696,0.5044688135227705,0,0
S2,2024-01-15 00:15:00,0.242043814667168,0.45956133954371503,0,0
S2,2024-01-15 00:30:00,0.22343407998696255,0.40975828432575334,0,0
S2,2024-01-15 00:45:00,0.19114778515388572,0.5102562600395534,0,0
S2,2024-01-15 01:00:00,0.2182516167940961,0.6263520253856956,0,0
S2,2024-01-15 01:15:00,0.19850093559100604,0.4590319111553155,0,0
S2,2024-01-15 01:30:00,0.12331938362764891,0.3204296083547797,0,0
S2,2024-01-15 01:45:00,0.1338094917369024,0.49342953663637,0,0
S2,2024-01-15 02:00:00,0.1261308129501533,0.3945665371942351,0,0
S2,2024-01-15 02:15:00,0.22769839916235188,0.8686623109708338,0,1
S2,2024-01-15 02:30:00,0.1693199201112917,0.4173749725803697,0,0
S2,2024-01-15 02:45:00,0.25916221347632645,0.6410456672755825,0,0
S2,2024-01-15 03:00:00,0.08396981190925826,0.44785445254832873,0,0
S2,2024-01-15 03:15:00,0.22822896357356728,0.44338124973294246,0,0
S2,2024-01-15 03:30:00,0.10832645705930893,0.24866981853030193,0,0
S2,2024-01-15 03:45:00,0.1283026763885008,0.36076384305556464,0,0
S2,2024-01-15 04:00:00,0.06670895836823582,0.341767952769279,0,0
S2,2024-01-15 04:15:00,0.17528163823825768,0.6112647437920381,0,0
S2,2024-01-15 04:30:00,0.14634055891622133,0.44419135935522425,0,0
S2,2024-01-15 04:45:00,0.1834697157277107,0.3563265608302693,0,0
S2,2024-01-15 05:00:00,0.11838047860252161,0.5887562734272216,0,0
S2,2024-01-15 05:15:00,0.09029547581741401,0.5069538169741693,0,0
S2,2024-01-15 05:30:00,0.07829145445921669,0.34714506928426436,0,0
S2,2024-01-15 05:45:00,0.15511685207711662,0.43065362237655636,0,0
S2,2024-01-15 06:00:00,0.028771464383912003,0.19607602355741618,0,0
S2,2024-01-15 06:15:00,0.12228104890509278,0.3926632256713016,0,0
S2,2024-01-15 06:30:00,0.11511869679459395,0.4199210118572041,0,0
S2,2024-01-15 06:45:00,0.1673255405941786,0.35919132662516096,0,0
S2,2024-01-15 07:00:00,0.09789170944542377,0.3109374030850913,0,0
S2,2024-01-15 07:15:00,0.1735737035941585,0.41928330613098475,0,0
S2,2024-01-15 07:30:00,0.10845962529953979,0.6510483943185367,0,0
S2,2024-01-15 07:45:00,0.15450945038343736,0.41687893752073624,0,0
S2,2024-01-15 08:00:00,0.30404578482207284,0.5615341783353248,0,0
S2,2024-01-15 08:15:00,0.2494585756172116,0.6008196892323373,0,0
S2,2024-01-15 08:30:00,0.11467499885158511,0.41128054096925243,0,0
S2,2024-01-15 08:45:00,0.1963685580149926,0.6055501845860387,0,0
S2,2024-01-15 09:00:00,0.16093716767079178,0.43651141065906085,0,0
S2,2024-01-15 09:15:00,0.14808318799874243,0.3204539709295615,0,0
S2,2024-01-15 09:30:00,0.21960840866851952,0.4362608812936273,0,0
S2,2024-01-15 09:45:00,0.20542580981502342,0.4425385418880355,0,0
S2,2024-01-15 10:00:00,0.1672639619890951,0.33548321419684973,0,0
S2,2024-01-15 10:15:00,0.1510552947463923,0.4795200918523586,0,0
S2,2024-01-15 10:30:00,0.16596875136585962,0.44388697201194144,0,0
S2,2024-01-15 10:45:00,0.23512482313364988,0.49798421391098435,0,0
S2,2024-01-15 11:00:00,0.12978826687659506,0.35081171165317543,0,0
S2,2024-01-15 11:15:00,0.15111657818246813,0.520240752471355,0,0
S2,2024-01-15 11:30:00,0.12878012913854453,0.44549270533017904,0,0
S2,2024-01-15 11:45:00,0.06340956891697903,0.25185392044252736,0,0
S2,2024-01-15 12:00:00,0.152146520838444,0.2699983792652604,0,0
S2,2024-01-15 12:15:00,0.10396492127233455,0.24800652897527556,0,0
S2,2024-01-15 12:30:00,0.07231393039998178,0.5400384963681626,0,0
S2,2024-01-15 12:45:00,0.18509673818139152,0.6116628419366484,0,0
S2,2024-01-15 13:00:00,0.17361031305479713,0.3932496037586565,0,0
S2,2024-01-15 13:15:00,0.05592566528989477,0.45094337363339476,0,0
S2,2024-01-15 13:30:00,0.10993045441980205,0.38310236216450855,0,0
S2,2024-01-15 13:45:00,0.15926186939037976,0.661907806642256,0,0
S2,2024-01-15 14:00:00,0.12626281914987517,0.5613852720787987,0,0
S2,2024-01-15 14:15:00,0.06968958543882943,0.5078820713753271,0,0
S2,2024-01-15 14:30:00,0.12919685055069133,0.56182580669785,0,0
S2,2024-01-15 14:45:00,0.13699989288722922,0.308365162383381,0,0
S2,2024-01-15 15:00:00,0.14977816299682598,0.5453558355671024,0,0
S2,2024-01-15 15:15:00,0.17966580787078942,0.5136898143999415,0,0
S2,2024-01-15 15:30:00,0.07185382622261938,0.38960796094849204,0,0
S2,2024-01-15 15:45:00,0.1412962398436084,0.32822286963733427,0,0
S2,2024-01-15 16:00:00,0.1300576204800375,0.40626685448178695,0,0
S2,2024-01-15 16:15:00,0.21975082554607947,0.4751469554199393,0,0
S2,2024-01-15 16:30:00,0.11140490916060186,0.38387096548629285,0,0
S2,2024-01-15 16:45:00,0.16431462061076227,0.47934432588797443,0,0
S2,2024-01-15 17:00:00,0.12029163531604037,0.5865748076225915,0,0
S2,2024-01-15 17:15:00,0.05891152874823636,0.25985948361248834,0,0
S2,2024-01-15 17:30:00,0.13497516028217973,0.37354989130068256,0,0
S2,2024-01-15 17:45:00,0.1349795790761815,0.3944318859141158,0,0
S2,2024-01-15 18:00:00,0.19423059245235236,0.41822855096648864,0,0
S2,2024-01-15 18:15:00,0.16343825175936363,0.4195015008189474,0,0
S2,2024-01-15 18:30:00,0.2557616317917672,0.46068255512533735,0,0
S2,2024-01-15 18:45:00,0.2627832558109147,0.5539502836860474,0,0
S2,2024-01-15 19:00:00,0.27235015352993847,0.6669802592253098,0,1
S2,2024-01-15 19:15:00,0.29370368864213825,0.7541414368147509,0,1
S2,2024-01-15 19:30:00,0.24379662765095214,0.43965679213116177,0,0
S2,2024-01-15 19:45:00,0.2637334286539922,0.649801446326517,0,0
S2,2024-01-15 20:00:00,0.2542000827802138,0.5609762814731611,0,0
S2,2024-01-15 20:15:00,0.2642030829435356,0.530471746174181,0,0
S2,2024-01-15 20:30:00,0.25930896468762765,0.5153348938717903,0,0
S2,2024-01-15 20:45:00,0.2993066725396123,0.5096333393925451,0,0
S2,2024-01-15 21:00:00,0.37096241576652617,0.7631529194615309,0,1
S2,2024-01-15 21:15:00,0.32881160829164285,0.6943971551515555,0,1
S2,2024-01-15 21:30:00,0.27299813528313877,0.6106650415341627,0,0
S2,2024-01-15 21:45:00,0.2692810482913389,0.5147844315740631,0,0
S2,2024-01-15 22:00:00,0.2230696124863632,0.6118164858908142,0,0
S2,2024-01-15 22:15:00,0.26400751838866315,0.5949874165444414,0,0
S2,2024-01-15 22:30:00,0.268223707800945,0.3779055257703348,0,0
S2,2024-01-15 22:45:00,0.31257523981371194,0.9203791067766716,0,1
S2,2024-01-15 23:00:00,0.21179703187196697,0.45700281597165254,0,0
S2,2024-01-15 23:15:00,0.274605898761866,0.5350146227917696,0,0
S2,2024-01-15 23:30:00,0.2179620182134857,0.395306204844599,0,0
S2,2024-01-15 23:45:00,0.24095621142789367,0.5842972167345838,0,0
S2,2024-01-16 00:00:00,0.3371940586164095,0.6314673239638227,0,0
S2,2024-01-16 00:15:00,0.27582720350437695,0.4363695226068441,0,0
S2,2024-01-16 00:30:00,0.3820093210823394,0.4856171020442715,0,0
S2,2024-01-16 00:45:00,0.19546297703812965,0.40201902559672575,0,0
S2,2024-01-16 01:00:00,0.22603831033157215,0.5091061484079434,0,0
S2,2024-01-16 01:15:00,0.21029783453002476,0.3429096383158011,0,0
S2,2024-01-16 01:30:00,0.1777008448786478,0.4709246386439528,0,0
S2,2024-01-16 01:45:00,0.20580232430087167,0.6282056700506873,0,0
S2,2024-01-16 02:00:00,0.31279502264879133,0.5722190303553861,0,0
S2,2024-01-16 02:15:00,0.17884060745347105,0.37600423158235247,0,0
S2,2024-01-16 02:30:00,0.20400435203613124,0.5441084590216223,0,0
S2,2024-01-16 02:45:00,0.15265752483964867,0.41840490946797176,0,0
S2,2024-01-16 03:00:00,0.15899188104733208,0.2917435528651026,0,0
S2,2024-01-16 03:15:00,0.13124268202384431,0.3574940186598337,0,0
S2,2024-01-16 03:30:00,0.17705845705872278,0.5103512078494954,0,0
S2,2024-01-16 03:45:00,0.10811412275097847,0.4992027516468561,0,0
S2,2024-01-16 04:00:00,0.09486373597609082,0.46556107988820755,0,0
S2,2024-01-16 04:15:00,0.08173581070752145,0.2738568440546176,0,0
S2,2024-01-16 04:30:00,0.11691163602126448,0.3867981093467686,0,0
S2,2024-01-16 04:45:00,0.06785143870526693,0.6914923607582385,0,1
S2,2024-01-16 05:00:00,0.1480305814865107,0.41720304317628826,0,0
S2,2024-01-16 05:15:00,0.17336717302829274,0.45626652234504983,0,0
S2,2024-01-16 05:30:00,0.1982108119985284,0.40957521325140694,0,0
S2,2024-01-16 05:45:00,0.04224566163813147,0.29909225822199037,0,0
S2,2024-01-16 06:00:00,0.07561823010168661,0.3121624984302745,0,0
S2,2024-01-16 06:15:00,0.08521815616789774,0.5312084020168867,0,0
S2,2024-01-16 06:30:00,0.13329777785704808,0.391898869601661,0,0
S2,2024-01-16 06:45:00,0.04609007503521646,0.3752076236041721,0,0
S2,2024-01-16 07:00:00,0.16224323918490285,0.48377535649243036,0,0
S2,2024-01-16 07:15:00,0.14374327747923552,0.6307400049418918,0,0
S2,2024-01-16 07:30:00,0.21161904681471264,0.48822220035057223,0,0
S2,2024-01-16 07:45:00,0.05896456551885537,0.4521372071781492,0,0
S2,2024-01-16 08:00:00,0.08999198474844453,0.4659561007866315,0,0
S2,2024-01-16 08:15:00,0.24947146198113476,0.6204026114851082,0,0
S2,2024-01-16 08:30:00,0.17338265229296418,0.5014633268770384,0,0
S2,2024-01-16 08:45:00,0.21675977249486594,0.46821568596330093,0,0
S2,2024-01-16 09:00:00,0.15658581133953323,0.43043860034021175,0,0
S2,2024-01-16 09:15:00,0.15650896960080235,0.5587946291807476,0,0
S2,2024-01-16 09:30:00,0.22192706542282362,0.4710369204174366,0,0
S2,2024-01-16 09:45:00,0.21531975408678194,0.4533675264987969,0,0
S2,2024-01-16 10:00:00,0.2762099852711862,0.4811042852674266,0,0
S2,2024-01-16 10:15:00,0.2506053722756244,0.4734618718687651,0,0
S2,2024-01-16 10:30:00,0.21143145251462347,0.36061717051693104,0,0
S2,2024-01-16 10:45:00,0.30478873656235,0.4973373272457275,0,0
S2,2024-01-16 11:00:00,0.2918550208783975,0.3576628511017407,0,0
S2,2024-01-16 11:15:00,0.19820830862336777,0.36420689277122986,0,0
S2,2024-01-16 11:30:00,0.19611747389234702,0.39766286844015736,0,0
S2,2024-01-16 11:45:00,0.1794930296369903,0.41563491709399636,0,0
S2,2024-01-16 12:00:00,0.1424429778588719,0.45938499258172033,0,0
S2,2024-01-16 12:15:00,0.1816312124442379,0.3399134443047594,0,0
S2,2024-01-16 12:30:00,0.16414349519065288,0.36710510783852257,0,0
S2,2024-01-16 12:45:00,0.11490688674892105,0.46422075890681297,0,0
S2,2024-01-16 13:00:00,0.16649907888129556,0.46422075890681297,0,0
S2,2024-01-16 13:15:00,0.11020338477890348,0.3602604960891171,0,0
S2,2024-01-16 13:30:00,0.14948683244555336,0.39112713557878986,0,0
S2,2024-01-16 13:45:00,0.02413770447625108,0.26378050920374674,0,0
S2,2024-01-16 14:00:00,0.06377375437320842,0.3767857386665828,0,0
S2,2024-01-16 14:15:00,0.1393834161208546,0.7907148619263586,0,1
S2,2024-01-16 14:30:00,0.1858004917377542,0.46985563355292786,0,0
S2,2024-01-16 14:45:00,0.0739988845040086,0.2308126064148411,0,0
S2,2024-01-16 15:00:00,0.14629704877421917,0.5918134363403901,0,0
S2,2024-01-16 15:15:00,0.13602532623627273,0.3715236475998784,0,0
S2,2024-01-16 15:30:00,0.14014980454028983,0.34189130474009943,0,0
S2,2024-01-16 15:45:00,0.06367570890415936,0.43289874704684767,0,0
S2,2024-01-16 16:00:00,0.23564700642341815,0.7600351546620095,0,1
S2,2024-01-16 16:15:00,0.10778247620127733,0.35167745568728226,0,0
S2,2024-01-16 16:30:00,0.12584212019555904,0.4567825194154546,0,0
S2,2024-01-16 16:45:00,0.21903719819611803,0.5717299420892473,0,0
S2,2024-01-16 17:00:00,0.08391441379955192,0.26148442383694925,0,0
S2,2024-01-16 17:15:00,0.10631658582740477,0.2436521617412837,0,0
S2,2024-01-16 17:30:00,0.15032027195230255,0.4389119883355731,0,0
S2,2024-01-16 17:45:00,0.12667682232284755,0.45150545248760743,0,0
S2,2024-01-16 18:00:00,0.1570808705136891,0.42291102523724455,0,0
S2,2024-01-16 18:15:00,0.09543521378726279,0.38831471619242586,0,0
S2,2024-01-16 18:30:00,0.20779824265747118,0.5432747495134114,0,0
S2,2024-01-16 18:45:00,0.18978071306518254,0.46246280339552387,0,0
S2,2024-01-16 19:00:00,0.17677480893161704,0.477133442148191,0,0
S2,2024-01-16 19:15:00,0.2824334129569957,0.6505705212772703,0,0
S2,2024-01-16 19:30:00,0.2428985560085245,0.587327914442293,0,0
S2,2024-01-16 19:45:00,0.3100600010636145,0.7366654628597417,0,1
S2,2024-01-16 20:00:00,0.2799758047846376,0.6159536454198856,0,0
S2,2024-01-16 20:15:00,0.2559860387893824,0.583666971320144,0,0
S2,2024-01-16 20:30:00,0.3375442109902912,0.7639560118462158,0,1
S2,2024-01-16 20:45:00,0.34466101488921747,0.6281655380813573,0,0
S2,2024-01-16 21:00:00,0.3760157773011328,0.4708677832712208,0,0
S2,2024-01-16 21:15:00,0.3558803847751321,0.9360938416722712,0,1
S2,2024-01-16 21:30:00,0.3287396123817937,0.649587103310699,0,0
S2,2024-01-16 21:45:00,0.3646092288491867,0.6452112305553062,0,0
S2,2024-01-16 22:00:00,0.30513566456451974,0.567517553120909,0,0
S2,2024-01-16 22:15:00,0.26334683234341355,0.4960267286853596,0,0
S2,2024-01-16 22:30:00,0.2024173828555419,0.2885375157100554,0,0
S2,2024-01-16 22:45:00,0.3005763570953449,0.6255109703554511,0,0
S2,2024-01-16 23:00:00,0.28528383622120174,0.3029801832343543,0,0
S2,2024-01-16 23:15:00,0.3536982069116773,0.4451786540232633,0,0
S2,2024-01-16 23:30:00,0.2370213785093086,0.34432922521115356,0,0
S2,2024-01-16 23:45:00,0.1705110405001122,0.38220174834906956,0,0
S2,2024-01-17 00:00:00,0.39799945368146034,0.4631760145113679,0,0
S2,2024-01-17 00:15:00,0.26478621041648914,0.3399824541284951,0,0
S2,2024-01-17 00:30:00,0.31037785935983636,0.48516824330745484,0,0
S2,2024-01-17 00:45:00,0.2695311267025637,0.4765866853460036,0,0
S2,2024-01-17 01:00:00,0.258000532114318,0.44374362969291437,0,0
S2,2024-01-17 01:15:00,0.27383179514981687,0.46877173851964804,0,0
S2,2024-01-17 01:30:00,0.3006409863565197,0.6906840615047365,0,1
S2,2024-01-17 01:45:00,0.2758576854185794,0.5227962612752621,0,0
S2,2024-01-17 02:00:00,0.08096757051676594,0.44466591159176894,0,0
S2,2024-01-17 02:15:00,0.3024150312787239,0.46219177576612297,0,0
S2,2024-01-17 02:30:00,0.0992797720947223,0.41596870813088327,0,0
S2,2024-01-17 02:45:00,0.11017690676416579,0.5551764239452075,0,0
S2,2024-01-17 03:00:00,0.16440598953161692,0.4848473284269073,0,0
S2,2024-01-17 03:15:00,0.05686602304407497,0.3976647378797322,0,0
S2,2024-01-17 03:30:00,0.02046492554092779,0.25333613784152575,0,0
S2,2024-01-17 03:45:00,0.17278145181774712,0.43108086586383243,0,0
S2,2024-01-17 04:00:00,0.12250171763454665,0.39567281438853924,0,0
S2,2024-01-17 04:15:00,0.23965171493658144,0.5424568213936753,0,0
S2,2024-01-17 04:30:00,0.13347741084281337,0.3424222681931088,0,0
S2,2024-01-17 04:45:00,0.06076285803464791,0.4629226321597211,0,0
S2,2024-01-17 05:00:00,0.13985911250977584,0.5183042154842836,0,0
S2,2024-01-17 05:15:00,0.08606928863617924,0.3084076531137404,0,0
S2,2024-01-17 05:30:00,0.1022643721242894,0.5936330738700778,0,0
S2,2024-01-17 05:45:00,0.15681937311932917,0.44070919232577105,0,0
S2,2024-01-17 06:00:00,0.1844982075412693,0.4527211438928168,0,0
S2,2024-01-17 06:15:00,0.09747664567811075,0.34322224834129245,0,0
S2,2024-01-17 06:30:00,0.17561129427763908,0.6276300877851396,0,0
S2,2024-01-17 06:45:00,0.1676982303850838,0.5749883065928565,0,0
S2,2024-01-17 07:00:00,0.16216292531601,0.5632251339612502,0,0
S2,2024-01-17 07:15:00,0.2944042691346931,0.625329260914342,0,0
S2,2024-01-17 07:30:00,0.10910401227549951,0.3009694312315134,0,0
S2,2024-01-17 07:45:00,0.15639198296291304,0.37505484390320526,0,0
S2,2024-01-17 08:00:00,0.16846975285352822,0.44900258528012316,0,0
S2,2024-01-17 08:15:00,0.21784377870440494,0.38509624886871874,0,0
S2,2024-01-17 08:30:00,0.19423802830158513,0.437109291394246,0,0
S2,2024-01-17 08:45:00,0.24714709633399728,0.6772880640069305,0,1
S2,2024-01-17 09:00:00,0.17035564752109564,0.36526637286438224,0,0
S2,2024-01-17 09:15:00,0.2825821578143354,0.6135112282742656,0,0
S2,2024-01-17 09:30:00,0.1852070432098021,0.4011553981324252,0,0
S2,2024-01-17 09:45:00,0.1844843728801501,0.4768122993428007,0,0
S2,2024-01-17 10:00:00,0.21376018094405969,0.4405573977129434,0,0
S2,2024-01-17 10:15:00,0.16768378288343677,0.3780654354112755,0,0
S2,2024-01-17 10:30:00,0.1976893472716477,0.37577924911258614,0,0
S2,2024-01-17 10:45:00,0.28702775848581796,0.4517778968171668,0,0
S2,2024-01-17 11:00:00,0.2325426164825867,0.5274594603377531,0,0
S2,2024-01-17 11:15:00,0.21493348680073213,0.47160133757474865,0,0
S2,2024-01-17 11:30:00,0.18458279720264512,0.27312870375113685,0,0
S2,2024-01-17 11:45:00,0.0847187532387204,0.1844090869153942,0,0
S2,2024-01-17 12:00:00,0.17627095785291272,0.48958537151633225,0,0
S2,2024-01-17 12:15:00,0.08149573299179991,0.35470635293417246,0,0
S2,2024-01-17 12:30:00,0.1743696550068568,0.6051827699803402,0,0
S2,2024-01-17 12:45:00,0.12593169838514412,0.44469675629257976,0,0
S2,2024-01-17 13:00:00,0.12834061317235435,0.5049717245716018,0,0
S2,2024-01-17 13:15:00,0.1498020157515203,0.3859991080920871,0,0
S2,2024-01-17 13:30:00,0.058438851038158324,0.48159500728923094,0,0
S2,2024-01-17 13:45:00,0.13955322639344803,0.43964150427584625,0,0
S2,2024-01-17 14:00:00,0.0702315289540408,0.43596591912381216,0,0
S2,2024-01-17 14:15:00,0.07744727841230789,0.6132624033483753,0,0
S2,2024-01-17 14:30:00,0.04134498801836392,0.24835492120429434,0,0
S2,2024-01-17 14:45:00,0.06624805806468288,0.3402820601703024,0,0
S2,2024-01-17 15:00:00,0.061730167531512475,0.27906559387651,0,0
S2,2024-01-17 15:15:00,0.06229918666776111,0.4028491718720347,0,0
S2,2024-01-17 15:30:00,0.15196919153649793,0.4331017764047805,0,0
S2,2024-01-17 15:45:00,0.1313767548768874,0.3933302930978982,0,0
S2,2024-01-17 16:00:00,0.109054384758411,0.5294478563898596,0,0
S2,2024-01-17 16:15:00,0.14553296365765844,0.3876904463078408,0,0
S2,2024-01-17 16:30:00,0.14350059228954998,0.5005163780975869,0,0
S2,2024-01-17 16:45:00,0.19236885666876855,0.5436430143512583,0,0
S2,2024-01-17 17:00:00,0.05268139478473611,0.3054404119243624,0,0
S2,2024-01-17 17:15:00,0.1032468293668491,0.37356391697568975,0,0
S2,2024-01-17 17:30:00,0.21120679385621247,0.47276096672127516,0,0
S2,2024-01-17 17:45:00,0.13052842066568043,0.3200722801824809,0,0
S2,2024-01-17 18:00:00,0.1264140218544394,0.5349369908119656,0,0
S2,2024-01-17 18:15:00,0.16653808222499067,0.555171650735623,0,0
S2,2024-01-17 18:30:00,0.1792969527672475,0.5482832151518038,0,0
S2,2024-01-17 18:45:00,0.16827115065598922,0.5139934466010917,0,0
S2,2024-01-17 19:00:00,0.15791415839438963,0.5214261472977121,0,0
S2,2024-01-17 19:15:00,0.20549150324456264,0.6087973871295256,0,0
S2,2024-01-17 19:30:00,0.19474633505185288,0.6467039547533595,0,0
S2,2024-01-17 19:45:00,0.13670949737131124,0.5746257740854,0,0
S2,2024-01-17 20:00:00,0.24541249668103504,0.6390441988165562,0,0
S2,2024-01-17 20:15:00,0.2685033202160799,0.7256866292394047,0,1
S2,2024-01-17 20:30:00,0.2652797515179494,0.467049121116926,0,0
S2,2024-01-17 20:45:00,0.34259070642178935,0.5863903128423762,0,0
S2,2024-01-17 21:00:00,0.23718083886457375,0.6399106777099699,0,0
S2,2024-01-17 21:15:00,0.436139504716246,0.8229491434835507,0,1
S2,2024-01-17 21:30:00,0.27518636633739985,0.42437471728302945,0,0
S2,2024-01-17 21:45:00,0.3229165599720885,0.5980104549347147,0,0
S2,2024-01-17 22:00:00,0.27899744912409136,0.2975791299139742,0,0
S2,2024-01-17 22:15:00,0.238538446838224,0.43472972109486435,0,0
S2,2024-01-17 22:30:00,0.28365015509488706,0.4664611520673695,0,0
S2,2024-01-17 22:45:00,0.2893154914766619,0.30314993477740315,0,0
S2,2024-01-17 23:00:00,0.23810669092221615,0.45263011976335227,0,0
S2,2024-01-17 23:15:00,0.19667718305007567,0.5503093755709353,0,0
S2,2024-01-17 23:30:00,0.2853430864575444,0.2835847485076219,0,0
S2,2024-01-17 23:45:00,0.3229680529077983,0.3651616194456955,0,0
S2,2024-01-18 00:00:00,0.39053321318657586,0.4722067143420961,0,0
S2,2024-01-18 00:15:00,0.39163502404815,0.48977918178804297,0,0
S2,2024-01-18 00:30:00,0.35255864519268343,0.6161768679267776,0,0
S2,2024-01-18 00:45:00,0.21536902801428243,0.44899767061629114,0,0
S2,2024-01-18 01:00:00,0.3251771301988905,0.5340839379874736,0,0
S2,2024-01-18 01:15:00,0.22227328316255246,0.5142128681842831,0,0
S2,2024-01-18 01:30:00,0.18080132469909216,0.617978908819132,0,0
S2,2024-01-18 01:45:00,0.29269757876312147,0.8545016589568807,0,1
S2,2024-01-18 02:00:00,0.3210558297450255,0.3843505399999773,0,0
S2,2024-01-18 02:15:00,0.23728020505637937,0.5615161730640177,0,0
S2,2024-01-18 02:30:00,0.29174794669048437,0.6412445022317547,0,0
S2,2024-01-18 02:45:00,0.31499497568517426,0.5194793257809784,0,0
S2,2024-01-18 03:00:00,0.14228388123665026,0.45616340779547293,0,0
S2,2024-01-18 03:15:00,0.1873914653764185,0.6705519929111095,0,1
S2,2024-01-18 03:30:00,0.2575537023692748,0.5505448366094339,0,0
S2,2024-01-18 03:45:00,0.08601738045910819,0.35671595078427715,0,0
S2,2024-01-18 04:00:00,0.17881436557019004,0.3908377338299835,0,0
S2,2024-01-18 04:15:00,0.20769842046757547,0.5371257928985916,0,0
S2,2024-01-18 04:30:00,0.18609748606519233,0.6083109561602944,0,0
S2,2024-01-18 04:45:00,0.1321142012388853,0.43640771921634525,0,0
S2,2024-01-18 05:00:00,0.11342729155072642,0.5644673799279594,0,0
S2,2024-01-18 05:15:00,0.24269839669214174,0.5644673799279594,0,0
S2,2024-01-18 05:30:00,0.20851627191178426,0.4654944853918859,0,0
S2,2024-01-18 05:45:00,0.2070650757621922,0.5826203489068827,0,0
S2,2024-01-18 06:00:00,0.10538856205953687,0.3430164676796086,0,0
S2,2024-01-18 06:15:00,0.12437803844181025,0.33424690611607183,0,0
S2,2024-01-18 06:30:00,0.14018750513675446,0.2792267878206788,0,0
S2,2024-01-18 06:45:00,0.35235183030657347,0.733637544322596,0,1
S2,2024-01-18 07:00:00,0.11346994147533813,0.25204415516754647,0,0
S2,2024-01-18 07:15:00,0.13034603166415784,0.29960023340692976,0,0
S2,2024-01-18 07:30:00,0.0957925378421574,0.40720748607932256,0,0
S2,2024-01-18 07:45:00,0.24855920109909696,0.7541241863688051,0,1
S2,2024-01-18 08:00:00,0.2431527395511294,0.44688448475314935,0,0
S2,2024-01-18 08:15:00,0.11963081246684579,0.41822635321225504,0,0
S2,2024-01-18 08:30:00,0.24086758712492126,0.7803675255298839,0,1
S2,2024-01-18 08:45:00,0.2431723750624004,0.6270611394155896,0,0
S2,2024-01-18 09:00:00,0.09574969286345494,0.40547770927555865,0,0
S2,2024-01-18 09:15:00,0.2537883805598638,0.548364970904474,0,0
S2,2024-01-18 09:30:00,0.23796921250499528,0.7595726746331763,0,1
S2,2024-01-18 09:45:00,0.2302133424496249,0.5978271500016432,0,0
S2,2024-01-18 10:00:00,0.19585537990162322,0.4526002109718152,0,0
S2,2024-01-18 10:15:00,0.19040856527129912,0.32444253281824914,0,0
S2,2024-01-18 10:30:00,0.20469622243233968,0.48604748990622143,0,0
S2,2024-01-18 10:45:00,0.2353309847965018,0.5327637896393596,0,0
S2,2024-01-18 11:00:00,0.15610125434812283,0.3613201651988921,0,0
S2,2024-01-18 11:15:00,0.19415245252109342,0.25316059947097214,0,0
S2,2024-01-18 11:30:00,0.11902178878455477,0.28521146885726867,0,0
S2,2024-01-18 11:45:00,0.14350614468586556,0.32891520517185735,0,0
S2,2024-01-18 12:00:00,0.16034792925062996,0.2919971372778782,0,0
S2,2024-01-18 12:15:00,0.1400842796261288,0.3981298733500666,0,0
S2,2024-01-18 12:30:00,0.0768085202980693,0.2641077327271333,0,0
S2,2024-01-18 12:45:00,0.1067440810264448,0.23926204644714497,0,0
S2,2024-01-18 13:00:00,0.14602810955561835,0.5532241065158559,0,0
S2,2024-01-18 13:15:00,0.11275969638337023,0.35805524317392384,0,0
S2,2024-01-18 13:30:00,0.11100686858911182,0.5347822297983764,0,0
S2,2024-01-18 13:45:00,0.16580863112050565,0.5498164908056934,0,0
S2,2024-01-18 14:00:00,0.1256507148313755,0.5044764304217964,0,0
S2,2024-01-18 14:15:00,0.1112142369222269,0.49406385455315005,0,0
S2,2024-01-18 14:30:00,0.09594810194205129,0.3833688272379358,0,0
S2,2024-01-18 14:45:00,0.10530871372239227,0.5613173859474372,0,0
S2,2024-01-18 15:00:00,0.11916796929137932,0.6179924428529893,0,0
S2,2024-01-18 15:15:00,0.07139992577458305,0.2844263847373866,0,0
S2,2024-01-18 15:30:00,0.22116714470324086,0.4649200751912502,0,0
S2,2024-01-18 15:45:00,0.19209368852239705,0.7317882440961982,0,1
S2,2024-01-18 16:00:00,0.22099517845116518,0.8019776883049398,0,1
S2,2024-01-18 16:15:00,0.050786674892195745,0.24730291829132725,0,0
S2,2024-01-18 16:30:00,0.16840241485784846,0.5986028823484634,0,0
S2,2024-01-18 16:45:00,0.14425112283405372,0.3327633602186081,0,0
S2,2024-01-18 17:00:00,0.1604671933028073,0.3749037821072173,0,0
S2,2024-01-18 17:15:00,0.19177616875532527,0.31921823957241446,0,0
S2,2024-01-18 17:30:00,0.18809964507786872,0.343373085079043,0,0
S2,2024-01-18 17:45:00,0.21253525452837396,0.44747986755266955,0,0
S2,2024-01-18 18:00:00,0.18091876087221156,0.44361071660447865,0,0
S2,2024-01-18 18:15:00,0.25469310642844856,0.6379591502481979,0,0
S2,2024-01-18 18:30:00,0.2407853795865198,0.5340645406197188,0,0
S2,2024-01-18 18:45:00,0.18109567230502033,0.5736852939166466,0,0
S2,2024-01-18 19:00:00,0.18097419600698064,0.4936347596460411,0,0
S2,2024-01-18 19:15:00,0.21031447129938577,0.5221145136558148,0,0
S2,2024-01-18 19:30:00,0.3338313205935102,0.7708266331310335,0,1
S2,2024-01-18 19:45:00,0.36307846924880577,0.662694798433752,0,0
S2,2024-01-18 20:00:00,0.2772436194587409,0.5194753274311039,0,0
S2,2024-01-18 20:15:00,0.31817811272109436,0.5855657868712199,0,0
S2,2024-01-18 20:30:00,0.3042584050288122,0.46887742610896377,0,0
S2,2024-01-18 20:45:00,0.4197480161734677,0.6795294293313565,0,1
S2,2024-01-18 21:00:00,0.2951085861138078,0.5884876969107121,0,0
S2,2024-01-18 21:15:00,0.29847136416361925,0.6696376846467402,0,1
S2,2024-01-18 21:30:00,0.27672849169785874,0.503192959573413,0,0
S2,2024-01-18 21:45:00,0.2972292488927535,0.7818460139913873,0,1
S2,2024-01-18 22:00:00,0.24839163497328992,0.5922371311719669,0,0
S2,2024-01-18 22:15:00,0.17828645774219395,0.3455061358914863,0,0
S2,2024-01-18 22:30:00,0.2998399004870939,0.6323796624897734,0,0
S2,2024-01-18 22:45:00,0.3230665420927569,0.7438065249325772,0,1
S2,2024-01-18 23:00:00,0.37286296015701925,0.9999999997182061,0,1
S2,2024-01-18 23:15:00,0.21170448129461839,0.23730294340772315,0,0
S2,2024-01-18 23:30:00,0.252710959234869,0.33397655692433026,0,0
S2,2024-01-18 23:45:00,0.23876451812918806,0.3329876124792064,0,0
S2,2024-01-19 00:00:00,0.49808697372722005,0.5097028271484989,0,0
S2,2024-01-19 00:15:00,0.4847274892177686,0.5712940973786612,0,0
S2,2024-01-19 00:30:00,0.28148647909902774,0.46376336135614055,0,0
S2,2024-01-19 00:45:00,0.33256555931351256,0.47781212987048516,0,0
S2,2024-01-19 01:00:00,0.31158336477970033,0.6721076320927633,0,1
S2,2024-01-19 01:15:00,0.3139255192944426,0.8230359873175948,0,1
S2,2024-01-19 01:30:00,0.29308537617557845,0.47246098707361284,0,0
S2,2024-01-19 01:45:00,0.27862068165718834,0.44490397592700975,0,0
S2,2024-01-19 02:00:00,0.3266065151446098,0.519959588412034,0,0
S2,2024-01-19 02:15:00,0.1501252371448137,0.39606393369788695,0,0
S2,2024-01-19 02:30:00,0.1777453848352948,0.4569726245723493,0,0
S2,2024-01-19 02:45:00,0.25826913074707364,0.7616970961880548,0,1
S2,2024-01-19 03:00:00,0.18430318568374224,0.47224603658916187,0,0
S2,2024-01-19 03:15:00,0.2475545488883105,0.2914877248269739,0,0
S2,2024-01-19 03:30:00,0.28815678787007787,0.7124478697853764,0,1
S2,2024-01-19 03:45:00,0.1094155665122644,0.3100132162271806,0,0
S2,2024-01-19 04:00:00,0.14222351365838873,0.41432392056078543,0,0
S2,2024-01-19 04:15:00,0.07426230159105497,0.5211115131115931,0,0
S2,2024-01-19 04:30:00,0.1489044872321987,0.4073378686324105,0,0
S2,2024-01-19 04:45:00,0.09691635255910083,0.4315626778732398,0,0
S2,2024-01-19 05:00:00,0.10784302865694799,0.6698320643644662,0,1
S2,2024-01-19 05:15:00,0.17519059558608874,0.5159485178431518,0,0
S2,2024-01-19 05:30:00,0.039335984477553994,0.2835218111448368,0,0
S2,2024-01-19 05:45:00,0.18117127380944467,0.6253386956912093,0,0
S2,2024-01-19 06:00:00,0.13829490490790683,0.4059489636473504,0,0
S2,2024-01-19 06:15:00,0.10373777272729712,0.37456737490840025,0,0
S2,2024-01-19 06:30:00,0.1677747537932393,0.4433677497548185,0,0
S2,2024-01-19 06:45:00,0.2180363009555638,0.4914940455467827,0,0
S2,2024-01-19 07:00:00,0.16662137658378698,0.43291515789439355,0,0
S2,2024-01-19 07:15:00,0.058053344467292566,0.3849566522510409,0,0
S2,2024-01-19 07:30:00,0.07199799780776982,0.3238015784304739,0,0
S2,2024-01-19 07:45:00,0.16324877977514682,0.42226729140214203,0,0
S2,2024-01-19 08:00:00,0.14427436720816444,0.44916812433436226,0,0
S2,2024-01-19 08:15:00,0.13715029863215866,0.42566499167601624,0,0
S2,2024-01-19 08:30:00,0.11495331167146076,0.2595268659902277,0,0
S2,2024-01-19 08:45:00,0.20171929457734133,0.668436281316336,0,1
S2,2024-01-19 09:00:00,0.18755989597407544,0.44043239841013704,0,0
S2,2024-01-19 09:15:00,0.3110433193968499,0.4599775767675814,0,0
S2,2024-01-19 09:30:00,0.30577013821350857,0.7525140571461643,0,1
S2,2024-01-19 09:45:00,0.29338213442567135,0.6444797604999413,0,0
S2,2024-01-19 10:00:00,0.25390166118680124,0.33043242185671357,0,0
S2,2024-01-19 10:15:00,0.218313830166699,0.7496788948709471,0,1
S2,2024-01-19 10:30:00,0.23278185465796852,0.49048089727905453,0,0
S2,2024-01-19 10:45:00,0.21555338977559252,0.34232820209209397,0,0
S2,2024-01-19 11:00:00,0.14884705899551656,0.3533879638722866,0,0
S2,2024-01-19 11:15:00,0.12650165796402013,0.3533879638722866,0,0
S2,2024-01-19 11:30:00,0.13189412409273757,0.22530804393777412,0,0
S2,2024-01-19 11:45:00,0.14181629181135036,0.2917679560970398,0,0
S2,2024-01-19 12:00:00,0.0960685419837429,0.27564936087774017,0,0
S2,2024-01-19 12:15:00,0.16076966035891757,0.42244979624653095,0,0
S2,2024-01-19 12:30:00,0.12770196292380825,0.3840404038295147,0,0
S2,2024-01-19 12:45:00,0.10590518143331598,0.36687916371115775,0,0
S2,2024-01-19 13:00:00,0.17455526505951272,0.5285793896414267,0,0
S2,2024-01-19 13:15:00,0.11952613160695248,0.4498058858188047,0,0
S2,2024-01-19 13:30:00,0.07678323082019861,0.46681057596410136,0,0
S2,2024-01-19 13:45:00,0.13949943121817548,0.6981789662978715,0,1
S2,2024-01-19 14:00:00,0.2456132114814943,0.5900498031224022,0,0
S2,2024-01-19 14:15:00,0.14428535374576273,0.3313508152219691,0,0
S2,2024-01-19 14:30:00,0.19476817201195532,0.5758845342751872,0,0
S2,2024-01-19 14:45:00,0.10715214403215301,0.27024743049738553,0,0
S2,2024-01-19 15:00:00,0.3202117882455944,0.7506712817396473,0,1
S2,2024-01-19 15:15:00,0.21677958021456406,0.3946948045125131,0,0
S2,2024-01-19 15:30:00,0.20304513629826235,0.5758091544885803,0,0
S2,2024-01-19 15:45:00,0.24061783059186534,0.624281289671686,0,0
S2,2024-01-19 16:00:00,0.19823783231665526,0.5906300672135885,0,0
S2,2024-01-19 16:15:00,0.0642017135461434,0.46534161706653343,0,0
S2,2024-01-19 16:30:00,0.13499092725592654,0.24997675036796968,0,0
S2,2024-01-19 16:45:00,0.08786826155390305,0.3838991177710596,0,0
S2,2024-01-19 17:00:00,0.16895213611774929,0.4013212342938916,0,0
S2,2024-01-19 17:15:00,0.20890064346063558,0.6135391555530707,0,0
S2,2024-01-19 17:30:00,0.12772721199184472,0.34190526844796276,0,0
S2,2024-01-19 17:45:00,0.20540700468409337,0.4511717952891408,0,0
S2,2024-01-19 18:00:00,0.2088945807565203,0.34229536642999414,0,0
S2,2024-01-19 18:15:00,0.14838273234716493,0.3770485180389373,0,0
S2,2024-01-19 18:30:00,0.11634579403022034,0.4533545151161876,0,0
S2,2024-01-19 18:45:00,0.25394288815498883,0.49553050169400104,0,0
S2,2024-01-19 19:00:00,0.22692689800516172,0.6922230244444516,0,1
S2,2024-01-19 19:15:00,0.189619478740068,0.5595163571771495,0,0
S2,2024-01-19 19:30:00,0.3434823920957096,0.6371185866314649,0,0
S2,2024-01-19 19:45:00,0.30954619573290365,0.6923579762510068,0,1
S2,2024-01-19 20:00:00,0.30165678718585365,0.5949642108106835,0,0
S2,2024-01-19 20:15:00,0.27291275899413,0.5668386355877345,0,0
S2,2024-01-19 20:30:00,0.3433304307809111,0.6206423277345734,0,0
S2,2024-01-19 20:45:00,0.30796939463524037,0.6148564294985036,0,0
S2,2024-01-19 21:00:00,0.22925092465048888,0.4888674452823736,0,0
S2,2024-01-19 21:15:00,0.40403079834293293,0.8114776261561566,0,1
S2,2024-01-19 21:30:00,0.2521178670165691,0.4154755066248681,0,0
S2,2024-01-19 21:45:00,0.28489404193542395,0.5475344180783748,0,0
S2,2024-01-19 22:00:00,0.3185609739139253,0.58162132080238,0,0
S2,2024-01-19 22:15:00,0.2564699152818513,0.45291965075793017,0,0
S2,2024-01-19 22:30:00,0.31353660726495225,0.36054262810254073,0,0
S2,2024-01-19 22:45:00,0.1635188887453437,0.3019386464245373,0,0
S2,2024-01-19 23:00:00,0.21913268567951485,0.534193912174492,0,0
S2,2024-01-19 23:15:00,0.25682494511661197,0.534193912174492,0,0
S2,2024-01-19 23:30:00,0.24417781850204281,0.34847538806782585,0,0
S2,2024-01-19 23:45:00,0.30689517614688244,0.532623976245455,0,0
S2,2024-01-20 00:00:00,0.39453115998196475,0.44499715074235324,0,0
S2,2024-01-20 00:15:00,0.3737961076811147,0.3358797373158952,0,0
S2,2024-01-20 00:30:00,0.3471163571024402,0.46654171975566355,0,0
S2,2024-01-20 00:45:00,0.4744652294376519,0.8334986886371033,0,1
S2,2024-01-20 01:00:00,0.5537365052604049,0.6928953907749619,1,1
S2,2024-01-20 01:15:00,0.3328751361910926,0.36857517403321355,0,0
S2,2024-01-20 01:30:00,0.2735777906871256,0.480209973727284,0,0
S2,2024-01-20 01:45:00,0.2995797608294573,0.6386246353896683,0,0
S2,2024-01-20 02:00:00,0.2156052202441343,0.3337586385834283,0,0
S2,2024-01-20 02:15:00,0.23074401384379076,0.4812788620417331,0,0
S2,2024-01-20 02:30:00,0.19002297362159895,0.5786078385138446,0,0
S2,2024-01-20 02:45:00,0.1417263230605114,0.4499466943213945,0,0
S2,2024-01-20 03:00:00,0.2753538914527588,0.7661178545251298,0,1
S2,2024-01-20 03:15:00,0.28640047384518125,0.7719251686913537,0,1
S2,2024-01-20 03:30:00,0.24518837821377754,0.34673857563896615,0,0
S2,2024-01-20 03:45:00,0.37270897273422554,0.5087412979971596,0,0
S2,2024-01-20 04:00:00,0.22273779254209958,0.5011000502822964,0,0
S2,2024-01-20 04:15:00,0.1923512884034693,0.43118779110243965,0,0
S2,2024-01-20 04:30:00,0.22667842490832335,0.5498911634347483,0,0
S2,2024-01-20 04:45:00,0.13939292035649295,0.5369158289052505,0,0
S2,2024-01-20 05:00:00,0.1282770374781608,0.33234943519627635,0,0
S2,2024-01-20 05:15:00,0.20386159076585705,0.5511477086182297,0,0
S2,2024-01-20 05:30:00,0.10064763968862434,0.2909713238543263,0,0
S2,2024-01-20 05:45:00,0.15209340557937098,0.5437147918779894,0,0
S2,2024-01-20 06:00:00,0.18537348485272448,0.6145532876559291,0,0
S2,2024-01-20 06:15:00,0.2210111777836719,0.487187987809603,0,0
S2,2024-01-20 06:30:00,0.05772498380914365,0.3457726493322343,0,0
S2,2024-01-20 06:45:00,0.1022187952373893,0.5386655115718463,0,0
S2,2024-01-20 07:00:00,0.032630489485427835,0.29583401123482794,0,0
S2,2024-01-20 07:15:00,0.04440510040699766,0.33726892766949534,0,0
S2,2024-01-20 07:30:00,0.0747477524968328,0.45977169859753614,0,0
S2,2024-01-20 07:45:00,0.015547034064153987,0.21126867705298966,0,0
S2,2024-01-20 08:00:00,0.07302288565383588,0.2846479174347925,0,0
S2,2024-01-20 08:15:00,0.1856022020393473,0.2580442675793161,0,0
S2,2024-01-20 08:30:00,0.19622390120413186,0.50853660937346,0,0
S2,2024-01-20 08:45:00,0.0970735715732616,0.4373513894723992,0,0
S2,2024-01-20 09:00:00,0.09769006867064482,0.45002653945912735,0,0
S2,2024-01-20 09:15:00,0.013780770372525045,0.27879174779295557,0,0
S2,2024-01-20 09:30:00,0.1678717365302283,0.34664977784936657,0,0
S2,2024-01-20 09:45:00,0.19257420772076828,0.42149593746998465,0,0
S2,2024-01-20 10:00:00,0.08518082414872075,0.30930079780279596,0,0
S2,2024-01-20 10:15:00,0.0565154169875959,0.19366557013913652,0,0
S2,2024-01-20 10:30:00,0.1776047015401702,0.5803308495129965,0,0
S2,2024-01-20 10:45:00,0.12933200857748897,0.35496230400275236,0,0
S2,2024-01-20 11:00:00,0.18378084901027558,0.427848588312515,0,0
S2,2024-01-20 11:15:00,0.18592647235041002,0.5621565116969447,0,0
S2,2024-01-20 11:30:00,0.11839437544598821,0.32936971307593627,0,0
S2,2024-01-20 11:45:00,0.1193610581381177,0.3395091412718208,0,0
S2,2024-01-20 12:00:00,0.1322459884576977,0.2788700055732504,0,0
S2,2024-01-20 12:15:00,0.1471497878213859,0.4726324258869401,0,0
S2,2024-01-20 12:30:00,0.12638801454679274,0.37327525868205036,0,0
S2,2024-01-20 12:45:00,0.1484843876385655,0.4518482798356674,0,0
S2,2024-01-20 13:00:00,0.11534582063905109,0.4018171187164965,0,0
S2,2024-01-20 13:15:00,0.14011010562488577,0.5127532216865804,0,0
S2,2024-01-20 13:30:00,0.14871095474785848,0.7368150351697664,0,1
S2,2024-01-20 13:45:00,0.16357116071247232,0.43304687605648506,0,0
S2,2024-01-20 14:00:00,0.11282862630193305,0.36685418571513684,0,0
S2,2024-01-20 14:15:00,0.1739821377056046,0.5092820416829135,0,0
S2,2024-01-20 14:30:00,0.22038914531739898,0.5480540999815238,0,0
S2,2024-01-20 14:45:00,0.15690470776624896,0.45640737106862816,0,0
S2,2024-01-20 15:00:00,0.11468562771942532,0.4708052625719618,0,0
S2,2024-01-20 15:15:00,0.08875702976154717,0.5225424309899633,0,0
S2,2024-01-20 15:30:00,0.09140874792294887,0.37233776837449994,0,0
S2,2024-01-20 15:45:00,0.08998352986402591,0.38940860053021975,0,0
S2,2024-01-20 16:00:00,0.1346354163239694,0.34955470169791353,0,0
S2,2024-01-20 16:15:00,0.14661156583212082,0.49751397402041886,0,0
S2,2024-01-20 16:30:00,0.20980686406903784,0.49595988908098193,0,0
S2,2024-01-20 16:45:00,0.02817512331323404,0.3820843637686466,0,0
S2,2024-01-20 17:00:00,0.066277420864297,0.4723611783849299,0,0
S2,2024-01-20 17:15:00,0.1307868517804432,0.5170193330111672,0,0
S2,2024-01-20 17:30:00,0.0,0.2857201592148777,0,0
S2,2024-01-20 17:45:00,0.09055447068978711,0.3630332310242495,0,0
S2,2024-01-20 18:00:00,0.045312497895441506,0.24614935029654855,0,0
S2,2024-01-20 18:15:00,0.0830554752049518,0.4124436718454275,0,0
S2,2024-01-20 18:30:00,0.0998274214030829,0.4444532169133685,0,0
S2,2024-01-20 18:45:00,0.12793236630864216,0.3573880201145693,0,0
S2,2024-01-20 19:00:00,0.20566064016517835,0.5943220438462112,0,0
S2,2024-01-20 19:15:00,0.14268444492213997,0.32664962771352213,0,0
S2,2024-01-20 19:30:00,0.16154368820271692,0.41053141492745665,0,0
S2,2024-01-20 19:45:00,0.23579672148058053,0.6727402962692886,0,1
S2,2024-01-20 20:00:00,0.2883254379031701,0.5781038968854408,0,0
S2,2024-01-20 20:15:00,0.16703691102692855,0.4347798265818737,0,0
S2,2024-01-20 20:30:00,0.08322718463265279,0.41536943329658854,0,0
S2,2024-01-20 20:45:00,0.17537214221514782,0.4235219149657861,0,0
S2,2024-01-20 21:00:00,0.20741712993928232,0.7411467842841768,0,1
S2,2024-01-20 21:15:00,0.27428305425252103,0.7411467842841768,0,1
S2,2024-01-20 21:30:00,0.1919593956237322,0.3195007693348918,0,0
S2,2024-01-20 21:45:00,0.316366790143862,0.5690994269155918,0,0
S2,2024-01-20 22:00:00,0.23658240732093608,0.4076953718350776,0,0
S2,2024-01-20 22:15:00,0.24437456238615746,0.5341226450320805,0,0
S2,2024-01-20 22:30:00,0.15298658520754685,0.35516582214804926,0,0
S2,2024-01-20 22:45:00,0.17642997127388124,0.35516582214804926,0,0
S2,2024-01-20 23:00:00,0.1331278435731203,0.2874436589503315,0,0
S2,2024-01-20 23:15:00,0.17797950834287882,0.530751058062171,0,0
S2,2024-01-20 23:30:00,0.2387537889958832,0.5825933382783546,0,0
S2,2024-01-20 23:45:00,0.16518501023440477,0.5029950608457707,0,0
S2,2024-01-21 00:00:00,0.35253464386925204,0.5929403578083497,0,0
S2,2024-01-21 00:15:00,0.19755274424507543,0.4223444663238308,0,0
S2,2024-01-21 00:30:00,0.23344381653049107,0.4467689070432399,0,0
S2,2024-01-21 00:45:00,0.29894792029186595,0.44908376479799844,0,0
S2,2024-01-21 01:00:00,0.27029886851462903,0.7612217790671355,0,1
S2,2024-01-21 01:15:00,0.3303675150566182,0.5901531538232917,0,0
S2,2024-01-21 01:30:00,0.19265943980061326,0.5456080189609777,0,0
S2,2024-01-21 01:45:00,0.22819701896398972,0.4257940276099815,0,0
S2,2024-01-21 02:00:00,0.3057822994836968,0.7877974877939251,0,1
S2,2024-01-21 02:15:00,0.28517442591812825,0.6416955647854391,0,0
S2,2024-01-21 02:30:00,0.2977809189005204,0.38012929576412186,0,0
S2,2024-01-21 02:45:00,0.28100910595627887,0.526136071127795,0,0
S2,2024-01-21 03:00:00,0.3158708269807791,0.6184000925166115,0,0
S2,2024-01-21 03:15:00,0.32000648372309837,0.4925917762579842,0,0
S2,2024-01-21 03:30:00,0.3011433235522697,0.4368031383904336,0,0
S2,2024-01-21 03:45:00,0.3683923758061229,0.7342677438567558,0,1
S2,2024-01-21 04:00:00,0.19656189123494083,0.36719664569895,0,0
S2,2024-01-21 04:15:00,0.25482870141899283,0.4183193207304701,0,0
S2,2024-01-21 04:30:00,0.25226966225342756,0.5795087309671965,0,0
S2,2024-01-21 04:45:00,0.3136593561680848,0.546999571170347,0,0
S2,2024-01-21 05:00:00,0.2338565891688085,0.4515832696395874,0,0
S2,2024-01-21 05:15:00,0.13922701576676091,0.314904137228111,0,0
S2,2024-01-21 05:30:00,0.1092035762999573,0.37332917368024227,0,0
S2,2024-01-21 05:45:00,0.20997206354890874,0.4791318795955451,0,0
S2,2024-01-21 06:00:00,0.07262385743493138,0.29693184733550004,0,0
S2,2024-01-21 06:15:00,0.11269625768510345,0.5018924924570998,0,0
S2,2024-01-21 06:30:00,0.20684114156308975,0.5978773132392653,0,0
S2,2024-01-21 06:45:00,0.11805420521931517,0.36298400064443564,0,0
S2,2024-01-21 07:00:00,0.14848469089987748,0.3449864402958706,0,0
S2,2024-01-21 07:15:00,0.1717778873703621,0.4424046747325437,0,0
S2,2024-01-21 07:30:00,0.3769881585368395,0.5840550402847905,0,0
S2,2024-01-21 07:45:00,0.13772110883273972,0.420390336650713,0,0
S2,2024-01-21 08:00:00,0.2481898908151976,0.8145444053967925,0,1
S2,2024-01-21 08:15:00,0.27568342113742955,0.5390431540007474,0,0
S2,2024-01-21 08:30:00,0.13926762690959069,0.3403150978858151,0,0
S2,2024-01-21 08:45:00,0.19815119791214675,0.5224041755251203,0,0
S2,2024-01-21 09:00:00,0.3068770702284707,0.6699444116200011,0,1
S2,2024-01-21 09:15:00,0.25244800441195486,0.32143658100372136,0,0
S2,2024-01-21 09:30:00,0.17813827162739834,0.4889704860603373,0,0
S2,2024-01-21 09:45:00,0.2170023242817431,0.43049940341882637,0,0
S2,2024-01-21 10:00:00,0.2693493012661266,0.4553936541231585,0,0
S2,2024-01-21 10:15:00,0.13914063290453157,0.32437909338213033,0,0
S2,2024-01-21 10:30:00,0.2964710932899052,0.41967488793735264,0,0
S2,2024-01-21 10:45:00,0.13611765991336333,0.3713111667048064,0,0
S2,2024-01-21 11:00:00,0.23111857984077006,0.8247725798259213,0,1
S2,2024-01-21 11:15:00,0.13146839926433074,0.2955449541872492,0,0
S2,2024-01-21 11:30:00,0.14303236610123393,0.3813144984106272,0,0
S2,2024-01-21 11:45:00,0.26369598952696544,0.8623342484186011,0,1
S2,2024-01-21 12:00:00,0.049514626284249116,0.2230690960876172,0,0
S2,2024-01-21 12:15:00,0.1436720461290213,0.4962817281595008,0,0
S2,2024-01-21 12:30:00,0.26107650570181945,0.5897616591624286,0,0
S2,2024-01-21 12:45:00,0.25327216397970265,0.5718681724612533,0,0
S2,2024-01-21 13:00:00,0.21297777483452396,0.39651343628332375,0,0
S2,2024-01-21 13:15:00,0.2320784793415411,0.35089148145001464,0,0
S2,2024-01-21 13:30:00,0.3052502436050772,0.8364887202305317,0,1
S2,2024-01-21 13:45:00,0.22133117810359665,0.7057459288164168,0,1
S2,2024-01-21 14:00:00,0.26911263751675873,0.5347030694800968,0,0
S2,2024-01-21 14:15:00,0.3854969177099938,0.6311686895220575,0,0
S2,2024-01-21 14:30:00,0.3924230866788983,0.8139360180690789,0,1
S2,2024-01-21 14:45:00,0.2310495113465405,0.36576991687365257,0,0
S2,2024-01-21 15:00:00,0.20198972995372586,0.5098158887117775,0,0
S2,2024-01-21 15:15:00,0.12511186033435945,0.3670666456378849,0,0
S2,2024-01-21 15:30:00,0.061573753825937605,0.3285787428258718,0,0
S2,2024-01-21 15:45:00,0.08227743449667671,0.22686482423123838,0,0
S2,2024-01-21 16:00:00,0.10156920679745714,0.4848375795927885,0,0
S2,2024-01-21 16:15:00,0.16477126453254579,0.3782344058203023,0,0
S2,2024-01-21 16:30:00,0.16925377610359663,0.49727437682694886,0,0
S2,2024-01-21 16:45:00,0.18854165201546946,0.2923406304451025,0,0
S2,2024-01-21 17:00:00,0.24961458933898345,0.5295610761283702,0,0
S2,2024-01-21 17:15:00,0.1515328520784545,0.5141737586065549,0,0
S2,2024-01-21 17:30:00,0.18137638324035316,0.3405282933778316,0,0
S2,2024-01-21 17:45:00,0.12681458049436434,0.45758392422747607,0,0
S2,2024-01-21 18:00:00,0.20112076554933192,0.516427681706244,0,0
S2,2024-01-21 18:15:00,0.10919836830149551,0.3843520671065183,0,0
S2,2024-01-21 18:30:00,0.18082791682398125,0.2942283712056622,0,0
S2,2024-01-21 18:45:00,0.17376403822988765,0.40544590688862925,0,0
S2,2024-01-21 19:00:00,0.20163230276160451,0.4395803679412765,0,0
S2,2024-01-21 19:15:00,0.18160189973212754,0.32308979028072826,0,0
S2,2024-01-21 19:30:00,0.16033698417977968,0.5086580774114726,0,0
S2,2024-01-21 19:45:00,0.08531224082289805,0.288746148493397,0,0
S2,2024-01-21 20:00:00,0.1448710222876789,0.2912076289379865,0,0
S2,2024-01-21 20:15:00,0.20285498212976066,0.46462961776138395,0,0
S2,2024-01-21 20:30:00,0.16841067032801965,0.2807995192881693,0,0
S2,2024-01-21 20:45:00,0.24631986112224258,0.5455210821552814,0,0
S2,2024-01-21 21:00:00,0.25811124953349834,0.4880494747556103,0,0
S2,2024-01-21 21:15:00,0.1987130936898354,0.3959361024355085,0,0
S2,2024-01-21 21:30:00,0.2791180533084382,0.4098722797664995,0,0
S2,2024-01-21 21:45:00,0.25815390104107755,0.401290096136704,0,0
S2,2024-01-21 22:00:00,0.23802858018011044,0.29873152010191434,0,0
S2,2024-01-21 22:15:00,0.23531648933456187,0.44859416496589244,0,0
S2,2024-01-21 22:30:00,0.2381568090305871,0.8031620845027043,0,1
S2,2024-01-21 22:45:00,0.24517689674924523,0.40035081874845424,0,0
S2,2024-01-21 23:00:00,0.1976992881858946,0.5760919558412808,0,0
S2,2024-01-21 23:15:00,0.17235567289891368,0.356911124328897,0,0
S2,2024-01-21 23:30:00,0.1370162671787745,0.4861169653094055,0,0
S2,2024-01-21 23:45:00,0.18917302395967234,0.6332601946450721,0,0
S3,2024-01-11 00:00:00,0.9227611758877041,0.1144329299912235,1,0
S3,2024-01-11 00:15:00,0.5402829698102778,0.0636253234520384,1,0
S3,2024-01-11 00:30:00,0.373691778467285,0.07803074204940647,0,0
S3,2024-01-11 00:45:00,0.4135266059057537,0.108163194952699,0,0
S3,2024-01-11 01:00:00,0.3674101740874582,0.08748331713926111,0,0
S3,2024-01-11 01:15:00,0.35694413867070296,0.08370342298717699,0,0
S3,2024-01-11 01:30:00,0.37536448400126626,0.07615577042018526,0,0
S3,2024-01-11 01:45:00,0.29974284436271736,0.05808696594205241,0,0
S3,2024-01-11 02:00:00,0.36163495592646944,0.08476128820420184,0,0
S3,2024-01-11 02:15:00,0.33039316645979283,0.0860399169429078,0,0
S3,2024-01-11 02:30:00,0.34139255337367175,0.08557984429055673,0,0
S3,2024-01-11 02:45:00,0.29611122725355954,0.08412901595028484,0,0
S3,2024-01-11 03:00:00,0.14292822250626672,0.04666912053023469,0,0
S3,2024-01-11 03:15:00,0.26731702951003633,0.09877579233193229,0,0
S3,2024-01-11 03:30:00,0.17191716942356453,0.04547058636392595,0,0
S3,2024-01-11 03:45:00,0.15706563624761796,0.04817351715511651,0,0
S3,2024-01-11 04:00:00,0.21133664376490674,0.0727744285641289,0,0
S3,2024-01-11 04:15:00,0.16665349342452246,0.09037377137791812,0,0
S3,2024-01-11 04:30:00,0.21066328287862346,0.11488412007615835,0,0
S3,2024-01-11 04:45:00,0.15398784057190743,0.05603041519439067,0,0
S3,2024-01-11 05:00:00,0.23873398120329484,0.08694523120063168,0,0
S3,2024-01-11 05:15:00,0.2752886374102818,0.08533325137272485,0,0
S3,2024-01-11 05:30:00,0.2409305744046803,0.0749015598037554,0,0
S3,2024-01-11 05:45:00,0.2450457773331578,0.08332879150446297,0,0
S3,2024-01-11 06:00:00,0.23418793203759974,0.08374985139430932,0,0
S3,2024-01-11 06:15:00,0.19188719476913535,0.06263176798071053,0,0
S3,2024-01-11 06:30:00,0.18410851025879416,0.08375451132044778,0,0
S3,2024-01-11 06:45:00,0.15490971717716412,0.0697030167194724,0,0
S3,2024-01-11 07:00:00,0.1354994208794161,0.08021165448220895,0,0
S3,2024-01-11 07:15:00,0.08683945969679085,0.08190417940134476,0,0
S3,2024-01-11 07:30:00,0.21745846527819412,0.12753987395480065,0,0
S3,2024-01-11 07:45:00,0.17553740168751641,0.08796502203608678,0,0
S3,2024-01-11 08:00:00,0.20674533258449393,0.0847186198731606,0,0
S3,2024-01-11 08:15:00,0.235687561951198,0.11469038841442064,0,0
S3,2024-01-11 08:30:00,0.16623924382293787,0.05938831581220449,0,0
S3,2024-01-11 08:45:00,0.23172570365859435,0.07085164498160253,0,0
S3,2024-01-11 09:00:00,0.08332292707764777,0.08179311505513,0,0
S3,2024-01-11 09:15:00,0.11770323664307393,0.07818572368978181,0,0
S3,2024-01-11 09:30:00,0.12260311202856071,0.10371586231368453,0,0
S3,2024-01-11 09:45:00,0.05997967871542337,0.0825366710467981,0,0
S3,2024-01-11 10:00:00,0.0698470610579033,0.053796388878852124,0,0
S3,2024-01-11 10:15:00,0.23446797727709145,0.07538841322548463,0,0
S3,2024-01-11 10:30:00,0.21414609944733123,0.09503380205618432,0,0
S3,2024-01-11 10:45:00,0.08742396432383527,0.064522779090702,0,0
S3,2024-01-11 11:00:00,0.055216784467079984,0.0680366518347598,0,0
S3,2024-01-11 11:15:00,0.1303086023355572,0.05378649297279342,0,0
S3,2024-01-11 11:30:00,0.1513821359899462,0.04935302074102908,0,0
S3,2024-01-11 11:45:00,0.42223847850783996,0.145988337583675,0,0
S3,2024-01-11 12:00:00,0.18985502870681895,0.08298019040944288,0,0
S3,2024-01-11 12:15:00,0.2184830549188994,0.10673707513407078,0,0
S3,2024-01-11 12:30:00,0.13273118555818178,0.05503830348958332,0,0
S3,2024-01-11 12:45:00,0.1235603256496168,0.03973266742798433,0,0
S3,2024-01-11 13:00:00,0.3213445375933917,0.08762843320292019,0,0
S3,2024-01-11 13:15:00,0.2074433380758074,0.06929017809064052,0,0
S3,2024-01-11 13:30:00,0.1875002298274858,0.06236755087387824,0,0
S3,2024-01-11 13:45:00,0.2372187259266972,0.12639308625093865,0,0
S3,2024-01-11 14:00:00,0.21594882508572094,0.058676971849579415,0,0
S3,2024-01-11 14:15:00,0.19042422406852336,0.08225199584721302,0,0
S3,2024-01-11 14:30:00,0.15617113341623634,0.047747115755404176,0,0
S3,2024-01-11 14:45:00,0.25028275425110136,0.06857949510688033,0,0
S3,2024-01-11 15:00:00,0.26181176991659455,0.0926822540911844,0,0
S3,2024-01-11 15:15:00,0.14809684404366255,0.061050995839942515,0,0
S3,2024-01-11 15:30:00,0.21037305968303346,0.05129865813158075,0,0
S3,2024-01-11 15:45:00,0.23164641368026304,0.086947523097573,0,0
S3,2024-01-11 16:00:00,0.22710694020127709,0.08747059611996374,0,0
S3,2024-01-11 16:15:00,0.16504325591044086,0.0725029596365498,0,0
S3,2024-01-11 16:30:00,0.161027944670034,0.06842664308810192,0,0
S3,2024-01-11 16:45:00,0.1500444389017988,0.06980305923022177,0,0
S3,2024-01-11 17:00:00,0.0746391118857998,0.06586478875157327,0,0
S3,2024-01-11 17:15:00,0.08918098061072649,0.07187816728109535,0,0
S3,2024-01-11 17:30:00,0.2538529100090477,0.0849991013742035,0,0
S3,2024-01-11 17:45:00,0.026436816281128414,0.08344422653038348,0,0
S3,2024-01-11 18:00:00,0.014771228981884975,0.096033874150018,0,0
S3,2024-01-11 18:15:00,0.07745902356962725,0.07751747993460403,0,0
S3,2024-01-11 18:30:00,0.10042842231649843,0.057855156836242254,0,0
S3,2024-01-11 18:45:00,0.09875886428428804,0.1049422963730089,0,0
S3,2024-01-11 19:00:00,0.8877693569658202,0.7172028621294129,1,1
S3,2024-01-11 19:15:00,0.8746189310743049,0.7745510780044671,1,1
S3,2024-01-11 19:30:00,0.9034580862361028,0.7088368953370472,1,1
S3,2024-01-11 19:45:00,0.971500622613261,0.7369952486729735,1,1
S3,2024-01-11 20:00:00,0.9392228519568023,0.7843291718106854,1,1
S3,2024-01-11 20:15:00,0.8777347815982579,0.7832870269746836,1,1
S3,2024-01-11 20:30:00,0.9789164231764738,0.738490317852912,1,1
S3,2024-01-11 20:45:00,0.7946994413456869,0.7247607576207089,1,1
S3,2024-01-11 21:00:00,0.7167405644020491,0.7122105431498712,1,1
S3,2024-01-11 21:15:00,0.7683862582693703,0.7904220753847824,1,1
S3,2024-01-11 21:30:00,0.6493628150095753,0.7217071744261165,1,1
S3,2024-01-11 21:45:00,0.7324780707203398,0.7455393466659836,1,1
S3,2024-01-11 22:00:00,0.6865113542642708,0.7376797341995529,1,1
S3,2024-01-11 22:15:00,0.7189017828738755,0.7046821280192256,1,1
S3,2024-01-11 22:30:00,0.8066859781739735,0.854080489729783,1,1
S3,2024-01-11 22:45:00,0.6858569321209013,0.6747294564901091,1,1
S3,2024-01-11 23:00:00,0.8294981353739319,0.04643719761043916,1,0
S3,2024-01-11 23:15:00,0.8300666184289074,0.10296789122684923,1,0
S3,2024-01-11 23:30:00,0.8544914252236592,0.11370771200640417,1,0
S3,2024-01-11 23:45:00,0.7323924283264068,0.07695326863129244,1,0
S3,2024-01-12 00:00:00,0.7516827169623465,0.07167350174470274,1,0
S3,2024-01-12 00:15:00,0.6828197154441498,0.08097252528833625,1,0
S3,2024-01-12 00:30:00,0.6579479856056536,0.07707990697047894,1,0
S3,2024-01-12 00:45:00,0.18995996902914603,0.06640362633691184,0,0
S3,2024-01-12 01:00:00,0.2760052241661473,0.08620559130708078,0,0
S3,2024-01-12 01:15:00,0.20807156831468956,0.06333433291252048,0,0
S3,2024-01-12 01:30:00,0.2629345486723742,0.08313200137486146,0,0
S3,2024-01-12 01:45:00,0.3144304660387627,0.06864370345866624,0,0
S3,2024-01-12 02:00:00,0.36586075030161397,0.06864370345866624,0,0
S3,2024-01-12 02:15:00,0.37004777769325925,0.08667577503606809,0,0
S3,2024-01-12 02:30:00,0.31509364673870427,0.08288220995533405,0,0
S3,2024-01-12 02:45:00,0.447003166782318,0.08014552797410622,0,0
S3,2024-01-12 03:00:00,0.3966602656628813,0.08458611146832305,0,0
S3,2024-01-12 03:15:00,0.3694506556410011,0.10622331241031717,0,0
S3,2024-01-12 03:30:00,0.2468872478202551,0.06070404951056608,0,0
S3,2024-01-12 03:45:00,0.2893856420674244,0.13299167220005048,0,0
S3,2024-01-12 04:00:00,0.12911931723524403,0.05010261622447929,0,0
S3,2024-01-12 04:15:00,0.2298633779730246,0.09675391611966609,0,0
S3,2024-01-12 04:30:00,0.23763908458854408,0.08980503487542914,0,0
S3,2024-01-12 04:45:00,0.18205881267340554,0.07370460870058934,0,0
S3,2024-01-12 05:00:00,0.20176991859278567,0.056266639349473575,0,0
S3,2024-01-12 05:15:00,0.30135200832481057,0.1301958643535149,0,0
S3,2024-01-12 05:30:00,0.2624044926618057,0.09694559276307123,0,0
S3,2024-01-12 05:45:00,0.21493701547628044,0.032531799738438935,0,0
S3,2024-01-12 06:00:00,0.18614485130631142,0.06065913090169757,0,0
S3,2024-01-12 06:15:00,0.14633197085554972,0.06255826266307916,0,0
S3,2024-01-12 06:30:00,0.13850856665887648,0.0704295119432162,0,0
S3,2024-01-12 06:45:00,0.20181443903422244,0.13859428321139383,0,0
S3,2024-01-12 07:00:00,0.18430184205133263,0.06645763015684501,0,0
S3,2024-01-12 07:15:00,0.14080943131914334,0.06034515041432088,0,0
S3,2024-01-12 07:30:00,0.08467640010068417,0.09270623951066036,0,0
S3,2024-01-12 07:45:00,0.19036058618041374,0.0869120719381852,0,0
S3,2024-01-12 08:00:00,0.09828933008092006,0.057762531020517906,0,0
S3,2024-01-12 08:15:00,0.18475396948960068,0.08217668802991378,0,0
S3,2024-01-12 08:30:00,0.17211288133003252,0.10098360151930828,0,0
S3,2024-01-12 08:45:00,0.17476098854000408,0.09157259636886282,0,0
S3,2024-01-12 09:00:00,0.06599774631609398,0.05950224955812674,0,0
S3,2024-01-12 09:15:00,0.18282477979579878,0.12478843321549525,0,0
S3,2024-01-12 09:30:00,0.248418875974336,0.09372579761010687,0,0
S3,2024-01-12 09:45:00,0.29118077906065304,0.08410113776634283,0,0
S3,2024-01-12 10:00:00,0.3294086592562948,0.13813164372756662,0,0
S3,2024-01-12 10:15:00,0.31695135408232866,0.1294763316138672,0,0
S3,2024-01-12 10:30:00,0.1641780980797677,0.0820998952744064,0,0
S3,2024-01-12 10:45:00,0.1635258620820678,0.07364333780669034,0,0
S3,2024-01-12 11:00:00,0.24344831870760164,0.0906244477723581,0,0
S3,2024-01-12 11:15:00,0.23659739474311298,0.04682209406471391,0,0
S3,2024-01-12 11:30:00,0.17695663797229666,0.034816849940125676,0,0
S3,2024-01-12 11:45:00,0.22329302570286422,0.07082044339481293,0,0
S3,2024-01-12 12:00:00,0.18324754456726494,0.10620170885036732,0,0
S3,2024-01-12 12:15:00,0.2583364524757919,0.09681537705064522,0,0
S3,2024-01-12 12:30:00,0.18549500821925333,0.06515646804460934,0,0
S3,2024-01-12 12:45:00,0.37057160766608643,0.14898838194161676,0,0
S3,2024-01-12 13:00:00,0.3255275461962666,0.0981691259491413,0,0
S3,2024-01-12 13:15:00,0.28080194850627643,0.07895234562088409,0,0
S3,2024-01-12 13:30:00,0.3906348340088259,0.07509669585719671,0,0
S3,2024-01-12 13:45:00,0.24756631812093755,0.07081436519085477,0,0
S3,2024-01-12 14:00:00,0.4170861312994395,0.08971282773434677,0,0
S3,2024-01-12 14:15:00,0.22555271386271614,0.08456717560915525,0,0
S3,2024-01-12 14:30:00,0.28073113806605016,0.06855936068581509,0,0
S3,2024-01-12 14:45:00,0.14384160774358098,0.06572766715168105,0,0
S3,2024-01-12 15:00:00,0.2767437432273719,0.06855261038140646,0,0
S3,2024-01-12 15:15:00,0.2813513173551935,0.08750110188965979,0,0
S3,2024-01-12 15:30:00,0.36655885499819085,0.07719895549735906,0,0
S3,2024-01-12 15:45:00,0.2869397517400571,0.08283637743930426,0,0
S3,2024-01-12 16:00:00,0.2741996721401265,0.09423067560873874,0,0
S3,2024-01-12 16:15:00,0.24715699704847488,0.0653187737660796,0,0
S3,2024-01-12 16:30:00,0.17958069385493847,0.07375744797864416,0,0
S3,2024-01-12 16:45:00,0.189786617748201,0.06555736605170075,0,0
S3,2024-01-12 17:00:00,0.23673586366461466,0.06541150590262303,0,0
S3,2024-01-12 17:15:00,0.12736268488752023,0.09745267421275579,0,0
S3,2024-01-12 17:30:00,0.07760053848666157,0.0663977695682866,0,0
S3,2024-01-12 17:45:00,0.1231989508963322,0.09482244524632379,0,0
S3,2024-01-12 18:00:00,0.1538738715071968,0.08666491189880714,0,0
S3,2024-01-12 18:15:00,0.14799072940539504,0.09159441304288396,0,0
S3,2024-01-12 18:30:00,0.08748731528018745,0.05953596378934661,0,0
S3,2024-01-12 18:45:00,0.17579414324279585,0.08787294061084044,0,0
S3,2024-01-12 19:00:00,0.04926692673748626,0.0768738337500741,0,0
S3,2024-01-12 19:15:00,0.20607946319033169,0.12860274383588866,0,0
S3,2024-01-12 19:30:00,0.18849453544588712,0.09150438045794354,0,0
S3,2024-01-12 19:45:00,0.16240529461127157,0.0927758492907826,0,0
S3,2024-01-12 20:00:00,0.19549447546269477,0.10206599550687957,0,0
S3,2024-01-12 20:15:00,0.20733365871843662,0.08190737839363282,0,0
S3,2024-01-12 20:30:00,0.23356598575292067,0.10623812356172839,0,0
S3,2024-01-12 20:45:00,0.14615345952804235,0.08380600612398954,0,0
S3,2024-01-12 21:00:00,0.2073200096707623,0.08779158053426346,0,0
S3,2024-01-12 21:15:00,0.18207687363022582,0.10435939059903689,0,0
S3,2024-01-12 21:30:00,0.10836762349234497,0.06883871499644159,0,0
S3,2024-01-12 21:45:00,0.20350219331246153,0.10121495255637608,0,0
S3,2024-01-12 22:00:00,0.21047372040522647,0.07965238121941208,0,0
S3,2024-01-12 22:15:00,0.29485172228121354,0.12566292330147652,0,0
S3,2024-01-12 22:30:00,0.16585591587748488,0.12426382810277033,0,0
S3,2024-01-12 22:45:00,0.22058101408924605,0.07922749650785947,0,0
S3,2024-01-12 23:00:00,0.21340093616154027,0.07149331152918659,0,0
S3,2024-01-12 23:15:00,0.1877398756064285,0.09935498379587238,0,0
S3,2024-01-12 23:30:00,0.11165387728476216,0.06448319245769592,0,0
S3,2024-01-12 23:45:00,0.2876173886331966,0.08262320380412672,0,0
S3,2024-01-13 00:00:00,0.242786031972578,0.06809459632976268,0,0
S3,2024-01-13 00:15:00,0.3335179994163239,0.10474599627216871,0,0
S3,2024-01-13 00:30:00,0.22351536156322874,0.05762412579644609,0,0
S3,2024-01-13 00:45:00,0.35707446778714624,0.0716489214836993,0,0
S3,2024-01-13 01:00:00,0.2700725887980798,0.07241269222887788,0,0
S3,2024-01-13 01:15:00,0.2885844515331616,0.07393390844760113,0,0
S3,2024-01-13 01:30:00,0.5456701558941119,0.14084699338509118,1,0
S3,2024-01-13 01:45:00,0.48467679877477615,0.09520649294667603,0,0
S3,2024-01-13 02:00:00,0.4943377336315794,0.09082354597090037,0,0
S3,2024-01-13 02:15:00,0.3475191417828944,0.06541087341923252,0,0
S3,2024-01-13 02:30:00,0.37350641513095645,0.07178682658859045,0,0
S3,2024-01-13 02:45:00,0.34668996693409204,0.06682232219493849,0,0
S3,2024-01-13 03:00:00,0.3076844747581594,0.08698496418745681,0,0
S3,2024-01-13 03:15:00,0.3310459110974663,0.09031055513336696,0,0
S3,2024-01-13 03:30:00,0.38187120356052057,0.06491043434059575,0,0
S3,2024-01-13 03:45:00,0.23233476197876674,0.05780292986012478,0,0
S3,2024-01-13 04:00:00,0.3230784430273725,0.12210091070989187,0,0
S3,2024-01-13 04:15:00,0.3289275142914291,0.06758112414174933,0,0
S3,2024-01-13 04:30:00,0.3527934307964716,0.1079315663807324,0,0
S3,2024-01-13 04:45:00,0.34493035600600763,0.07664171256051017,0,0
S3,2024-01-13 05:00:00,0.22085372152917548,0.05809545630803092,0,0
S3,2024-01-13 05:15:00,0.20294865796029382,0.04498393978305605,0,0
S3,2024-01-13 05:30:00,0.35643913153476897,0.10727548056186162,0,0
S3,2024-01-13 05:45:00,0.15766974414718424,0.029372684383758445,0,0
S3,2024-01-13 06:00:00,0.2874263972181689,0.07752720542944169,0,0
S3,2024-01-13 06:15:00,0.14063665792886954,0.07864158830649959,0,0
S3,2024-01-13 06:30:00,0.19413650292377818,0.10053736210002068,0,0
S3,2024-01-13 06:45:00,0.24238579316163078,0.10053736210002068,0,0
S3,2024-01-13 07:00:00,0.2004200044705205,0.09358532562455898,0,0
S3,2024-01-13 07:15:00,0.20724166842011357,0.08061385935716264,0,0
S3,2024-01-13 07:30:00,0.19727398473206947,0.06553411040666995,0,0
S3,2024-01-13 07:45:00,0.299848693837151,0.10114092412320212,0,0
S3,2024-01-13 08:00:00,0.19898953344216525,0.07958339258046479,0,0
S3,2024-01-13 08:15:00,0.3188779946285301,0.08898158356516934,0,0
S3,2024-01-13 08:30:00,0.16549665381024597,0.0754605303391576,0,0
S3,2024-01-13 08:45:00,0.12673683420715645,0.12036728031529348,0,0
S3,2024-01-13 09:00:00,0.19297740464810054,0.10128948253028526,0,0
S3,2024-01-13 09:15:00,0.18080820053427835,0.07557981603824428,0,0
S3,2024-01-13 09:30:00,0.20494937115421247,0.07609902233343266,0,0
S3,2024-01-13 09:45:00,0.1492019778951848,0.05413670173518707,0,0
S3,2024-01-13 10:00:00,0.265803857843083,0.07507982403180513,0,0
S3,2024-01-13 10:15:00,0.23667767790608318,0.06805700718749914,0,0
S3,2024-01-13 10:30:00,0.19448859485683842,0.06805700718749914,0,0
S3,2024-01-13 10:45:00,0.2170932719553286,0.09348534527731636,0,0
S3,2024-01-13 11:00:00,0.18105590291547072,0.05496244986392719,0,0
S3,2024-01-13 11:15:00,0.18908262305606865,0.076161491241405,0,0
S3,2024-01-13 11:30:00,0.24147291663204712,0.12008417395616101,0,0
S3,2024-01-13 11:45:00,0.27093134917289213,0.06942642109935686,0,0
S3,2024-01-13 12:00:00,0.22570285314701485,0.06705667512689388,0,0
S3,2024-01-13 12:15:00,0.26209467867480835,0.06906993378355183,0,0
S3,2024-01-13 12:30:00,0.246696722872725,0.10938512766695506,0,0
S3,2024-01-13 12:45:00,0.3083131512259587,0.11881951648040419,0,0
S3,2024-01-13 13:00:00,0.3681483282639506,0.10946934032861969,0,0
S3,2024-01-13 13:15:00,0.25353433366845507,0.07438577546004352,0,0
S3,2024-01-13 13:30:00,0.2568605821196028,0.07996021590181066,0,0
S3,2024-01-13 13:45:00,0.2785651004638882,0.09319757830249506,0,0
S3,2024-01-13 14:00:00,0.2873281176697728,0.060462857267332665,0,0
S3,2024-01-13 14:15:00,0.2500798562870653,0.05615922748396961,0,0
S3,2024-01-13 14:30:00,0.3812528941332027,0.07844373451100144,0,0
S3,2024-01-13 14:45:00,0.3776024633230652,0.09243172255854874,0,0
S3,2024-01-13 15:00:00,0.37227130349925275,0.12017942911528103,0,0
S3,2024-01-13 15:15:00,0.34931010567242826,0.07425588568172475,0,0
S3,2024-01-13 15:30:00,0.33031591873445626,0.06359278874402406,0,0
S3,2024-01-13 15:45:00,0.37979161728630983,0.09806526320570894,0,0
S3,2024-01-13 16:00:00,0.3397144308885725,0.06177214937224715,0,0
S3,2024-01-13 16:15:00,0.2980269913044182,0.06610604994474349,0,0
S3,2024-01-13 16:30:00,0.269884561722714,0.0786199444622005,0,0
S3,2024-01-13 16:45:00,0.19411518428708538,0.03921631552950948,0,0
S3,2024-01-13 17:00:00,0.09930885884858291,0.026827650008425453,0,0
S3,2024-01-13 17:15:00,0.1780834878716328,0.05269812488200005,0,0
S3,2024-01-13 17:30:00,0.2377100106564293,0.11802091712078452,0,0
S3,2024-01-13 17:45:00,0.21101870419263546,0.11802091712078452,0,0
S3,2024-01-13 18:00:00,0.19416157411559778,0.06011449108093912,0,0
S3,2024-01-13 18:15:00,0.15426119686726056,0.06392297166128108,0,0
S3,2024-01-13 18:30:00,0.12791286080752695,0.06357150379826766,0,0
S3,2024-01-13 18:45:00,0.2393974672702029,0.07030987101334189,0,0
S3,2024-01-13 19:00:00,0.11875610999405514,0.0734496415781081,0,0
S3,2024-01-13 19:15:00,0.13280899046603173,0.07495397158529173,0,0
S3,2024-01-13 19:30:00,0.17261766985946092,0.05505543512184925,0,0
S3,2024-01-13 19:45:00,0.11310763939940735,0.05395026924834352,0,0
S3,2024-01-13 20:00:00,0.14700831352474067,0.0883539268049091,0,0
S3,2024-01-13 20:15:00,0.16725651511530043,0.10461700125313024,0,0
S3,2024-01-13 20:30:00,0.14693070619486778,0.061367649144911565,0,0
S3,2024-01-13 20:45:00,0.10469089612152531,0.056025061811162846,0,0
S3,2024-01-13 21:00:00,0.15096393151412885,0.09090018164967748,0,0
S3,2024-01-13 21:15:00,0.17990605167007298,0.09724040939761468,0,0
S3,2024-01-13 21:30:00,0.1645236001771153,0.08040577974771751,0,0
S3,2024-01-13 21:45:00,0.22072066792663836,0.06909360942843669,0,0
S3,2024-01-13 22:00:00,0.27753931335858656,0.07374344951092864,0,0
S3,2024-01-13 22:15:00,0.24974724861902045,0.09883732952692188,0,0
S3,2024-01-13 22:30:00,0.2170960865219459,0.07638820437379189,0,0
S3,2024-01-13 22:45:00,0.3728121952204539,0.10923012369404561,0,0
S3,2024-01-13 23:00:00,0.28265968065426655,0.08659383905245012,0,0
S3,2024-01-13 23:15:00,0.21814173942581314,0.07782652722247667,0,0
S3,2024-01-13 23:30:00,0.23823314156348924,0.07069169011840973,0,0
S3,2024-01-13 23:45:00,0.17306998353778671,0.036623544590220145,0,0
S3,2024-01-14 00:00:00,0.2852467356711279,0.06260257561825566,0,0
S3,2024-01-14 00:15:00,0.27021704770477767,0.0716625917775688,0,0
S3,2024-01-14 00:30:00,0.3063759760989685,0.10160092420430605,0,0
S3,2024-01-14 00:45:00,0.3342369543005703,0.09215086712524682,0,0
S3,2024-01-14 01:00:00,0.3153871590439879,0.07377244012155271,0,0
S3,2024-01-14 01:15:00,0.4501584076158333,0.08096836549245835,0,0
S3,2024-01-14 01:30:00,0.47701742849979506,0.1384634638028211,0,0
S3,2024-01-14 01:45:00,0.46099370431252296,0.0878304334557369,0,0
S3,2024-01-14 02:00:00,0.3925310679459539,0.05369624253478886,0,0
S3,2024-01-14 02:15:00,0.42457421676850765,0.05798447589635726,0,0
S3,2024-01-14 02:30:00,0.45471719553011103,0.10221822640029261,0,0
S3,2024-01-14 02:45:00,0.4219958547332593,0.11215160052526447,0,0
S3,2024-01-14 03:00:00,0.47089007266598737,0.089038020750684,0,0
S3,2024-01-14 03:15:00,0.3510293714579778,0.04983751028762674,0,0
S3,2024-01-14 03:30:00,0.3506733967185524,0.07973756121820036,0,0
S3,2024-01-14 03:45:00,0.30929380751383445,0.05683323455968038,0,0
S3,2024-01-14 04:00:00,0.31676088891683896,0.06530854497714265,0,0
S3,2024-01-14 04:15:00,0.2913605247470499,0.07503930676624979,0,0
S3,2024-01-14 04:30:00,0.28488169490883786,0.0955300405905875,0,0
S3,2024-01-14 04:45:00,0.23624908830875724,0.09924861348067349,0,0
S3,2024-01-14 05:00:00,0.22137864677734956,0.05896547043886566,0,0
S3,2024-01-14 05:15:00,0.2131112232120408,0.10439361008364259,0,0
S3,2024-01-14 05:30:00,0.1989267288665727,0.08311458339990119,0,0
S3,2024-01-14 05:45:00,0.18436422409094566,0.06702519887009621,0,0
S3,2024-01-14 06:00:00,0.2641363668155826,0.09689963219188383,0,0
S3,2024-01-14 06:15:00,0.2383708631992201,0.07511837641088868,0,0
S3,2024-01-14 06:30:00,0.20177314131596397,0.07640698377259551,0,0
S3,2024-01-14 06:45:00,0.17576616880361506,0.07083146752569217,0,0
S3,2024-01-14 07:00:00,0.18932492732260178,0.06236374530059528,0,0
S3,2024-01-14 07:15:00,0.14326074704566766,0.08222162203800422,0,0
S3,2024-01-14 07:30:00,0.10128999023833092,0.035327528440855245,0,0
S3,2024-01-14 07:45:00,0.19574582163381388,0.10077512584992758,0,0
S3,2024-01-14 08:00:00,0.17586059033816767,0.06002082261931199,0,0
S3,2024-01-14 08:15:00,0.28014540321326437,0.07756057026080816,0,0
S3,2024-01-14 08:30:00,0.28858373288178957,0.09062591948557415,0,0
S3,2024-01-14 08:45:00,0.17418151523709688,0.08241890158969377,0,0
S3,2024-01-14 09:00:00,0.15797661564964102,0.06024061479511737,0,0
S3,2024-01-14 09:15:00,0.34248491125457353,0.10542935823815144,0,0
S3,2024-01-14 09:30:00,0.28299053892556153,0.09495737547393718,0,0
S3,2024-01-14 09:45:00,0.26427124361232895,0.084954202771654,0,0
S3,2024-01-14 10:00:00,0.14299451844265784,0.06864137844712485,0,0
S3,2024-01-14 10:15:00,0.19309590223197118,0.054409778162395485,0,0
S3,2024-01-14 10:30:00,0.23217550985004623,0.07761121813444276,0,0
S3,2024-01-14 10:45:00,0.329404149334266,0.10051718866020543,0,0
S3,2024-01-14 11:00:00,0.2006554610184884,0.14751255297126015,0,0
S3,2024-01-14 11:15:00,0.39502532743481583,0.11909240415070567,0,0
S3,2024-01-14 11:30:00,0.2961593125200013,0.061276557120293354,0,0
S3,2024-01-14 11:45:00,0.20830716380923076,0.03038622722438734,0,0
S3,2024-01-14 12:00:00,0.2840283843484943,0.08169938086832697,0,0
S3,2024-01-14 12:15:00,0.24032574998729953,0.05980744796521238,0,0
S3,2024-01-14 12:30:00,0.4193861205184821,0.09864397193801319,0,0
S3,2024-01-14 12:45:00,0.28802933244862233,0.07177206269609654,0,0
S3,2024-01-14 13:00:00,0.3112773323756918,0.09073004515044618,0,0
S3,2024-01-14 13:15:00,0.2754401552506826,0.08413183204439913,0,0
S3,2024-01-14 13:30:00,0.34237118674239647,0.13345976949509655,0,0
S3,2024-01-14 13:45:00,0.309463848808511,0.10265329877912548,0,0
S3,2024-01-14 14:00:00,0.2856755956976712,0.056254134471050536,0,0
S3,2024-01-14 14:15:00,0.3696646255309838,0.11519603315706843,0,0
S3,2024-01-14 14:30:00,0.5328780883173996,0.11401982164545797,1,0
S3,2024-01-14 14:45:00,0.3768411620208576,0.0889576930794129,0,0
S3,2024-01-14 15:00:00,0.49455200766059193,0.09718841598445191,0,0
S3,2024-01-14 15:15:00,0.42835843245193483,0.09492324204091447,0,0
S3,2024-01-14 15:30:00,0.3306377155287812,0.08051515111944874,0,0
S3,2024-01-14 15:45:00,0.3335240472488785,0.07439787446629341,0,0
S3,2024-01-14 16:00:00,0.46400335368555723,0.14931839925368615,0,0
S3,2024-01-14 16:15:00,0.3237358650382168,0.11684441635887069,0,0
S3,2024-01-14 16:30:00,0.37970339348236903,0.08790342550086473,0,0
S3,2024-01-14 16:45:00,0.2721955785057167,0.16416876748460063,0,0
S3,2024-01-14 17:00:00,0.3231554652991703,0.21064390781848186,0,0
S3,2024-01-14 17:15:00,0.28109331370987656,0.20411593010041773,0,0
S3,2024-01-14 17:30:00,0.33180581417429666,0.19011709214549938,0,0
S3,2024-01-14 17:45:00,0.4106149801031651,0.16897598808548459,0,0
S3,2024-01-14 18:00:00,0.31014502834022734,0.16533818727872426,0,0
S3,2024-01-14 18:15:00,0.22604261340703757,0.1957828957124591,0,0
S3,2024-01-14 18:30:00,0.23949375303984263,0.22336352720623479,0,0
S3,2024-01-14 18:45:00,0.27741076955832816,0.1471526727192271,0,0
S3,2024-01-14 19:00:00,0.19008209175083787,0.1695835449287664,0,0
S3,2024-01-14 19:15:00,0.3140978164329599,0.2406467604881128,0,0
S3,2024-01-14 19:30:00,0.30925553759749147,0.25212424649318854,0,0
S3,2024-01-14 19:45:00,0.22815378627440525,0.23420181186281203,0,0
S3,2024-01-14 20:00:00,0.3100544300843278,0.2471943061345018,0,0
S3,2024-01-14 20:15:00,0.2484945175421908,0.2421738857386919,0,0
S3,2024-01-14 20:30:00,0.21550199121830182,0.26069935114387127,0,0
S3,2024-01-14 20:45:00,0.2592685362895412,0.3158945575395637,0,0
S3,2024-01-14 21:00:00,0.21626227458050815,0.21234488270995258,0,0
S3,2024-01-14 21:15:00,0.335865092467498,0.3211168079726603,0,0
S3,2024-01-14 21:30:00,0.2748017994504891,0.26117049105025275,0,0
S3,2024-01-14 21:45:00,0.35150829530287947,0.23121706649411486,0,0
S3,2024-01-14 22:00:00,0.2487923741676787,0.24292102653185263,0,0
S3,2024-01-14 22:15:00,0.27107588192027743,0.27552121265464596,0,0
S3,2024-01-14 22:30:00,0.29509389836542943,0.27937491780260865,0,0
S3,2024-01-14 22:45:00,0.24202278199427663,0.3318105876790572,0,0
S3,2024-01-14 23:00:00,0.33237656551333694,0.3627604582631174,0,0
S3,2024-01-14 23:15:00,0.38922659567021406,0.3851993712007836,0,0
S3,2024-01-14 23:30:00,0.2907299458343406,0.3225213017123752,0,0
S3,2024-01-14 23:45:00,0.35860794717569106,0.3202329071193178,0,0
S3,2024-01-15 00:00:00,0.3849517967772638,0.35895528702944846,0,0
S3,2024-01-15 00:15:00,0.4192161932310305,0.4322364253316831,0,0
S3,2024-01-15 00:30:00,0.3015145899930552,0.3017527880712428,0,0
S3,2024-01-15 00:45:00,0.2821711166948007,0.3873143413915656,0,0
S3,2024-01-15 01:00:00,0.38923620233968803,0.3807119240075121,0,0
S3,2024-01-15 01:15:00,0.3647471232165063,0.3749441870711246,0,0
S3,2024-01-15 01:30:00,0.34601520458219703,0.39068956807733546,0,0
S3,2024-01-15 01:45:00,0.3487164902229921,0.41108709454881354,0,0
S3,2024-01-15 02:00:00,0.3574137973152202,0.4353932352245604,0,0
S3,2024-01-15 02:15:00,0.33437826838685664,0.3936538237098486,0,0
S3,2024-01-15 02:30:00,0.4453202953177677,0.519881249008711,0,0
S3,2024-01-15 02:45:00,0.38580409698708285,0.4408923607657824,0,0
S3,2024-01-15 03:00:00,0.38087706065399024,0.466599351655143,0,0
S3,2024-01-15 03:15:00,0.37383835022664347,0.496015999040503,0,0
S3,2024-01-15 03:30:00,0.3543583222863877,0.5026303514896611,0,0
S3,2024-01-15 03:45:00,0.3221412332416622,0.4880169525139552,0,0
S3,2024-01-15 04:00:00,0.3309934990620658,0.48978348284482737,0,0
S3,2024-01-15 04:15:00,0.4050166269169385,0.5456885141826641,0,0
S3,2024-01-15 04:30:00,0.3001791300623287,0.5261254455541937,0,0
S3,2024-01-15 04:45:00,0.28774987807852465,0.6087454272814299,0,0
S3,2024-01-15 05:00:00,0.34904152537107436,0.5412882850566488,0,0
S3,2024-01-15 05:15:00,0.2643316465833355,0.5165929184878658,0,0
S3,2024-01-15 05:30:00,0.18017835218552455,0.5077933577517479,0,0
S3,2024-01-15 05:45:00,0.2893907739663175,0.5152477796831576,0,0
S3,2024-01-15 06:00:00,0.2005903934934399,0.5418936763654647,0,0
S3,2024-01-15 06:15:00,0.15129415682093134,0.5088337628925138,0,0
S3,2024-01-15 06:30:00,0.2042493878487246,0.48121538720796236,0,0
S3,2024-01-15 06:45:00,0.22091217437728083,0.5190834740717596,0,0
S3,2024-01-15 07:00:00,0.2723576952440813,0.5949889685694212,0,0
S3,2024-01-15 07:15:00,0.20066077315554304,0.5649265982593576,0,0
S3,2024-01-15 07:30:00,0.1684549123994767,0.5609834835325002,0,0
S3,2024-01-15 07:45:00,0.17138738677832327,0.5919748494510816,0,0
S3,2024-01-15 08:00:00,0.26645380427649096,0.6165413238126314,0,0
S3,2024-01-15 08:15:00,0.22240810853356635,0.6805705753408863,0,1
S3,2024-01-15 08:30:00,0.19080914486600906,0.6270698711132405,0,0
S3,2024-01-15 08:45:00,0.25645083818848596,0.5815567012340607,0,0
S3,2024-01-15 09:00:00,0.16308999998167567,0.5923002678939574,0,0
S3,2024-01-15 09:15:00,0.21910778958345722,0.6205452304657567,0,0
S3,2024-01-15 09:30:00,0.1984341885723656,0.6650457051712068,0,1
S3,2024-01-15 09:45:00,0.2789907518844868,0.7099921807290833,0,1
S3,2024-01-15 10:00:00,0.3365087972507345,0.6469770306842437,0,0
S3,2024-01-15 10:15:00,0.24336080841191884,0.6970863206844552,0,1
S3,2024-01-15 10:30:00,0.3254446444828416,0.7650751903459964,0,1
S3,2024-01-15 10:45:00,0.2644641671000913,0.7186954267462627,0,1
S3,2024-01-15 11:00:00,0.3280154736844626,0.6666960217811356,0,1
S3,2024-01-15 11:15:00,0.2951460567627849,0.7050468870294495,0,1
S3,2024-01-15 11:30:00,0.22335342669705807,0.7160615718088352,0,1
S3,2024-01-15 11:45:00,0.24791549160008822,0.6559794504033656,0,0
S3,2024-01-15 12:00:00,0.31349707960929435,0.11167936081076571,0,0
S3,2024-01-15 12:15:00,0.4017216887690546,0.12330649754453135,0,0
S3,2024-01-15 12:30:00,0.42306764960482834,0.08219680186103447,0,0
S3,2024-01-15 12:45:00,0.34873074942460996,0.0811504242814209,0,0
S3,2024-01-15 13:00:00,0.4235126639035568,0.07930300811310277,0,0
S3,2024-01-15 13:15:00,0.3555573508565833,0.05873678332906629,0,0
S3,2024-01-15 13:30:00,0.32363028467624855,0.07513214953386911,0,0
S3,2024-01-15 13:45:00,0.26602697440800827,0.08640754971570212,0,0
S3,2024-01-15 14:00:00,0.23514320026543353,0.09103053944482577,0,0
S3,2024-01-15 14:15:00,0.2873163268845326,0.08908143952775537,0,0
S3,2024-01-15 14:30:00,0.1613273185978898,0.0875298751445535,0,0
S3,2024-01-15 14:45:00,0.2762368933915633,0.10774405199528644,0,0
S3,2024-01-15 15:00:00,0.22186877114393008,0.060773268698721315,0,0
S3,2024-01-15 15:15:00,0.15589165364546126,0.051476008330959326,0,0
S3,2024-01-15 15:30:00,0.31902295782038886,0.09141135428702224,0,0
S3,2024-01-15 15:45:00,0.2654374886367566,0.10121022702933152,0,0
S3,2024-01-15 16:00:00,0.2181754388266057,0.07143329943648025,0,0
S3,2024-01-15 16:15:00,0.16619475344155266,0.05750031554120797,0,0
S3,2024-01-15 16:30:00,0.2157577494439948,0.07959737355746994,0,0
S3,2024-01-15 16:45:00,0.09818348460775143,0.07210828962039013,0,0
S3,2024-01-15 17:00:00,0.20750909583805768,0.07210828962039013,0,0
S3,2024-01-15 17:15:00,0.1963246986048945,0.08577101220876711,0,0
S3,2024-01-15 17:30:00,0.07888393631836473,0.08016979051427708,0,0
S3,2024-01-15 17:45:00,0.08699691107786965,0.0902180971881791,0,0
S3,2024-01-15 18:00:00,0.13173320285489828,0.11238352771147131,0,0
S3,2024-01-15 18:15:00,0.232533112914561,0.1127556378800562,0,0
S3,2024-01-15 18:30:00,0.15834160885737597,0.06588582724529489,0,0
S3,2024-01-15 18:45:00,0.2181207041682759,0.07964260070388636,0,0
S3,2024-01-15 19:00:00,0.1535951226159367,0.100799841532607,0,0
S3,2024-01-15 19:15:00,0.11167854556571989,0.07667684195100419,0,0
S3,2024-01-15 19:30:00,0.10245052699111654,0.09625464195032651,0,0
S3,2024-01-15 19:45:00,0.15999357627677926,0.09711758885329279,0,0
S3,2024-01-15 20:00:00,0.07187000268791989,0.09597505611338246,0,0
S3,2024-01-15 20:15:00,0.1388968444270405,0.08228064810931927,0,0
S3,2024-01-15 20:30:00,0.08976076676427794,0.082228666522891,0,0
S3,2024-01-15 20:45:00,0.09457750962637852,0.08538261968604448,0,0
S3,2024-01-15 21:00:00,0.15925012701412572,0.08888814147935742,0,0
S3,2024-01-15 21:15:00,0.12265325740342783,0.12482459506095278,0,0
S3,2024-01-15 21:30:00,0.17104898161598325,0.104166198129358,0,0
S3,2024-01-15 21:45:00,0.10965398464987193,0.07639042574375292,0,0
S3,2024-01-15 22:00:00,0.20773422741162112,0.1078137375643363,0,0
S3,2024-01-15 22:15:00,0.06177430188414622,0.05804361446916197,0,0
S3,2024-01-15 22:30:00,0.11784588013678905,0.06724573111248099,0,0
S3,2024-01-15 22:45:00,0.1066934160672008,0.0656352824422184,0,0
S3,2024-01-15 23:00:00,0.19589499576198702,0.08020030172757232,0,0
S3,2024-01-15 23:15:00,0.2578708297261196,0.09851241238809583,0,0
S3,2024-01-15 23:30:00,0.1619063658143228,0.06375492691121744,0,0
S3,2024-01-15 23:45:00,0.17127227277551949,0.05249215297830716,0,0
S3,2024-01-16 00:00:00,0.3322617013339933,0.08559406861203084,0,0
S3,2024-01-16 00:15:00,0.23117535769392356,0.06855831320328193,0,0
S3,2024-01-16 00:30:00,0.3107533154371373,0.06851096169282807,0,0
S3,2024-01-16 00:45:00,0.34281306414704826,0.08928252510397872,0,0
S3,2024-01-16 01:00:00,0.3831768207756748,0.08928252510397872,0,0
S3,2024-01-16 01:15:00,0.3756380983158805,0.07575759614582846,0,0
S3,2024-01-16 01:30:00,0.3697688357302895,0.06945549260551662,0,0
S3,2024-01-16 01:45:00,0.42026825177614446,0.06658412682708546,0,0
S3,2024-01-16 02:00:00,0.3745598035510707,0.08217559110255282,0,0
S3,2024-01-16 02:15:00,0.33184140781386473,0.06521900230486251,0,0
S3,2024-01-16 02:30:00,0.28316932566338654,0.0729460962150346,0,0
S3,2024-01-16 02:45:00,0.32458416283456265,0.06995676519167768,0,0
S3,2024-01-16 03:00:00,0.20002132697351493,0.05744880233025041,0,0
S3,2024-01-16 03:15:00,0.1656577398770401,0.05919506262733164,0,0
S3,2024-01-16 03:30:00,0.19916315118857902,0.06612322997793352,0,0
S3,2024-01-16 03:45:00,0.2634003451879505,0.08661414465896393,0,0
S3,2024-01-16 04:00:00,0.3038767490647078,0.07996401784469584,0,0
S3,2024-01-16 04:15:00,0.1878608122056213,0.06575185178794568,0,0
S3,2024-01-16 04:30:00,0.19956406404734509,0.05970033244938227,0,0
S3,2024-01-16 04:45:00,0.1870197512797534,0.07060688305137386,0,0
S3,2024-01-16 05:00:00,0.07572382426788844,0.06156449319992439,0,0
S3,2024-01-16 05:15:00,0.09651039832293908,0.06487584306347129,0,0
S3,2024-01-16 05:30:00,0.2268345995647229,0.09599874839337255,0,0
S3,2024-01-16 05:45:00,0.16488347555045169,0.07744038230984074,0,0
S3,2024-01-16 06:00:00,0.13668882788955558,0.08724779830836811,0,0
S3,2024-01-16 06:15:00,0.23970955856849294,0.09620505669748017,0,0
S3,2024-01-16 06:30:00,0.20492891971311547,0.10519803740304616,0,0
S3,2024-01-16 06:45:00,0.1517396869666342,0.08652901271099343,0,0
S3,2024-01-16 07:00:00,0.1847219582394167,0.12629426322758386,0,0
S3,2024-01-16 07:15:00,0.15666759093696847,0.07546691114287389,0,0
S3,2024-01-16 07:30:00,0.07892822845615742,0.06473517648177128,0,0
S3,2024-01-16 07:45:00,0.10840719043064624,0.0950788305978633,0,0
S3,2024-01-16 08:00:00,0.12480413489225323,0.09787882833047117,0,0
S3,2024-01-16 08:15:00,0.12760670806210211,0.07867277312210436,0,0
S3,2024-01-16 08:30:00,0.09752044086016476,0.06490145027169916,0,0
S3,2024-01-16 08:45:00,0.051863952741592924,0.09819156492110563,0,0
S3,2024-01-16 09:00:00,0.05737085678661634,0.08137935725000632,0,0
S3,2024-01-16 09:15:00,0.07940731861704749,0.07340477027938268,0,0
S3,2024-01-16 09:30:00,0.16888609549827535,0.08424022771279285,0,0
S3,2024-01-16 09:45:00,0.24181086408021082,0.16942900299223157,0,0
S3,2024-01-16 10:00:00,0.20369905010822145,0.12530219692515834,0,0
S3,2024-01-16 10:15:00,0.05120341274410283,0.05648021159708278,0,0
S3,2024-01-16 10:30:00,0.06603304140079135,0.08257797911243275,0,0
S3,2024-01-16 10:45:00,0.18162999132242863,0.07696485446031187,0,0
S3,2024-01-16 11:00:00,0.0907133624873747,0.04595885802626005,0,0
S3,2024-01-16 11:15:00,0.15457980798193502,0.08304744442662401,0,0
S3,2024-01-16 11:30:00,0.20927513156929956,0.05721874828509546,0,0
S3,2024-01-16 11:45:00,0.21935664621068401,0.06014565252240278,0,0
S3,2024-01-16 12:00:00,0.19979545137445165,0.09525461916249332,0,0
S3,2024-01-16 12:15:00,0.39835310641092336,0.12040106120765015,0,0
S3,2024-01-16 12:30:00,0.1676270776935633,0.08812508825275148,0,0
S3,2024-01-16 12:45:00,0.15686144502137947,0.0523746559143962,0,0
S3,2024-01-16 13:00:00,0.217949056433424,0.051086238440681185,0,0
S3,2024-01-16 13:15:00,0.2211775057787791,0.07477833321632664,0,0
S3,2024-01-16 13:30:00,0.29787852430984874,0.08733100293824833,0,0
S3,2024-01-16 13:45:00,0.18095713320336787,0.0698368189110317,0,0
S3,2024-01-16 14:00:00,0.11476646126719792,0.05671325014767454,0,0
S3,2024-01-16 14:15:00,0.26244044634756974,0.08909248015386344,0,0
S3,2024-01-16 14:30:00,0.13726849752641387,0.053760231084520056,0,0
S3,2024-01-16 14:45:00,0.17576832778892168,0.09823884416989462,0,0
S3,2024-01-16 15:00:00,0.1573857387400136,0.08008054275922392,0,0
S3,2024-01-16 15:15:00,0.3249860810798264,0.1072120235767152,0,0
S3,2024-01-16 15:30:00,0.4257620296328265,0.10886764553224505,0,0
S3,2024-01-16 15:45:00,0.2958384289987731,0.07894792900864062,0,0
S3,2024-01-16 16:00:00,0.20807386415534934,0.044773244290545335,0,0
S3,2024-01-16 16:15:00,0.14425389445982706,0.055612896088212425,0,0
S3,2024-01-16 16:30:00,0.13359596231016996,0.07094137586850503,0,0
S3,2024-01-16 16:45:00,0.14859915917266328,0.04572278754699172,0,0
S3,2024-01-16 17:00:00,0.03177929098021019,0.03813376344696293,0,0
S3,2024-01-16 17:15:00,0.19821826522068586,0.13677539022394955,0,0
S3,2024-01-16 17:30:00,0.0754627020531435,0.055771381167175796,0,0
S3,2024-01-16 17:45:00,0.18006354911074118,0.07583452828767327,0,0
S3,2024-01-16 18:00:00,0.1829915010646159,0.0876748955640341,0,0
S3,2024-01-16 18:15:00,0.06224515781088623,0.10556842744226685,0,0
S3,2024-01-16 18:30:00,0.13186304700624538,0.06367043315945631,0,0
S3,2024-01-16 18:45:00,0.11195164366626216,0.09108280207950202,0,0
S3,2024-01-16 19:00:00,0.1219349791988826,0.09982874994970668,0,0
S3,2024-01-16 19:15:00,0.09098820002409369,0.09562611571404694,0,0
S3,2024-01-16 19:30:00,0.19420910929253862,0.11720111234290026,0,0
S3,2024-01-16 19:45:00,0.07385845262054544,0.09460505201798222,0,0
S3,2024-01-16 20:00:00,0.17287852991129987,0.15027819544824073,0,0
S3,2024-01-16 20:15:00,0.055171453940602265,0.09414418773817394,0,0
S3,2024-01-16 20:30:00,0.0670546700278642,0.09552100461535966,0,0
S3,2024-01-16 20:45:00,0.16525777599080782,0.08835705121043395,0,0
S3,2024-01-16 21:00:00,0.0569857328471013,0.0761142001419301,0,0
S3,2024-01-16 21:15:00,0.13129907907611063,0.10578818024041563,0,0
S3,2024-01-16 21:30:00,0.09438982698004576,0.0819928580393324,0,0
S3,2024-01-16 21:45:00,0.09199769912716049,0.058140357509501576,0,0
S3,2024-01-16 22:00:00,0.25725397285536994,0.09268747748506342,0,0
S3,2024-01-16 22:15:00,0.26953895292676233,0.10821354477460335,0,0
S3,2024-01-16 22:30:00,0.2015199483602678,0.0959358621724683,0,0
S3,2024-01-16 22:45:00,0.17594735702741485,0.08362538791707909,0,0
S3,2024-01-16 23:00:00,0.24693737421757028,0.07760717733284915,0,0
S3,2024-01-16 23:15:00,0.20402716285559336,0.08984650566718569,0,0
S3,2024-01-16 23:30:00,0.12157432458062123,0.06161332437681163,0,0
S3,2024-01-16 23:45:00,0.24635858871081096,0.11237269201039438,0,0
S3,2024-01-17 00:00:00,0.24835044646594628,0.09702224942153916,0,0
S3,2024-01-17 00:15:00,0.22453042672895035,0.07653896278335263,0,0
S3,2024-01-17 00:30:00,0.29986302409112625,0.11177133262250982,0,0
S3,2024-01-17 00:45:00,0.35883746372989495,0.14019133153841148,0,0
S3,2024-01-17 01:00:00,0.30401150252285475,0.1120510426938818,0,0
S3,2024-01-17 01:15:00,0.3021724034008811,0.08739522516783846,0,0
S3,2024-01-17 01:30:00,0.29955628127050715,0.06117761394541247,0,0
S3,2024-01-17 01:45:00,0.30602014754748624,0.08120554765611071,0,0
S3,2024-01-17 02:00:00,0.26481038185317357,0.07520217989682638,0,0
S3,2024-01-17 02:15:00,0.24232052668059967,0.05545307501593331,0,0
S3,2024-01-17 02:30:00,0.30647028074749294,0.05848834333157328,0,0
S3,2024-01-17 02:45:00,0.3530092582969165,0.07827981270319471,0,0
S3,2024-01-17 03:00:00,0.30389229570691917,0.09676811961062431,0,0
S3,2024-01-17 03:15:00,0.24185623484212748,0.10486016402593003,0,0
S3,2024-01-17 03:30:00,0.26550354637198154,0.0730438455463408,0,0
S3,2024-01-17 03:45:00,0.274976676262979,0.07903308375504191,0,0
S3,2024-01-17 04:00:00,0.2738499098014455,0.06822715491885445,0,0
S3,2024-01-17 04:15:00,0.15958275754206264,0.06657768495175483,0,0
S3,2024-01-17 04:30:00,0.2596701725149736,0.10341128741723257,0,0
S3,2024-01-17 04:45:00,0.27104401445002546,0.06494415239015602,0,0
S3,2024-01-17 05:00:00,0.23533728061993958,0.08683946124662378,0,0
S3,2024-01-17 05:15:00,0.17640618138853092,0.06373626476407918,0,0
S3,2024-01-17 05:30:00,0.14291695608673297,0.06763878990514625,0,0
S3,2024-01-17 05:45:00,0.17932839435782744,0.061662533243624446,0,0
S3,2024-01-17 06:00:00,0.18107087322237891,0.10545995319073544,0,0
S3,2024-01-17 06:15:00,0.2437418094176488,0.05692141394324551,0,0
S3,2024-01-17 06:30:00,0.2051035200971899,0.06504902420293109,0,0
S3,2024-01-17 06:45:00,0.15943303281584195,0.0525134885388611,0,0
S3,2024-01-17 07:00:00,0.09833863610951801,0.03708647164521762,0,0
S3,2024-01-17 07:15:00,0.1817369658556232,0.0725795583332458,0,0
S3,2024-01-17 07:30:00,0.22642023701762792,0.11991371311723273,0,0
S3,2024-01-17 07:45:00,0.12164235684137599,0.0728859283881066,0,0
S3,2024-01-17 08:00:00,0.07638627810756723,0.057271384897290493,0,0
S3,2024-01-17 08:15:00,0.10543793379045031,0.08108207493033778,0,0
S3,2024-01-17 08:30:00,0.21187263901566852,0.07991862282831554,0,0
S3,2024-01-17 08:45:00,0.09244202735433348,0.09376003309298571,0,0
S3,2024-01-17 09:00:00,0.15913124516409452,0.0659880454115409,0,0
S3,2024-01-17 09:15:00,0.09748661058964003,0.11107978125747936,0,0
S3,2024-01-17 09:30:00,0.02340490172769433,0.05038570175814091,0,0
S3,2024-01-17 09:45:00,0.0974975014135681,0.09800801619482181,0,0
S3,2024-01-17 10:00:00,0.21288945154917882,0.10691481320699324,0,0
S3,2024-01-17 10:15:00,0.14397730690998137,0.06642113436003433,0,0
S3,2024-01-17 10:30:00,0.10368539766098506,0.1011445305817461,0,0
S3,2024-01-17 10:45:00,0.18013061666974753,0.05700315642978475,0,0
S3,2024-01-17 11:00:00,0.1362522152458696,0.061312132832776166,0,0
S3,2024-01-17 11:15:00,0.22688575567262714,0.10834957962423952,0,0
S3,2024-01-17 11:30:00,0.17959109362646022,0.08748097470145655,0,0
S3,2024-01-17 11:45:00,0.15384306267358364,0.06057776893692965,0,0
S3,2024-01-17 12:00:00,0.1509268469203938,0.07154282875362802,0,0
S3,2024-01-17 12:15:00,0.2278923572651474,0.061156481478475924,0,0
S3,2024-01-17 12:30:00,0.14574870344288163,0.06583845088661688,0,0
S3,2024-01-17 12:45:00,0.19124027512679176,0.0647865141440298,0,0
S3,2024-01-17 13:00:00,0.1676503144703536,0.050059854335446206,0,0
S3,2024-01-17 13:15:00,0.15725042992002333,0.06664341042493042,0,0
S3,2024-01-17 13:30:00,0.13313103167035106,0.05956478986635969,0,0
S3,2024-01-17 13:45:00,0.18593794293964927,0.07260246566439452,0,0
S3,2024-01-17 14:00:00,0.2954913067549009,0.12194668004543512,0,0
S3,2024-01-17 14:15:00,0.24476853298274304,0.07186094709250618,0,0
S3,2024-01-17 14:30:00,0.20423340017456926,0.06371798242634708,0,0
S3,2024-01-17 14:45:00,0.17579736085845976,0.08584426024335148,0,0
S3,2024-01-17 15:00:00,0.8943005951734425,0.8501454663694157,1,1
S3,2024-01-17 15:15:00,1.0,0.9341977501270815,1,1
S3,2024-01-17 15:30:00,0.941259710719333,0.9397736365879871,1,1
S3,2024-01-17 15:45:00,0.9315815125573224,0.9397736365879871,1,1
S3,2024-01-17 16:00:00,0.9509860636130382,0.8275151168650201,1,1
S3,2024-01-17 16:15:00,0.9394618691204829,0.9702707069266068,1,1
S3,2024-01-17 16:30:00,0.8857079920770226,0.9999999999559934,1,1
S3,2024-01-17 16:45:00,0.7228489073385815,0.9169939798277501,1,1
S3,2024-01-17 17:00:00,0.7995958983193616,0.04667449950642781,1,0
S3,2024-01-17 17:15:00,0.7776855604906173,0.05763048166455087,1,0
S3,2024-01-17 17:30:00,0.800427155143912,0.08649459604413721,1,0
S3,2024-01-17 17:45:00,0.7098579890929331,0.06976280459838714,1,0
S3,2024-01-17 18:00:00,0.6464051141666067,0.07212201570792415,1,0
S3,2024-01-17 18:15:00,0.6436581358321165,0.09339292304033017,1,0
S3,2024-01-17 18:30:00,0.5561225860606559,0.10017987041780307,1,0
S3,2024-01-17 18:45:00,0.03192669631077383,0.11432134218882793,0,0
S3,2024-01-17 19:00:00,0.13236653767652273,0.1048591555329092,0,0
S3,2024-01-17 19:15:00,0.12242481461487421,0.11028226623745918,0,0
S3,2024-01-17 19:30:00,0.13631983790527016,0.10137087468460487,0,0
S3,2024-01-17 19:45:00,0.02306593658232657,0.11110997524918548,0,0
S3,2024-01-17 20:00:00,0.09027679910547752,0.08740196124651473,0,0
S3,2024-01-17 20:15:00,0.31229286114911736,0.10436121497715847,0,0
S3,2024-01-17 20:30:00,0.07374247001064171,0.09987582041114018,0,0
S3,2024-01-17 20:45:00,0.1560309389351413,0.08624742299867458,0,0
S3,2024-01-17 21:00:00,0.0639404743146315,0.10181710797650745,0,0
S3,2024-01-17 21:15:00,0.16092188066788277,0.10013790523400927,0,0
S3,2024-01-17 21:30:00,0.21438062299826977,0.12296670954443752,0,0
S3,2024-01-17 21:45:00,0.15016803358261502,0.08540760464382066,0,0
S3,2024-01-17 22:00:00,0.17859096942459163,0.08603848524224565,0,0
S3,2024-01-17 22:15:00,0.17405491852682317,0.06515923637189254,0,0
S3,2024-01-17 22:30:00,0.0999561591129444,0.06201277358461795,0,0
S3,2024-01-17 22:45:00,0.06669928479435842,0.03731991276040491,0,0
S3,2024-01-17 23:00:00,0.11371884040134887,0.06084260061913961,0,0
S3,2024-01-17 23:15:00,0.10269845065156026,0.019599421486703458,0,0
S3,2024-01-17 23:30:00,0.24949511752924175,0.08115554443963453,0,0
S3,2024-01-17 23:45:00,0.3280294041243416,0.12260029795870427,0,0
S3,2024-01-18 00:00:00,0.29464750199429846,0.09032747727291729,0,0
S3,2024-01-18 00:15:00,0.21471130674982322,0.05910278733137079,0,0
S3,2024-01-18 00:30:00,0.25812703545729515,0.058472582856648164,0,0
S3,2024-01-18 00:45:00,0.32757579830771794,0.08868346949724477,0,0
S3,2024-01-18 01:00:00,0.3373095658840982,0.12236064447446432,0,0
S3,2024-01-18 01:15:00,0.4028341709922536,0.11224116764814922,0,0
S3,2024-01-18 01:30:00,0.2796458403902953,0.04670661346104491,0,0
S3,2024-01-18 01:45:00,0.4675911671655854,0.11718690195631735,0,0
S3,2024-01-18 02:00:00,0.3524339925510895,0.08841721836342774,0,0
S3,2024-01-18 02:15:00,0.30797662196395253,0.07459596691241584,0,0
S3,2024-01-18 02:30:00,0.3830518981637188,0.088586778752845,0,0
S3,2024-01-18 02:45:00,0.34101374045548044,0.06358764391411863,0,0
S3,2024-01-18 03:00:00,0.41273757497424685,0.08471862057130237,0,0
S3,2024-01-18 03:15:00,0.2738399297677625,0.0691173464729803,0,0
S3,2024-01-18 03:30:00,0.33942492186503687,0.052996725784929304,0,0
S3,2024-01-18 03:45:00,0.37138515486256163,0.08539615953095835,0,0
S3,2024-01-18 04:00:00,0.2898084314295944,0.07559526316074458,0,0
S3,2024-01-18 04:15:00,0.24392849326837773,0.052349522730856246,0,0
S3,2024-01-18 04:30:00,0.17667225856133634,0.05922367579372143,0,0
S3,2024-01-18 04:45:00,0.13118754651406067,0.08170506733756167,0,0
S3,2024-01-18 05:00:00,0.09596357271666885,0.06115577831373695,0,0
S3,2024-01-18 05:15:00,0.11180787979335115,0.06774494633071733,0,0
S3,2024-01-18 05:30:00,0.28038212795424716,0.08989224919935564,0,0
S3,2024-01-18 05:45:00,0.2167697540123349,0.0878890984029603,0,0
S3,2024-01-18 06:00:00,0.15398253711226328,0.06495114700630589,0,0
S3,2024-01-18 06:15:00,0.2359711931193808,0.10557644588685836,0,0
S3,2024-01-18 06:30:00,0.10543560360260494,0.045468384098186466,0,0
S3,2024-01-18 06:45:00,0.14229214691899322,0.06606000308121787,0,0
S3,2024-01-18 07:00:00,0.20266473363353724,0.10314472887253133,0,0
S3,2024-01-18 07:15:00,0.20970450150770634,0.1017750247532661,0,0
S3,2024-01-18 07:30:00,0.0879131757145185,0.038800064586788925,0,0
S3,2024-01-18 07:45:00,0.16389217263193853,0.0721972925886547,0,0
S3,2024-01-18 08:00:00,0.19482292960707814,0.12043573089010962,0,0
S3,2024-01-18 08:15:00,0.0896849812891081,0.05928492534560783,0,0
S3,2024-01-18 08:30:00,0.13084370586704652,0.07530634640010031,0,0
S3,2024-01-18 08:45:00,0.08398644690345336,0.07039416393779421,0,0
S3,2024-01-18 09:00:00,0.10635092815176972,0.10404410475843778,0,0
S3,2024-01-18 09:15:00,0.1992439315986847,0.11149259325431832,0,0
S3,2024-01-18 09:30:00,0.034893356673507216,0.061740120127897646,0,0
S3,2024-01-18 09:45:00,0.06797528288476495,0.0991774780628056,0,0
S3,2024-01-18 10:00:00,0.09651407282730758,0.07181520673897424,0,0
S3,2024-01-18 10:15:00,0.201998775459103,0.07200906279330792,0,0
S3,2024-01-18 10:30:00,0.1993019567369234,0.08833119478763861,0,0
S3,2024-01-18 10:45:00,0.09429736713818869,0.07729437339629934,0,0
S3,2024-01-18 11:00:00,0.21086160779755064,0.10367444792797037,0,0
S3,2024-01-18 11:15:00,0.12073255694875687,0.054570015326348885,0,0
S3,2024-01-18 11:30:00,0.23942541230794454,0.10724842427348402,0,0
S3,2024-01-18 11:45:00,0.155236113226501,0.07728831467681613,0,0
S3,2024-01-18 12:00:00,0.09675072030622431,0.06576787097512507,0,0
S3,2024-01-18 12:15:00,0.2221150547181583,0.08635826576783327,0,0
S3,2024-01-18 12:30:00,0.1993419120892336,0.07840437123176348,0,0
S3,2024-01-18 12:45:00,0.3128284731245725,0.10186473826079347,0,0
S3,2024-01-18 13:00:00,0.14870534127352183,0.06511466662887336,0,0
S3,2024-01-18 13:15:00,0.15102402935248677,0.0573745346957631,0,0
S3,2024-01-18 13:30:00,0.19774235915658162,0.06746732541129871,0,0
S3,2024-01-18 13:45:00,0.18671900701215527,0.08537622615279816,0,0
S3,2024-01-18 14:00:00,0.2885252268865969,0.09784487939016233,0,0
S3,2024-01-18 14:15:00,0.2664988251526691,0.11747754983020971,0,0
S3,2024-01-18 14:30:00,0.27043607664331687,0.08025137580484566,0,0
S3,2024-01-18 14:45:00,0.3135330614751209,0.08460359270448373,0,0
S3,2024-01-18 15:00:00,0.18305808522028436,0.07619587030042788,0,0
S3,2024-01-18 15:15:00,0.34142942818616395,0.14068215395117767,0,0
S3,2024-01-18 15:30:00,0.3902289300642973,0.07881794911441242,0,0
S3,2024-01-18 15:45:00,0.36452126740160945,0.080860751131439,0,0
S3,2024-01-18 16:00:00,0.2966534430995583,0.08540265285056645,0,0
S3,2024-01-18 16:15:00,0.3061850688617231,0.12544981713986142,0,0
S3,2024-01-18 16:30:00,0.2354166577621299,0.06275109541524411,0,0
S3,2024-01-18 16:45:00,0.23781562978915163,0.08616394018820171,0,0
S3,2024-01-18 17:00:00,0.2580586833863294,0.08215165633724998,0,0
S3,2024-01-18 17:15:00,0.07946580912345642,0.060894565132869234,0,0
S3,2024-01-18 17:30:00,0.14923455375461456,0.07884361915124552,0,0
S3,2024-01-18 17:45:00,0.22854459931950993,0.08846614357281687,0,0
S3,2024-01-18 18:00:00,0.1601182643025717,0.09567010293162091,0,0
S3,2024-01-18 18:15:00,0.16821103435452994,0.09718441961241062,0,0
S3,2024-01-18 18:30:00,0.10270108801130215,0.07770842515816777,0,0
S3,2024-01-18 18:45:00,0.12637506053771144,0.10176895876270861,0,0
S3,2024-01-18 19:00:00,0.14191821387023826,0.09406934922752677,0,0
S3,2024-01-18 19:15:00,0.06893603532795335,0.0846675256736276,0,0
S3,2024-01-18 19:30:00,0.056423340784710306,0.07746462852621731,0,0
S3,2024-01-18 19:45:00,0.16550390609280788,0.14723475059502317,0,0
S3,2024-01-18 20:00:00,0.1122081808027328,0.09269442785876948,0,0
S3,2024-01-18 20:15:00,0.19536174101114384,0.13512120497531815,0,0
S3,2024-01-18 20:30:00,0.06655469407657687,0.08383017379637883,0,0
S3,2024-01-18 20:45:00,0.16694089283891841,0.1292477614255686,0,0
S3,2024-01-18 21:00:00,0.055491983767496374,0.07138863907284172,0,0
S3,2024-01-18 21:15:00,0.11282251303745747,0.0864975462785491,0,0
S3,2024-01-18 21:30:00,0.25498867733625763,0.09839620324748688,0,0
S3,2024-01-18 21:45:00,0.06566746018995907,0.052802668188537044,0,0
S3,2024-01-18 22:00:00,0.20246142672664583,0.07916842645453676,0,0
S3,2024-01-18 22:15:00,0.2846359409289691,0.06847754330580214,0,0
S3,2024-01-18 22:30:00,0.26235615975403437,0.07866903118195075,0,0
S3,2024-01-18 22:45:00,0.14644243432952384,0.06402310749080033,0,0
S3,2024-01-18 23:00:00,0.16735356097062723,0.053726911467125375,0,0
S3,2024-01-18 23:15:00,0.24407225135376706,0.12144684992633006,0,0
S3,2024-01-18 23:30:00,0.2633625713403835,0.07705928300062065,0,0
S3,2024-01-18 23:45:00,0.35408218349869797,0.07896559846840365,0,0
S3,2024-01-19 00:00:00,0.3319900420430033,0.11308156739892747,0,0
S3,2024-01-19 00:15:00,0.356124789585669,0.07419043874876444,0,0
S3,2024-01-19 00:30:00,0.42628493907369724,0.09408018887573213,0,0
S3,2024-01-19 00:45:00,0.36118403310459035,0.07291791875538081,0,0
S3,2024-01-19 01:00:00,0.2884150417432336,0.06228033258656755,0,0
S3,2024-01-19 01:15:00,0.3622316793804224,0.08741257697026862,0,0
S3,2024-01-19 01:30:00,0.39951346188129117,0.10064897458979985,0,0
S3,2024-01-19 01:45:00,0.4766941180823368,0.13316094529101952,0,0
S3,2024-01-19 02:00:00,0.45594247225013507,0.11858568077169325,0,0
S3,2024-01-19 02:15:00,0.3311831164752681,0.06096144037249683,0,0
S3,2024-01-19 02:30:00,0.35742678269311373,0.07019478549138457,0,0
S3,2024-01-19 02:45:00,0.4742795610316068,0.11418252305699053,0,0
S3,2024-01-19 03:00:00,0.43811933935381964,0.08993805800846383,0,0
S3,2024-01-19 03:15:00,0.4472775344175498,0.09520501833609997,0,0
S3,2024-01-19 03:30:00,0.3712912533639477,0.10659209044298965,0,0
S3,2024-01-19 03:45:00,0.2527960979474357,0.11832135048496444,0,0
S3,2024-01-19 04:00:00,0.33854748952220703,0.08407896475699866,0,0
S3,2024-01-19 04:15:00,0.1953226727544738,0.06306899545303016,0,0
S3,2024-01-19 04:30:00,0.22066239788437403,0.05174084394604479,0,0
S3,2024-01-19 04:45:00,0.23916020501892532,0.07140706378812348,0,0
S3,2024-01-19 05:00:00,0.22235971601320834,0.06092663463579786,0,0
S3,2024-01-19 05:15:00,0.23524041266636886,0.07892016350492029,0,0
S3,2024-01-19 05:30:00,0.20752106274039467,0.06281478973175486,0,0
S3,2024-01-19 05:45:00,0.23336667080394488,0.059780312948209735,0,0
S3,2024-01-19 06:00:00,0.1931100799018347,0.058641576361658815,0,0
S3,2024-01-19 06:15:00,0.20274055168211497,0.08771897284497204,0,0
S3,2024-01-19 06:30:00,0.3040306333021421,0.08492979331710403,0,0
S3,2024-01-19 06:45:00,0.08661602413668172,0.07604379795109571,0,0
S3,2024-01-19 07:00:00,0.15480486120117412,0.08631885601413039,0,0
S3,2024-01-19 07:15:00,0.05484682234294688,0.0629047496920748,0,0
S3,2024-01-19 07:30:00,0.11653831777850647,0.08535624111920881,0,0
S3,2024-01-19 07:45:00,0.0843893566118129,0.04738339957678166,0,0
S3,2024-01-19 08:00:00,0.10786708044361677,0.07954533566779592,0,0
S3,2024-01-19 08:15:00,0.13877988327050994,0.0951289924530798,0,0
S3,2024-01-19 08:30:00,0.0,0.05549775308724871,0,0
S3,2024-01-19 08:45:00,0.0920828225448795,0.0698872105374619,0,0
S3,2024-01-19 09:00:00,0.17972414457400837,0.08238077484430442,0,0
S3,2024-01-19 09:15:00,0.15255164040940442,0.08827510485767034,0,0
S3,2024-01-19 09:30:00,0.07031718161175131,0.07101500831673555,0,0
S3,2024-01-19 09:45:00,0.20785458427360579,0.06870597839794583,0,0
S3,2024-01-19 10:00:00,0.31567098223330364,0.09659003760298962,0,0
S3,2024-01-19 10:15:00,0.19727321248657342,0.07730921419373689,0,0
S3,2024-01-19 10:30:00,0.13546813070703467,0.04901956605853754,0,0
S3,2024-01-19 10:45:00,0.18285843598161866,0.08306075193009683,0,0
S3,2024-01-19 11:00:00,0.20412073885952148,0.07368806625160448,0,0
S3,2024-01-19 11:15:00,0.06378438204617354,0.04180499106643193,0,0
S3,2024-01-19 11:30:00,0.1179751387535486,0.05764095317837339,0,0
S3,2024-01-19 11:45:00,0.14674775581026453,0.07380720165178102,0,0
S3,2024-01-19 12:00:00,0.0984294585406925,0.04142320500145227,0,0
S3,2024-01-19 12:15:00,0.21849428585376968,0.10326137021650256,0,0
S3,2024-01-19 12:30:00,0.24612941722098428,0.07792179189227504,0,0
S3,2024-01-19 12:45:00,0.20276838353747725,0.06707705075512724,0,0
S3,2024-01-19 13:00:00,0.3296930942942583,0.10276405028787759,0,0
S3,2024-01-19 13:15:00,0.21245205224342054,0.06990420794730347,0,0
S3,2024-01-19 13:30:00,0.24197866464448373,0.10005038921456344,0,0
S3,2024-01-19 13:45:00,0.16247374352224805,0.06538244189939793,0,0
S3,2024-01-19 14:00:00,0.24611745569200777,0.06697513282087184,0,0
S3,2024-01-19 14:15:00,0.1395656721813483,0.043102443728915855,0,0
S3,2024-01-19 14:30:00,0.17459729892655348,0.08164568352757647,0,0
S3,2024-01-19 14:45:00,0.22355498698472917,0.11283720963916703,0,0
S3,2024-01-19 15:00:00,0.26744701948825744,0.09672761884669781,0,0
S3,2024-01-19 15:15:00,0.2826206790646238,0.06825158150582482,0,0
S3,2024-01-19 15:30:00,0.20795816511781842,0.07088741522875941,0,0
S3,2024-01-19 15:45:00,0.33068069701250963,0.08461925158713045,0,0
S3,2024-01-19 16:00:00,0.1545948274012947,0.05013661578165386,0,0
S3,2024-01-19 16:15:00,0.16080712628623545,0.0413924132306887,0,0
S3,2024-01-19 16:30:00,0.16741756431352975,0.05965036526272889,0,0
S3,2024-01-19 16:45:00,0.1754522095144292,0.08962891383068486,0,0
S3,2024-01-19 17:00:00,0.0689125276851807,0.06641501496634211,0,0
S3,2024-01-19 17:15:00,0.04025878157100919,0.0639625755071297,0,0
S3,2024-01-19 17:30:00,0.04219823107286449,0.06706491836781821,0,0
S3,2024-01-19 17:45:00,0.0985197166507019,0.07886179399735507,0,0
S3,2024-01-19 18:00:00,0.11672134277561978,0.10346161501445302,0,0
S3,2024-01-19 18:15:00,0.08147027395700296,0.08487967010029744,0,0
S3,2024-01-19 18:30:00,0.007809486306437782,0.09287614168283682,0,0
S3,2024-01-19 18:45:00,0.059789089058754644,0.0697047445432964,0,0
S3,2024-01-19 19:00:00,0.049800949648692173,0.08907693856722675,0,0
S3,2024-01-19 19:15:00,0.1346463359213271,0.1275294356872776,0,0
S3,2024-01-19 19:30:00,0.0662863606641716,0.08304970184474253,0,0
S3,2024-01-19 19:45:00,0.1484565878395293,0.07757982511442385,0,0
S3,2024-01-19 20:00:00,0.0406947056135817,0.08583869394255247,0,0
S3,2024-01-19 20:15:00,0.18182671229606037,0.10378299161293937,0,0
S3,2024-01-19 20:30:00,0.07142002193491846,0.08462327558261501,0,0
S3,2024-01-19 20:45:00,0.15406091602959737,0.11232716325267435,0,0
S3,2024-01-19 21:00:00,0.1456355314260489,0.08004554616286648,0,0
S3,2024-01-19 21:15:00,0.12444797771391107,0.07064810488856928,0,0
S3,2024-01-19 21:30:00,0.08451222300649998,0.06546602123294086,0,0
S3,2024-01-19 21:45:00,0.09199016899059646,0.0689609302483772,0,0
S3,2024-01-19 22:00:00,0.39476817845623086,0.12432782587535224,0,0
S3,2024-01-19 22:15:00,0.12676666016695823,0.07396816102434549,0,0
S3,2024-01-19 22:30:00,0.2188258616846883,0.0971426774820753,0,0
S3,2024-01-19 22:45:00,0.24248298399795143,0.06202901622155654,0,0
S3,2024-01-19 23:00:00,0.17964525577326548,0.05131931018209184,0,0
S3,2024-01-19 23:15:00,0.28285622252179876,0.08515786598814322,0,0
S3,2024-01-19 23:30:00,0.22014265202877353,0.07452807376180039,0,0
S3,2024-01-19 23:45:00,0.17867897309364572,0.07000016560245041,0,0
S3,2024-01-20 00:00:00,0.2468532087856842,0.0844515771737045,0,0
S3,2024-01-20 00:15:00,0.23713129404403413,0.0727944115122597,0,0
S3,2024-01-20 00:30:00,0.20474615164243987,0.05442662388741126,0,0
S3,2024-01-20 00:45:00,0.32935842328376463,0.07368203341976616,0,0
S3,2024-01-20 01:00:00,0.24539052431090078,0.07774120961259419,0,0
S3,2024-01-20 01:15:00,0.3018347284944848,0.053943202255147586,0,0
S3,2024-01-20 01:30:00,0.2703703749096761,0.05819075809166288,0,0
S3,2024-01-20 01:45:00,0.46897429275483843,0.14413487753225013,0,0
S3,2024-01-20 02:00:00,0.5096209919010333,0.0964760181793853,1,0
S3,2024-01-20 02:15:00,0.3842006174891867,0.06885543766574294,0,0
S3,2024-01-20 02:30:00,0.4834817085770385,0.09909968820277043,0,0
S3,2024-01-20 02:45:00,0.41158539650678133,0.09909968820277043,0,0
S3,2024-01-20 03:00:00,0.3865689608354712,0.08623447003869869,0,0
S3,2024-01-20 03:15:00,0.42793442434790346,0.09635378202115107,0,0
S3,2024-01-20 03:30:00,0.41922627094005604,0.09943274038859426,0,0
S3,2024-01-20 03:45:00,0.3522238927351141,0.08069457186541544,0,0
S3,2024-01-20 04:00:00,0.43700935156412524,0.08897533856831973,0,0
S3,2024-01-20 04:15:00,0.379205787730076,0.06644833329093808,0,0
S3,2024-01-20 04:30:00,0.3138208432745239,0.06816781166182044,0,0
S3,2024-01-20 04:45:00,0.2939598471855684,0.08888875465941562,0,0
S3,2024-01-20 05:00:00,0.2885779466095981,0.07560811946762465,0,0
S3,2024-01-20 05:15:00,0.28135270820186775,0.11217506588383666,0,0
S3,2024-01-20 05:30:00,0.17912930977284755,0.06585402292746383,0,0
S3,2024-01-20 05:45:00,0.2170517390369031,0.05834062126700758,0,0
S3,2024-01-20 06:00:00,0.19925744554563982,0.08231097819085305,0,0
S3,2024-01-20 06:15:00,0.12677331528106647,0.043926191999469746,0,0
S3,2024-01-20 06:30:00,0.12740952994825194,0.06858258708729499,0,0
S3,2024-01-20 06:45:00,0.1515147709646122,0.0662215627434928,0,0
S3,2024-01-20 07:00:00,0.2165369519372057,0.09419749951788202,0,0
S3,2024-01-20 07:15:00,0.15126048708104248,0.06623017295931431,0,0
S3,2024-01-20 07:30:00,0.014879130429041125,0.03348357376687833,0,0
S3,2024-01-20 07:45:00,0.18035475855704589,0.08708600336380967,0,0
S3,2024-01-20 08:00:00,0.17426985220289698,0.06230735701516541,0,0
S3,2024-01-20 08:15:00,0.193481581882254,0.04846675772845807,0,0
S3,2024-01-20 08:30:00,0.14803877543609809,0.109777664118384,0,0
S3,2024-01-20 08:45:00,0.07472141702725972,0.03480296051040111,0,0
S3,2024-01-20 09:00:00,0.14569676342587173,0.058349270593050014,0,0
S3,2024-01-20 09:15:00,0.1339188509166138,0.07968984818583727,0,0
S3,2024-01-20 09:30:00,0.14225954376731478,0.08570624275166971,0,0
S3,2024-01-20 09:45:00,0.13222071333073127,0.05553596928815567,0,0
S3,2024-01-20 10:00:00,0.22685280892164436,0.09473776826533305,0,0
S3,2024-01-20 10:15:00,0.28675084287520897,0.07930211971910221,0,0
S3,2024-01-20 10:30:00,0.31611914060767293,0.10969737658868772,0,0
S3,2024-01-20 10:45:00,0.26274112040165853,0.08722736236305909,0,0
S3,2024-01-20 11:00:00,0.14722232932965418,0.08674186447179712,0,0
S3,2024-01-20 11:15:00,0.31995481636434425,0.09074293807691365,0,0
S3,2024-01-20 11:30:00,0.17654441955095257,0.06354176018592815,0,0
S3,2024-01-20 11:45:00,0.16542115523215103,0.08715246144807075,0,0
S3,2024-01-20 12:00:00,0.1377996998058529,0.05289045505065825,0,0
S3,2024-01-20 12:15:00,0.3353953851703518,0.0668215756354322,0,0
S3,2024-01-20 12:30:00,0.2213612053046279,0.07840446250127682,0,0
S3,2024-01-20 12:45:00,0.19074269542748645,0.05882788327167186,0,0
S3,2024-01-20 13:00:00,0.3163894406359064,0.1289078678598194,0,0
S3,2024-01-20 13:15:00,0.16961465910840767,0.043054371254833676,0,0
S3,2024-01-20 13:30:00,0.33703758365585545,0.09920709454230646,0,0
S3,2024-01-20 13:45:00,0.2724768465806765,0.09808489585695211,0,0
S3,2024-01-20 14:00:00,0.29570168514945794,0.1314713737734445,0,0
S3,2024-01-20 14:15:00,0.22141699410955484,0.06277327937990948,0,0
S3,2024-01-20 14:30:00,0.39049943389707814,0.1032510373273509,0,0
S3,2024-01-20 14:45:00,0.22130128051337764,0.07194767204461984,0,0
S3,2024-01-20 15:00:00,0.3377384238109471,0.08351670534346162,0,0
S3,2024-01-20 15:15:00,0.3373605273158303,0.12497974786733126,0,0
S3,2024-01-20 15:30:00,0.3479346142267983,0.0868131372429605,0,0
S3,2024-01-20 15:45:00,0.24922020492140845,0.07927101034318619,0,0
S3,2024-01-20 16:00:00,0.44112365739453147,0.12997250749039077,0,0
S3,2024-01-20 16:15:00,0.45811700206149597,0.09105260723695044,0,0
S3,2024-01-20 16:30:00,0.27777992439302507,0.07907377139410952,0,0
S3,2024-01-20 16:45:00,0.27873063338327647,0.06261490295790273,0,0
S3,2024-01-20 17:00:00,0.29772627100181054,0.07018982775566,0,0
S3,2024-01-20 17:15:00,0.1978868731368075,0.05609590682397756,0,0
S3,2024-01-20 17:30:00,0.18470863019798997,0.058589083357766636,0,0
S3,2024-01-20 17:45:00,0.24455941377389565,0.09435138593540969,0,0
S3,2024-01-20 18:00:00,0.1221329333860649,0.04605977648446223,0,0
S3,2024-01-20 18:15:00,0.1064708556806065,0.07770318465033194,0,0
S3,2024-01-20 18:30:00,0.12812762364954347,0.09052143250077153,0,0
S3,2024-01-20 18:45:00,0.10307409759057842,0.059445152013683486,0,0
S3,2024-01-20 19:00:00,0.13564185815683114,0.0700601057272865,0,0
S3,2024-01-20 19:15:00,0.1743937568407911,0.06516917001205026,0,0
S3,2024-01-20 19:30:00,0.2199536498343228,0.08996781417678971,0,0
S3,2024-01-20 19:45:00,0.15337622597696118,0.07764548416942459,0,0
S3,2024-01-20 20:00:00,0.19218455498112916,0.0604483699240836,0,0
S3,2024-01-20 20:15:00,0.11398756510052936,0.08161755101166658,0,0
S3,2024-01-20 20:30:00,0.1645328923592324,0.08003255570929076,0,0
S3,2024-01-20 20:45:00,0.14602701788739628,0.05861999912111834,0,0
S3,2024-01-20 21:00:00,0.11128813831107798,0.057406758624685264,0,0
S3,2024-01-20 21:15:00,0.10732582331487907,0.057406758624685264,0,0
S3,2024-01-20 21:30:00,0.2247995984801024,0.07178338204286985,0,0
S3,2024-01-20 21:45:00,0.13672026742741733,0.04946406637507528,0,0
S3,2024-01-20 22:00:00,0.12621318541615936,0.05062017051369046,0,0
S3,2024-01-20 22:15:00,0.14311622141552469,0.06387565583718183,0,0
S3,2024-01-20 22:30:00,0.1569636245498016,0.052051091568115625,0,0
S3,2024-01-20 22:45:00,0.196037183275146,0.08819838261161793,0,0
S3,2024-01-20 23:00:00,0.23890465409109624,0.09109061821491173,0,0
S3,2024-01-20 23:15:00,0.22913218699892168,0.09002793186490811,0,0
S3,2024-01-20 23:30:00,0.1822280651809908,0.0556422441662246,0,0
S3,2024-01-20 23:45:00,0.16356815073389108,0.05042959172597382,0,0
S3,2024-01-21 00:00:00,0.424623175576972,0.09942178878422772,0,0
S3,2024-01-21 00:15:00,0.4551755182710491,0.10130676683357415,0,0
S3,2024-01-21 00:30:00,0.32225228847249043,0.05870006231795512,0,0
S3,2024-01-21 00:45:00,0.3803854636847872,0.07761543576649993,0,0
S3,2024-01-21 01:00:00,0.4368403712133497,0.08591588034841385,0,0
S3,2024-01-21 01:15:00,0.35059724819573423,0.054000583857717006,0,0
S3,2024-01-21 01:30:00,0.3791741548017632,0.07923958628634291,0,0
S3,2024-01-21 01:45:00,0.43375475637115674,0.073811617831937,0,0
S3,2024-01-21 02:00:00,0.36498619380782943,0.053121319019759784,0,0
S3,2024-01-21 02:15:00,0.30164824364244947,0.08973106193808544,0,0
S3,2024-01-21 02:30:00,0.3645016391482728,0.09114548604554297,0,0
S3,2024-01-21 02:45:00,0.3098644129266798,0.06947539529192118,0,0
S3,2024-01-21 03:00:00,0.247598410256823,0.10659976923789677,0,0
S3,2024-01-21 03:15:00,0.3179513222537812,0.06997499844911535,0,0
S3,2024-01-21 03:30:00,0.37865484445089487,0.10286709283395586,0,0
S3,2024-01-21 03:45:00,0.36763669893538253,0.09823090908510493,0,0
S3,2024-01-21 04:00:00,0.47142641216128595,0.1213454590246998,0,0
S3,2024-01-21 04:15:00,0.5315968659432732,0.12386749005920708,1,0
S3,2024-01-21 04:30:00,0.39753225885825255,0.12390964778087472,0,0
S3,2024-01-21 04:45:00,0.4373146404508349,0.0963203216212632,0,0
S3,2024-01-21 05:00:00,0.4525691363209968,0.08089817051882549,0,0
S3,2024-01-21 05:15:00,0.4426243186630407,0.0939239921064795,0,0
S3,2024-01-21 05:30:00,0.3207070021260039,0.07264058227366355,0,0
S3,2024-01-21 05:45:00,0.2642283392533059,0.07066663317562447,0,0
S3,2024-01-21 06:00:00,0.39305395812901694,0.11489372240765763,0,0
S3,2024-01-21 06:15:00,0.31873314024822313,0.10138812553805016,0,0
S3,2024-01-21 06:30:00,0.34930211612259304,0.07573204838050838,0,0
S3,2024-01-21 06:45:00,0.28512105984487185,0.05351075516646865,0,0
S3,2024-01-21 07:00:00,0.2871726007435692,0.06492916205684825,0,0
S3,2024-01-21 07:15:00,0.270115353061111,0.08065422739800754,0,0
S3,2024-01-21 07:30:00,0.16178728171889273,0.0682183733646216,0,0
S3,2024-01-21 07:45:00,0.14460407119329896,0.050771618939431926,0,0
S3,2024-01-21 08:00:00,0.18833349037365918,0.0659306432394396,0,0
S3,2024-01-21 08:15:00,0.16124368215499962,0.06199151670712888,0,0
S3,2024-01-21 08:30:00,0.22420864243633856,0.12184461741764668,0,0
S3,2024-01-21 08:45:00,0.19948849007386865,0.07098535194765697,0,0
S3,2024-01-21 09:00:00,0.23505823798208192,0.079853383814416,0,0
S3,2024-01-21 09:15:00,0.22072783491035716,0.08484072702614322,0,0
S3,2024-01-21 09:30:00,0.19189138707553627,0.06903368328064591,0,0
S3,2024-01-21 09:45:00,0.15044020304625197,0.05661772260587026,0,0
S3,2024-01-21 10:00:00,0.2523036454254081,0.07220405011877594,0,0
S3,2024-01-21 10:15:00,0.24965572760221144,0.07032669787344174,0,0
S3,2024-01-21 10:30:00,0.25535455292762016,0.09029267499749019,0,0
S3,2024-01-21 10:45:00,0.2667557640028891,0.08678109814051864,0,0
S3,2024-01-21 11:00:00,0.2807198068871632,0.07768734366052335,0,0
S3,2024-01-21 11:15:00,0.2102321799639493,0.07565787500695455,0,0
S3,2024-01-21 11:30:00,0.2186023807429195,0.07396371897179871,0,0
S3,2024-01-21 11:45:00,0.27413152183081213,0.08035402664685073,0,0
S3,2024-01-21 12:00:00,0.14809875182415588,0.03716118439713221,0,0
S3,2024-01-21 12:15:00,0.18721508107050114,0.052797402505164105,0,0
S3,2024-01-21 12:30:00,0.1393753059137249,0.04465936419425011,0,0
S3,2024-01-21 12:45:00,0.32949977919667767,0.11786888603722105,0,0
S3,2024-01-21 13:00:00,0.2739416368442203,0.06389034400182482,0,0
S3,2024-01-21 13:15:00,0.3354480887562302,0.09198211788582521,0,0
S3,2024-01-21 13:30:00,0.3311407433794627,0.07105493806909052,0,0
S3,2024-01-21 13:45:00,0.3407553476984751,0.08759052279420555,0,0
S3,2024-01-21 14:00:00,0.33856063006674864,0.06915345832617117,0,0
S3,2024-01-21 14:15:00,0.32243272378817783,0.060516882788660124,0,0
S3,2024-01-21 14:30:00,0.36088594669142565,0.07397339371533983,0,0
S3,2024-01-21 14:45:00,0.2814401282366638,0.08802953202170906,0,0
S3,2024-01-21 15:00:00,0.2576354824276233,0.07707287917220886,0,0
S3,2024-01-21 15:15:00,0.31307554703513396,0.08475996659378869,0,0
S3,2024-01-21 15:30:00,0.39599057956402295,0.07101882561569696,0,0
S3,2024-01-21 15:45:00,0.3081443145492012,0.05482620416072573,0,0
S3,2024-01-21 16:00:00,0.3606588037060967,0.18195213928914603,0,0
S3,2024-01-21 16:15:00,0.3796036133228591,0.05451675465923172,0,0
S3,2024-01-21 16:30:00,0.24715953237813595,0.08975151065618893,0,0
S3,2024-01-21 16:45:00,0.19666670746937998,0.06349538514295873,0,0
S3,2024-01-21 17:00:00,0.32037567009320334,0.08781260415623976,0,0
S3,2024-01-21 17:15:00,0.32891477730892926,0.06786469258497871,0,0
S3,2024-01-21 17:30:00,0.33426490793993613,0.0832070667948932,0,0
S3,2024-01-21 17:45:00,0.2802846695121074,0.0624960391666539,0,0
S3,2024-01-21 18:00:00,0.2200213252421586,0.10256358177649035,0,0
S3,2024-01-21 18:15:00,0.2198783072868339,0.05603344744922422,0,0
S3,2024-01-21 18:30:00,0.21070526450522142,0.05831774685750217,0,0
S3,2024-01-21 18:45:00,0.16580997748195994,0.07007316088550945,0,0
S3,2024-01-21 19:00:00,0.14810449952697521,0.057603916019370725,0,0
S3,2024-01-21 19:15:00,0.13117796234259332,0.09318600134281198,0,0
S3,2024-01-21 19:30:00,0.16090561311925644,0.0895202669177435,0,0
S3,2024-01-21 19:45:00,0.08491583676517402,0.054761779369367714,0,0
S3,2024-01-21 20:00:00,0.20060059149923504,0.09572887646441114,0,0
S3,2024-01-21 20:15:00,0.17438087824857298,0.06316227891846503,0,0
S3,2024-01-21 20:30:00,0.17163829446009443,0.09618224288478178,0,0
S3,2024-01-21 20:45:00,0.2276570453566818,0.06492193848171185,0,0
S3,2024-01-21 21:00:00,0.38057916051048934,0.08803020865449739,0,0
S3,2024-01-21 21:15:00,0.29800850255937067,0.06753402326244393,0,0
S3,2024-01-21 21:30:00,0.21781469600712763,0.07145823580140047,0,0
S3,2024-01-21 21:45:00,0.29571087671632873,0.0825181049482652,0,0
S3,2024-01-21 22:00:00,0.36349435645225614,0.08595434440451116,0,0
S3,2024-01-21 22:15:00,0.2831271428658974,0.08595434440451116,0,0
S3,2024-01-21 22:30:00,0.2694752451899569,0.06396420503938942,0,0
S3,2024-01-21 22:45:00,0.3699860890873312,0.1010227403542737,0,0
S3,2024-01-21 23:00:00,0.28953868041663383,0.056750719810316146,0,0
S3,2024-01-21 23:15:00,0.24249053823166428,0.041467377780971176,0,0
S3,2024-01-21 23:30:00,0.3865235691689946,0.09492571997301097,0,0
S3,2024-01-21 23:45:00,0.3849716072224083,0.07351763827356024,0,0
S4,2024-01-11 00:00:00,1.0,0.14653341052069077,1,0
S4,2024-01-11 00:15:00,0.4225908519908608,0.19863188411120855,0,0
S4,2024-01-11 00:30:00,0.39108532494742404,0.1228617054473969,0,0
S4,2024-01-11 00:45:00,0.3113787536391859,0.08450458921807688,0,0
S4,2024-01-11 01:00:00,0.36847198983198165,0.14497511248907607,0,0
S4,2024-01-11 01:15:00,0.30452329708147213,0.08596860090999942,0,0
S4,2024-01-11 01:30:00,0.2958974077001151,0.0843715763665372,0,0
S4,2024-01-11 01:45:00,0.28781588266852504,0.10280274392294368,0,0
S4,2024-01-11 02:00:00,0.2654487508791938,0.14919188375271691,0,0
S4,2024-01-11 02:15:00,0.2516780582409757,0.11303783186632875,0,0
S4,2024-01-11 02:30:00,0.19037808469091327,0.09317250641031762,0,0
S4,2024-01-11 02:45:00,0.13534446928662403,0.09020489832421008,0,0
S4,2024-01-11 03:00:00,0.12359810277888045,0.10426724821432384,0,0
S4,2024-01-11 03:15:00,0.2187620319713826,0.09337990518093991,0,0
S4,2024-01-11 03:30:00,0.13345801819738654,0.09591963724128805,0,0
S4,2024-01-11 03:45:00,0.12969398951558062,0.13731185700627702,0,0
S4,2024-01-11 04:00:00,0.33208448596665535,0.13454593718212834,0,0
S4,2024-01-11 04:15:00,0.1317502350672332,0.11237790387863711,0,0
S4,2024-01-11 04:30:00,0.13626737176835885,0.09825035349404229,0,0
S4,2024-01-11 04:45:00,0.3204141843021111,0.2136018067143776,0,0
S4,2024-01-11 05:00:00,0.15362765909743964,0.14792844511861236,0,0
S4,2024-01-11 05:15:00,0.18246795829894652,0.12382187146512245,0,0
S4,2024-01-11 05:30:00,0.15733861169968733,0.08539126079789247,0,0
S4,2024-01-11 05:45:00,0.24850238985810666,0.13482778017011424,0,0
S4,2024-01-11 06:00:00,0.2224614979252232,0.11019566555034091,0,0
S4,2024-01-11 06:15:00,0.2804479368144571,0.10880453948375,0,0
S4,2024-01-11 06:30:00,0.18375535634620965,0.08500363293477649,0,0
S4,2024-01-11 06:45:00,0.17757959859485642,0.15778076051352097,0,0
S4,2024-01-11 07:00:00,0.06949873515161699,0.11133185768944386,0,0
S4,2024-01-11 07:15:00,0.03211564777614057,0.0961113121776543,0,0
S4,2024-01-11 07:30:00,0.19897483865347054,0.18275857210621757,0,0
S4,2024-01-11 07:45:00,0.14434932659407015,0.15848673546736322,0,0
S4,2024-01-11 08:00:00,0.13712003943725443,0.14377873088896068,0,0
S4,2024-01-11 08:15:00,0.061849737961046154,0.09993315137810493,0,0
S4,2024-01-11 08:30:00,0.1270316137461682,0.14112874272870776,0,0
S4,2024-01-11 08:45:00,0.02892227821831239,0.09591034818505606,0,0
S4,2024-01-11 09:00:00,0.09371621951538574,0.16582881082811401,0,0
S4,2024-01-11 09:15:00,0.11120115431097669,0.18546182965140576,0,0
S4,2024-01-11 09:30:00,0.08982292304629726,0.09843436795195626,0,0
S4,2024-01-11 09:45:00,0.21597751743589177,0.1667058559943297,0,0
S4,2024-01-11 10:00:00,0.16532363821644627,0.14002192651016007,0,0
S4,2024-01-11 10:15:00,0.06049133016172223,0.10197342204470172,0,0
S4,2024-01-11 10:30:00,0.16475485758922756,0.08508971140640377,0,0
S4,2024-01-11 10:45:00,0.12550621074723098,0.07928143601155418,0,0
S4,2024-01-11 11:00:00,0.2209695316825888,0.13016671266787538,0,0
S4,2024-01-11 11:15:00,0.1432373015257375,0.06399086704507435,0,0
S4,2024-01-11 11:30:00,0.2484714645428554,0.15875020648833646,0,0
S4,2024-01-11 11:45:00,0.12019162421113606,0.10851721751632504,0,0
S4,2024-01-11 12:00:00,0.10277883976487531,0.16198515146071557,0,0
S4,2024-01-11 12:15:00,0.2010449788612972,0.1025635864402298,0,0
S4,2024-01-11 12:30:00,0.11932095814889732,0.10018698404411926,0,0
S4,2024-01-11 12:45:00,0.034402156028725005,0.13941296660191857,0,0
S4,2024-01-11 13:00:00,0.1374559355275478,0.12988027905269436,0,0
S4,2024-01-11 13:15:00,0.07447211260665214,0.0945761020066382,0,0
S4,2024-01-11 13:30:00,0.09936173031375893,0.11104224484483775,0,0
S4,2024-01-11 13:45:00,0.16401237126097407,0.1166192486512096,0,0
S4,2024-01-11 14:00:00,0.14214138095845635,0.11422475726032667,0,0
S4,2024-01-11 14:15:00,0.13787862690624045,0.134320331020085,0,0
S4,2024-01-11 14:30:00,0.23067604781567255,0.18434256902956495,0,0
S4,2024-01-11 14:45:00,0.17465624472993535,0.11152761700688656,0,0
S4,2024-01-11 15:00:00,0.07754105454833383,0.1215278042243384,0,0
S4,2024-01-11 15:15:00,0.23389712238584134,0.17335133136953312,0,0
S4,2024-01-11 15:30:00,0.1192317867689306,0.12652990414140744,0,0
S4,2024-01-11 15:45:00,0.07874098945528679,0.05720474386784371,0,0
S4,2024-01-11 16:00:00,0.10280665567540245,0.08445679954492727,0,0
S4,2024-01-11 16:15:00,0.13906660084706632,0.1262464712593578,0,0
S4,2024-01-11 16:30:00,0.112884433663144,0.15210823155320868,0,0
S4,2024-01-11 16:45:00,0.15763364544985628,0.17904928389063787,0,0
S4,2024-01-11 17:00:00,0.04072939058096449,0.10876285428218042,0,0
S4,2024-01-11 17:15:00,0.1960901829984405,0.13821139421554832,0,0
S4,2024-01-11 17:30:00,0.08781494698116188,0.11752473177480001,0,0
S4,2024-01-11 17:45:00,0.1707314159360158,0.17069414789434956,0,0
S4,2024-01-11 18:00:00,0.09722978175003648,0.12643789313568268,0,0
S4,2024-01-11 18:15:00,0.21755514130811027,0.19103716358007358,0,0
S4,2024-01-11 18:30:00,0.2019688954300851,0.165043444795955,0,0
S4,2024-01-11 18:45:00,0.16151116340518004,0.14780878355413934,0,0
S4,2024-01-11 19:00:00,0.26106561205971013,0.21549957359627225,0,0
S4,2024-01-11 19:15:00,0.15254917674188634,0.17701429416968703,0,0
S4,2024-01-11 19:30:00,0.16996263787064347,0.17343583805259155,0,0
S4,2024-01-11 19:45:00,0.1756560542483929,0.20408654751595118,0,0
S4,2024-01-11 20:00:00,0.14715397515150314,0.17222486999734213,0,0
S4,2024-01-11 20:15:00,0.24978815839875987,0.15902650411961533,0,0
S4,2024-01-11 20:30:00,0.28106511347830304,0.18161928198351437,0,0
S4,2024-01-11 20:45:00,0.20623031867045005,0.1623136418742347,0,0
S4,2024-01-11 21:00:00,0.13250489829362355,0.1375597433589625,0,0
S4,2024-01-11 21:15:00,0.22581555026047787,0.11942383560999081,0,0
S4,2024-01-11 21:30:00,0.18437969816777983,0.12634432112611246,0,0
S4,2024-01-11 21:45:00,0.17598563275973741,0.15193091473112946,0,0
S4,2024-01-11 22:00:00,0.170427368131299,0.1068382827040529,0,0
S4,2024-01-11 22:15:00,0.21677879676058798,0.14885396330987483,0,0
S4,2024-01-11 22:30:00,0.14714436673636963,0.15187595020474726,0,0
S4,2024-01-11 22:45:00,0.25082865677641775,0.13844530682549103,0,0
S4,2024-01-11 23:00:00,0.25747738533695164,0.15974107238543225,0,0
S4,2024-01-11 23:15:00,0.1672752462285037,0.10024511240568922,0,0
S4,2024-01-11 23:30:00,0.10893573136281148,0.10490022585704682,0,0
S4,2024-01-11 23:45:00,0.2614322941854313,0.13640439072166138,0,0
S4,2024-01-12 00:00:00,0.27732551774137315,0.10264499947893684,0,0
S4,2024-01-12 00:15:00,0.2520069163617492,0.15171176870383765,0,0
S4,2024-01-12 00:30:00,0.22829981666224738,0.11531883961191376,0,0
S4,2024-01-12 00:45:00,0.1265565290344768,0.08591720445182593,0,0
S4,2024-01-12 01:00:00,0.3227886148780833,0.20083754796400433,0,0
S4,2024-01-12 01:15:00,0.1873757518733783,0.14342005318314635,0,0
S4,2024-01-12 01:30:00,0.3047555421757237,0.11678198687961824,0,0
S4,2024-01-12 01:45:00,0.2863469752093233,0.11594044654342857,0,0
S4,2024-01-12 02:00:00,0.33086592060038206,0.13546025309617238,0,0
S4,2024-01-12 02:15:00,0.29566814642537603,0.1431125230310021,0,0
S4,2024-01-12 02:30:00,0.23047726975471614,0.1381508542192038,0,0
S4,2024-01-12 02:45:00,0.21816754689429244,0.10662008976873509,0,0
S4,2024-01-12 03:00:00,0.19968234523999898,0.154952610899465,0,0
S4,2024-01-12 03:15:00,0.11989682331473413,0.15480216578027545,0,0
S4,2024-01-12 03:30:00,0.24543910615570844,0.15480216578027545,0,0
S4,2024-01-12 03:45:00,0.2457639844378746,0.13392381299612194,0,0
S4,2024-01-12 04:00:00,0.18917526426524164,0.14237083217682608,0,0
S4,2024-01-12 04:15:00,0.13597823963434547,0.14084374571452316,0,0
S4,2024-01-12 04:30:00,0.14011769196715873,0.1331681673065929,0,0
S4,2024-01-12 04:45:00,0.13911727700028836,0.13879636133018755,0,0
S4,2024-01-12 05:00:00,0.10086751825130072,0.0555778841817176,0,0
S4,2024-01-12 05:15:00,0.06028931583077937,0.08521745406396845,0,0
S4,2024-01-12 05:30:00,0.06242927002633754,0.1140927531163712,0,0
S4,2024-01-12 05:45:00,0.10313548924493102,0.17841686171896756,0,0
S4,2024-01-12 06:00:00,0.13910347880199228,0.13219532315214283,0,0
S4,2024-01-12 06:15:00,0.14820849312941622,0.1629426839940808,0,0
S4,2024-01-12 06:30:00,0.012390632606183,0.0678985603042712,0,0
S4,2024-01-12 06:45:00,0.1726295433393087,0.15764953232137283,0,0
S4,2024-01-12 07:00:00,0.1401823695852833,0.13545928216647468,0,0
S4,2024-01-12 07:15:00,0.07571331658159057,0.10485383407267392,0,0
S4,2024-01-12 07:30:00,0.1462993532797242,0.15340948754274847,0,0
S4,2024-01-12 07:45:00,0.15539498616580366,0.14429113610679753,0,0
S4,2024-01-12 08:00:00,0.17223090467451208,0.14614650274827537,0,0
S4,2024-01-12 08:15:00,0.11559301662920875,0.16540378112620777,0,0
S4,2024-01-12 08:30:00,0.148186098197415,0.15315747558931153,0,0
S4,2024-01-12 08:45:00,0.19795176454410313,0.18895130396050647,0,0
S4,2024-01-12 09:00:00,0.06487753888238208,0.09699111059700077,0,0
S4,2024-01-12 09:15:00,0.13269513456636942,0.1616124705452053,0,0
S4,2024-01-12 09:30:00,0.1181321647526186,0.1028224130187932,0,0
S4,2024-01-12 09:45:00,0.12716976078138012,0.1354764029627201,0,0
S4,2024-01-12 10:00:00,0.1269295217053167,0.15217556741104646,0,0
S4,2024-01-12 10:15:00,0.15309771789445886,0.11798284343971203,0,0
S4,2024-01-12 10:30:00,0.0992756780584516,0.096555259328402,0,0
S4,2024-01-12 10:45:00,0.12137404739468939,0.08434295791049067,0,0
S4,2024-01-12 11:00:00,0.06433039691601591,0.0664219616576197,0,0
S4,2024-01-12 11:15:00,0.23374978387344858,0.18398972146450346,0,0
S4,2024-01-12 11:30:00,0.2656626292541835,0.15424772498463177,0,0
S4,2024-01-12 11:45:00,0.2503726875547116,0.17445983475083843,0,0
S4,2024-01-12 12:00:00,0.15278739960252927,0.12397586130054518,0,0
S4,2024-01-12 12:15:00,0.11506605354237914,0.11158518515719984,0,0
S4,2024-01-12 12:30:00,0.12748547147528413,0.09606600986277847,0,0
S4,2024-01-12 12:45:00,0.14275487791392258,0.12496349791254038,0,0
S4,2024-01-12 13:00:00,0.22882694970372994,0.15462189724625827,0,0
S4,2024-01-12 13:15:00,0.22958881383698376,0.1279444519056212,0,0
S4,2024-01-12 13:30:00,0.19343424692785996,0.13266688292763526,0,0
S4,2024-01-12 13:45:00,0.22904175971932972,0.13987670529079374,0,0
S4,2024-01-12 14:00:00,0.15530650432799983,0.12241884218067682,0,0
S4,2024-01-12 14:15:00,0.1571551538327046,0.10457736469322707,0,0
S4,2024-01-12 14:30:00,0.11600894321051701,0.08254608819076902,0,0
S4,2024-01-12 14:45:00,0.11806258225129773,0.0785614522710834,0,0
S4,2024-01-12 15:00:00,0.11225554141920023,0.09238652425146698,0,0
S4,2024-01-12 15:15:00,0.17328107420644462,0.16936313321187368,0,0
S4,2024-01-12 15:30:00,0.14570882920793246,0.14278485007439856,0,0
S4,2024-01-12 15:45:00,0.14211909117838248,0.12221545418535591,0,0
S4,2024-01-12 16:00:00,0.1567071957871,0.13593274858628782,0,0
S4,2024-01-12 16:15:00,0.1496666296318605,0.1093029593533338,0,0
S4,2024-01-12 16:30:00,0.08554660355794338,0.1312564674898755,0,0
S4,2024-01-12 16:45:00,0.23529557878327476,0.1551029752702663,0,0
S4,2024-01-12 17:00:00,0.12929781429077164,0.0774765123279675,0,0
S4,2024-01-12 17:15:00,0.10516995020706518,0.0877916852304356,0,0
S4,2024-01-12 17:30:00,0.17947362629742689,0.12654409751048268,0,0
S4,2024-01-12 17:45:00,0.1004100496788626,0.14101443836927607,0,0
S4,2024-01-12 18:00:00,0.1582181900102393,0.16226702444076857,0,0
S4,2024-01-12 18:15:00,0.1590930230936889,0.1534088691268516,0,0
S4,2024-01-12 18:30:00,0.28363838986787365,0.2301399712055872,0,0
S4,2024-01-12 18:45:00,0.16933292004322129,0.13829368415443935,0,0
S4,2024-01-12 19:00:00,0.25723617084651945,0.16267439631231306,0,0
S4,2024-01-12 19:15:00,0.1255602781696533,0.16815149563502005,0,0
S4,2024-01-12 19:30:00,0.20138258196320796,0.1491827048272785,0,0
S4,2024-01-12 19:45:00,0.3715644972565578,0.2253291614637996,0,0
S4,2024-01-12 20:00:00,0.23347338915173932,0.18079466067809588,0,0
S4,2024-01-12 20:15:00,0.3127451774727927,0.181592760812848,0,0
S4,2024-01-12 20:30:00,0.17695237181087117,0.18680396458456616,0,0
S4,2024-01-12 20:45:00,0.20804258071941822,0.2606321517719577,0,0
S4,2024-01-12 21:00:00,0.25563686077386716,0.1689711480613407,0,0
S4,2024-01-12 21:15:00,0.28523991194181125,0.2002711214873961,0,0
S4,2024-01-12 21:30:00,0.25077199102890146,0.13823545650505656,0,0
S4,2024-01-12 21:45:00,0.22102370336354363,0.17951972682827103,0,0
S4,2024-01-12 22:00:00,0.13597999607089425,0.11691043104434273,0,0
S4,2024-01-12 22:15:00,0.173143291710166,0.08648445725801583,0,0
S4,2024-01-12 22:30:00,0.25235084246594214,0.15648597422134516,0,0
S4,2024-01-12 22:45:00,0.23071741618429692,0.16869295116037297,0,0
S4,2024-01-12 23:00:00,0.3024004120071353,0.12401998536939911,0,0
S4,2024-01-12 23:15:00,0.14845515894756914,0.12263804887861493,0,0
S4,2024-01-12 23:30:00,0.2380786255602853,0.10134504499363685,0,0
S4,2024-01-12 23:45:00,0.12717251716335365,0.08668953539625347,0,0
S4,2024-01-13 00:00:00,0.20678442981890058,0.09870686530500077,0,0
S4,2024-01-13 00:15:00,0.45047918757437566,0.23469864660178827,0,0
S4,2024-01-13 00:30:00,0.22654550621031144,0.13708223505522957,0,0
S4,2024-01-13 00:45:00,0.16564537549645122,0.09211567340732908,0,0
S4,2024-01-13 01:00:00,0.34308997414217896,0.18683392863969328,0,0
S4,2024-01-13 01:15:00,0.3364933649546437,0.23657706502591794,0,0
S4,2024-01-13 01:30:00,0.2334688053827569,0.09593538835118218,0,0
S4,2024-01-13 01:45:00,0.3377318263349804,0.1383597014606021,0,0
S4,2024-01-13 02:00:00,0.472133665181449,0.15897340508534594,0,0
S4,2024-01-13 02:15:00,0.3029293312961937,0.16801778612579057,0,0
S4,2024-01-13 02:30:00,0.32358771457658136,0.157697977630099,0,0
S4,2024-01-13 02:45:00,0.2697345506517684,0.11023294620898809,0,0
S4,2024-01-13 03:00:00,0.2846048404323747,0.15751105514496513,0,0
S4,2024-01-13 03:15:00,0.577391415093957,0.8130206769152534,1,1
S4,2024-01-13 03:30:00,0.5176449068198856,0.5322920606468521,1,0
S4,2024-01-13 03:45:00,0.6391525380555064,0.5287065439852725,1,0
S4,2024-01-13 04:00:00,0.47705016869178724,0.7903004689975025,0,1
S4,2024-01-13 04:15:00,0.30813985905076374,0.3981064858618017,0,0
S4,2024-01-13 04:30:00,0.48312625442001556,0.9999999999225467,0,1
S4,2024-01-13 04:45:00,0.4285186720839489,0.15493964742063615,0,0
S4,2024-01-13 05:00:00,0.4227582519589311,0.8169795960757573,0,1
S4,2024-01-13 05:15:00,0.44346806624493523,0.5703739087731218,0,0
S4,2024-01-13 05:30:00,0.36959766625086776,0.5603269549972226,0,0
S4,2024-01-13 05:45:00,0.5168162009717648,0.8799961786803088,1,1
S4,2024-01-13 06:00:00,0.3349245716310211,0.2745042034959618,0,0
S4,2024-01-13 06:15:00,0.31255164258030116,0.878020093633929,0,1
S4,2024-01-13 06:30:00,0.352262931861708,0.42650248364953436,0,0
S4,2024-01-13 06:45:00,0.36496031565046794,0.7946570622986209,0,1
S4,2024-01-13 07:00:00,0.38925427859536915,0.7516252379473595,0,1
S4,2024-01-13 07:15:00,0.3781849427107339,0.4249619278683197,0,0
S4,2024-01-13 07:30:00,0.4672777237128391,0.8982952989291408,0,1
S4,2024-01-13 07:45:00,0.22492113988633056,0.2788310414142912,0,0
S4,2024-01-13 08:00:00,0.2547103215788049,0.08730346490376677,0,0
S4,2024-01-13 08:15:00,0.24517847630651096,0.06691689882261367,0,0
S4,2024-01-13 08:30:00,0.21349027728151915,0.1280940787887231,0,0
S4,2024-01-13 08:45:00,0.32822492188951974,0.10374168870651215,0,0
S4,2024-01-13 09:00:00,0.3028387555756679,0.1118483819465175,0,0
S4,2024-01-13 09:15:00,0.2785237996697741,0.11657732500232543,0,0
S4,2024-01-13 09:30:00,0.28950752318525924,0.16737551508374204,0,0
S4,2024-01-13 09:45:00,0.013458550251398036,0.09142291517961798,0,0
S4,2024-01-13 10:00:00,0.08175703612570137,0.14027527602958523,0,0
S4,2024-01-13 10:15:00,0.051193262073543536,0.08231004557462976,0,0
S4,2024-01-13 10:30:00,0.14448710497670833,0.14434973907328577,0,0
S4,2024-01-13 10:45:00,0.23669090646859928,0.11632333084039437,0,0
S4,2024-01-13 11:00:00,0.12348221761938037,0.10367275466358201,0,0
S4,2024-01-13 11:15:00,0.04170925736552738,0.09018366176203103,0,0
S4,2024-01-13 11:30:00,0.2046533125424263,0.12912088566864438,0,0
S4,2024-01-13 11:45:00,0.20104522043404735,0.09510651555912297,0,0
S4,2024-01-13 12:00:00,0.16333525133453702,0.16501506925200143,0,0
S4,2024-01-13 12:15:00,0.10317827611909959,0.10524662824831156,0,0
S4,2024-01-13 12:30:00,0.21189602202219918,0.14339323948110408,0,0
S4,2024-01-13 12:45:00,0.2654965068820982,0.1950831130267313,0,0
S4,2024-01-13 13:00:00,0.31672062774199017,0.13506128286029115,0,0
S4,2024-01-13 13:15:00,0.19638192822122197,0.14095240179629762,0,0
S4,2024-01-13 13:30:00,0.13177793911886757,0.19394369490203509,0,0
S4,2024-01-13 13:45:00,0.20922784882755324,0.11406330987186206,0,0
S4,2024-01-13 14:00:00,0.208214083941825,0.12015037026278941,0,0
S4,2024-01-13 14:15:00,0.23486567095461888,0.14466620250930856,0,0
S4,2024-01-13 14:30:00,0.15773742976796026,0.10614886420789169,0,0
S4,2024-01-13 14:45:00,0.20889303243258547,0.20245855997486972,0,0
S4,2024-01-13 15:00:00,0.28481559615545754,0.16547811516137614,0,0
S4,2024-01-13 15:15:00,0.25345932661417075,0.14673548400218997,0,0
S4,2024-01-13 15:30:00,0.2394384554708218,0.10596424440413095,0,0
S4,2024-01-13 15:45:00,0.3489464311603753,0.12070738405454451,0,0
S4,2024-01-13 16:00:00,0.24153694713216856,0.14185350193214774,0,0
S4,2024-01-13 16:15:00,0.2473286458502028,0.11899271292228174,0,0
S4,2024-01-13 16:30:00,0.1428456584639511,0.09529430311149727,0,0
S4,2024-01-13 16:45:00,0.12690126914472052,0.11835623798910713,0,0
S4,2024-01-13 17:00:00,0.19242872725152618,0.1833664245704056,0,0
S4,2024-01-13 17:15:00,0.10484822572262391,0.09366094812865694,0,0
S4,2024-01-13 17:30:00,0.05823721335779491,0.07580216298491123,0,0
S4,2024-01-13 17:45:00,0.20130625703532143,0.1631848416643123,0,0
S4,2024-01-13 18:00:00,0.08713840020879082,0.08639640452046901,0,0
S4,2024-01-13 18:15:00,0.12614100885745846,0.13288208092751386,0,0
S4,2024-01-13 18:30:00,0.2068902457592418,0.15071765420705954,0,0
S4,2024-01-13 18:45:00,0.15274338437988497,0.15071765420705954,0,0
S4,2024-01-13 19:00:00,0.13343621188473612,0.09137468001755382,0,0
S4,2024-01-13 19:15:00,0.09035885139347846,0.1221985548232952,0,0
S4,2024-01-13 19:30:00,0.05715231309842304,0.08791725554589602,0,0
S4,2024-01-13 19:45:00,0.08305792845980962,0.1394664343904248,0,0
S4,2024-01-13 20:00:00,0.04340360056065803,0.09963413120597688,0,0
S4,2024-01-13 20:15:00,0.13318088348961596,0.16925273514053607,0,0
S4,2024-01-13 20:30:00,0.09385265680942,0.10251734892326313,0,0
S4,2024-01-13 20:45:00,0.16202320597486158,0.10639117807970963,0,0
S4,2024-01-13 21:00:00,0.1390808970804997,0.10898338377692278,0,0
S4,2024-01-13 21:15:00,0.17490425270798463,0.1348438205782864,0,0
S4,2024-01-13 21:30:00,0.287785341974836,0.22814089267587076,0,0
S4,2024-01-13 21:45:00,0.1266116703164933,0.08268444174480874,0,0
S4,2024-01-13 22:00:00,0.1597291646621598,0.15035954420373251,0,0
S4,2024-01-13 22:15:00,0.16343251096678094,0.11303226592309175,0,0
S4,2024-01-13 22:30:00,0.16764066390628388,0.14909913379288056,0,0
S4,2024-01-13 22:45:00,0.153586691732,0.15840279554181239,0,0
S4,2024-01-13 23:00:00,0.11491824826798468,0.1119722334068199,0,0
S4,2024-01-13 23:15:00,0.24334456714020802,0.17072924928909614,0,0
S4,2024-01-13 23:30:00,0.21186415128282132,0.12501075825276559,0,0
S4,2024-01-13 23:45:00,0.16892883195831682,0.13532118039320098,0,0
S4,2024-01-14 00:00:00,0.32456486419074393,0.19159626000762417,0,0
S4,2024-01-14 00:15:00,0.3333874153735324,0.1815793909197984,0,0
S4,2024-01-14 00:30:00,0.30348485266762126,0.14211048408679386,0,0
S4,2024-01-14 00:45:00,0.4176309657653728,0.19872939905487505,0,0
S4,2024-01-14 01:00:00,0.32551990326478547,0.10784347309196522,0,0
S4,2024-01-14 01:15:00,0.338520226937073,0.13562409077196091,0,0
S4,2024-01-14 01:30:00,0.4389095712498357,0.15019835366601883,0,0
S4,2024-01-14 01:45:00,0.3576148577232433,0.17021046082553604,0,0
S4,2024-01-14 02:00:00,0.23270029676246407,0.10963917206927476,0,0
S4,2024-01-14 02:15:00,0.36051495223150687,0.1654543191198895,0,0
S4,2024-01-14 02:30:00,0.3031395692284408,0.1389760006068712,0,0
S4,2024-01-14 02:45:00,0.2772358503841752,0.1733977418391486,0,0
S4,2024-01-14 03:00:00,0.2981467289876098,0.13431860244301855,0,0
S4,2024-01-14 03:15:00,0.35452046110737845,0.14656548025465044,0,0
S4,2024-01-14 03:30:00,0.25573227836959805,0.16757208769581527,0,0
S4,2024-01-14 03:45:00,0.2670517979142713,0.12511717857198634,0,0
S4,2024-01-14 04:00:00,0.16858632740944368,0.1476556368541141,0,0
S4,2024-01-14 04:15:00,0.2740812201377867,0.13832769228294609,0,0
S4,2024-01-14 04:30:00,0.17369333486885233,0.10377462526305035,0,0
S4,2024-01-14 04:45:00,0.2846415258617995,0.15388297064060383,0,0
S4,2024-01-14 05:00:00,0.37871517821981826,0.22944040931699083,0,0
S4,2024-01-14 05:15:00,0.23487217505906638,0.14270446825913596,0,0
S4,2024-01-14 05:30:00,0.26975419390136707,0.15188493343275675,0,0
S4,2024-01-14 05:45:00,0.252744566661996,0.10098798373304688,0,0
S4,2024-01-14 06:00:00,0.19626882484740463,0.08246656894232275,0,0
S4,2024-01-14 06:15:00,0.2116373865613438,0.11228839385037857,0,0
S4,2024-01-14 06:30:00,0.15677676422909306,0.17879482927028578,0,0
S4,2024-01-14 06:45:00,0.2140321209838297,0.13296743492676683,0,0
S4,2024-01-14 07:00:00,0.29709992101982097,0.09844103724129633,0,0
S4,2024-01-14 07:15:00,0.2530684455394024,0.13138969693298216,0,0
S4,2024-01-14 07:30:00,0.16963765249570764,0.14225232327468063,0,0
S4,2024-01-14 07:45:00,0.07690470157139886,0.13289995446381717,0,0
S4,2024-01-14 08:00:00,0.09127980414429326,0.06767646639264262,0,0
S4,2024-01-14 08:15:00,0.2606552735120791,0.16271057456355287,0,0
S4,2024-01-14 08:30:00,0.1264304123526125,0.0750402136895405,0,0
S4,2024-01-14 08:45:00,0.10997823175918793,0.08732231801791017,0,0
S4,2024-01-14 09:00:00,0.19259169549950886,0.11686010444156758,0,0
S4,2024-01-14 09:15:00,0.20994110192813437,0.16433993045111125,0,0
S4,2024-01-14 09:30:00,0.16189643642223156,0.14508677705129377,0,0
S4,2024-01-14 09:45:00,0.2965827320385972,0.13625723447570137,0,0
S4,2024-01-14 10:00:00,0.16090152128266144,0.10384750879911948,0,0
S4,2024-01-14 10:15:00,0.15052357778444694,0.09189658808032332,0,0
S4,2024-01-14 10:30:00,0.13238506598059235,0.11532635891958651,0,0
S4,2024-01-14 10:45:00,0.08430728679020737,0.09186866650324897,0,0
S4,2024-01-14 11:00:00,0.12529661500554418,0.0824644443660706,0,0
S4,2024-01-14 11:15:00,0.12070995823659182,0.09344087775911586,0,0
S4,2024-01-14 11:30:00,0.12686325459299483,0.10287803376452039,0,0
S4,2024-01-14 11:45:00,0.23908441957181045,0.1668710976974005,0,0
S4,2024-01-14 12:00:00,0.43564362811696117,0.19773785945231323,0,0
S4,2024-01-14 12:15:00,0.2653843258776924,0.19184375150435395,0,0
S4,2024-01-14 12:30:00,0.2663791436457617,0.14961727231652813,0,0
S4,2024-01-14 12:45:00,0.23040036398420913,0.19019975240783485,0,0
S4,2024-01-14 13:00:00,0.21648910525899842,0.11486336069798894,0,0
S4,2024-01-14 13:15:00,0.26778216418029716,0.2765900825847416,0,0
S4,2024-01-14 13:30:00,0.24254632011374389,0.09630104147957348,0,0
S4,2024-01-14 13:45:00,0.23109944586485065,0.10946561700698472,0,0
S4,2024-01-14 14:00:00,0.3430588769728046,0.22704234768221587,0,0
S4,2024-01-14 14:15:00,0.26555118667763566,0.15400821622983127,0,0
S4,2024-01-14 14:30:00,0.37459235169855376,0.16961631360921628,0,0
S4,2024-01-14 14:45:00,0.230733607314577,0.1128045770663069,0,0
S4,2024-01-14 15:00:00,0.3212997637366208,0.1222479338473326,0,0
S4,2024-01-14 15:15:00,0.1876599049795877,0.07335538253748546,0,0
S4,2024-01-14 15:30:00,0.20248458111529705,0.16353112057068284,0,0
S4,2024-01-14 15:45:00,0.3026531872392072,0.1644316462737122,0,0
S4,2024-01-14 16:00:00,0.2368598330538036,0.1109682152190619,0,0
S4,2024-01-14 16:15:00,0.15646713400933962,0.10246326791733505,0,0
S4,2024-01-14 16:30:00,0.1973643152977349,0.13252729324275772,0,0
S4,2024-01-14 16:45:00,0.2392304289378853,0.1067080258015485,0,0
S4,2024-01-14 17:00:00,0.2028059387144585,0.1902708330351486,0,0
S4,2024-01-14 17:15:00,0.11538727036642207,0.0830643506357343,0,0
S4,2024-01-14 17:30:00,0.16819632056457465,0.10977805756264063,0,0
S4,2024-01-14 17:45:00,0.08601277741839614,0.06867413676515463,0,0
S4,2024-01-14 18:00:00,0.16634098672451603,0.17443443185089516,0,0
S4,2024-01-14 18:15:00,0.2019420607141615,0.10165723760706072,0,0
S4,2024-01-14 18:30:00,0.2003307228078294,0.12417475355861707,0,0
S4,2024-01-14 18:45:00,0.17186246680007208,0.11663850277554999,0,0
S4,2024-01-14 19:00:00,0.16804236018565014,0.14106653365614474,0,0
S4,2024-01-14 19:15:00,0.22252477078457103,0.14622762052088914,0,0
S4,2024-01-14 19:30:00,0.21134113787009198,0.16175633380596544,0,0
S4,2024-01-14 19:45:00,0.16224096150193718,0.14445543565583627,0,0
S4,2024-01-14 20:00:00,0.11418614913569172,0.10397329974371909,0,0
S4,2024-01-14 20:15:00,0.12104920277682245,0.15179105843629417,0,0
S4,2024-01-14 20:30:00,0.08775017278760237,0.15179105843629417,0,0
S4,2024-01-14 20:45:00,0.1861609250539578,0.12735277838892484,0,0
S4,2024-01-14 21:00:00,0.14307221486598182,0.1276882545571069,0,0
S4,2024-01-14 21:15:00,0.1433236833893294,0.11696859056138276,0,0
S4,2024-01-14 21:30:00,0.17669506842597377,0.09964973774451225,0,0
S4,2024-01-14 21:45:00,0.3215103303677275,0.16090088620250736,0,0
S4,2024-01-14 22:00:00,0.3281804334495274,0.1627215928116231,0,0
S4,2024-01-14 22:15:00,0.186178387936966,0.07998089791869184,0,0
S4,2024-01-14 22:30:00,0.2777810575475709,0.17400513022116784,0,0
S4,2024-01-14 22:45:00,0.23136945905300352,0.1091602140900944,0,0
S4,2024-01-14 23:00:00,0.13862888748038513,0.10426081420397651,0,0
S4,2024-01-14 23:15:00,0.24262216453172222,0.21390417537979342,0,0
S4,2024-01-14 23:30:00,0.2020520898785848,0.12611587231576155,0,0
S4,2024-01-14 23:45:00,0.3366705966548399,0.17741552066129399,0,0
S4,2024-01-15 00:00:00,0.3175667953935505,0.10779681196357092,0,0
S4,2024-01-15 00:15:00,0.27626331287782835,0.15349710072718228,0,0
S4,2024-01-15 00:30:00,0.32170841663838734,0.1505435210004285,0,0
S4,2024-01-15 00:45:00,0.29426939676906955,0.12758119853443134,0,0
S4,2024-01-15 01:00:00,0.35650737881794614,0.16347566374479716,0,0
S4,2024-01-15 01:15:00,0.15106358421743507,0.11981145152749141,0,0
S4,2024-01-15 01:30:00,0.18361326140966738,0.15654936466133204,0,0
S4,2024-01-15 01:45:00,0.3772368151214431,0.156892753777802,0,0
S4,2024-01-15 02:00:00,0.17926025248471011,0.12277977223895342,0,0
S4,2024-01-15 02:15:00,0.24880783434650044,0.14248752773827428,0,0
S4,2024-01-15 02:30:00,0.23864979704683056,0.138355942450559,0,0
S4,2024-01-15 02:45:00,0.42236068399027477,0.22590793684274915,0,0
S4,2024-01-15 03:00:00,0.20684938613718645,0.1479097524164078,0,0
S4,2024-01-15 03:15:00,0.2862832611462046,0.13693618635406393,0,0
S4,2024-01-15 03:30:00,0.22798603719801908,0.1100483882398078,0,0
S4,2024-01-15 03:45:00,0.34519525028379455,0.1645512523686751,0,0
S4,2024-01-15 04:00:00,0.24890693446842088,0.14464688655930522,0,0
S4,2024-01-15 04:15:00,0.15207131583254124,0.1310839596346272,0,0
S4,2024-01-15 04:30:00,0.18400648282050158,0.1351721905688404,0,0
S4,2024-01-15 04:45:00,0.0841687428191621,0.09227799137420092,0,0
S4,2024-01-15 05:00:00,0.15180257120830348,0.09266999872208635,0,0
S4,2024-01-15 05:15:00,0.21883524832083553,0.16099727261555333,0,0
S4,2024-01-15 05:30:00,0.14153458110711437,0.07612918220726735,0,0
S4,2024-01-15 05:45:00,0.14188426147243277,0.11994825259063446,0,0
S4,2024-01-15 06:00:00,0.1567315612531233,0.08743436214838825,0,0
S4,2024-01-15 06:15:00,0.07702125813775808,0.08752549975665232,0,0
S4,2024-01-15 06:30:00,0.1343342014089766,0.12982175992366282,0,0
S4,2024-01-15 06:45:00,0.07804208615792337,0.11819862144130695,0,0
S4,2024-01-15 07:00:00,0.22167411422780103,0.2732711173205671,0,0
S4,2024-01-15 07:15:00,0.09336468308973393,0.14996722137197824,0,0
S4,2024-01-15 07:30:00,0.15173912715985427,0.11001045146929367,0,0
S4,2024-01-15 07:45:00,0.1885163405003913,0.17068694800308384,0,0
S4,2024-01-15 08:00:00,0.12766771427349202,0.11876414236306772,0,0
S4,2024-01-15 08:15:00,0.11982632662001237,0.11252783986335287,0,0
S4,2024-01-15 08:30:00,0.11099046428838392,0.12575702320481877,0,0
S4,2024-01-15 08:45:00,0.0949024208470089,0.11250767031213163,0,0
S4,2024-01-15 09:00:00,0.21719406357050577,0.14763002213495827,0,0
S4,2024-01-15 09:15:00,0.22448061790615478,0.15801757111843917,0,0
S4,2024-01-15 09:30:00,0.15015741457352935,0.1632881678431497,0,0
S4,2024-01-15 09:45:00,0.08206792226591718,0.09173340091004437,0,0
S4,2024-01-15 10:00:00,0.2352005300910794,0.19635567316070507,0,0
S4,2024-01-15 10:15:00,0.19764638458813155,0.12278566787841075,0,0
S4,2024-01-15 10:30:00,0.15968291956461567,0.1263238318471777,0,0
S4,2024-01-15 10:45:00,0.13906897524682835,0.19465173416711617,0,0
S4,2024-01-15 11:00:00,0.23376236304476994,0.1859510566247448,0,0
S4,2024-01-15 11:15:00,0.14787140190591158,0.1333641969312568,0,0
S4,2024-01-15 11:30:00,0.04541383497697063,0.09839107451001308,0,0
S4,2024-01-15 11:45:00,0.12836221285613755,0.11211988271948452,0,0
S4,2024-01-15 12:00:00,0.0879424135241852,0.10766775641895379,0,0
S4,2024-01-15 12:15:00,0.1030039581520909,0.11942711010529555,0,0
S4,2024-01-15 12:30:00,0.1381562313801153,0.16776849167569124,0,0
S4,2024-01-15 12:45:00,0.11144309283988153,0.09543744569508761,0,0
S4,2024-01-15 13:00:00,0.19749474728124397,0.1125508565802264,0,0
S4,2024-01-15 13:15:00,0.20477430720676448,0.2073428585294108,0,0
S4,2024-01-15 13:30:00,0.057677624622812056,0.09942818399519221,0,0
S4,2024-01-15 13:45:00,0.04763222178004314,0.0786383618438234,0,0
S4,2024-01-15 14:00:00,0.17543954555166977,0.11457915323507523,0,0
S4,2024-01-15 14:15:00,0.181321173719145,0.12268309387260702,0,0
S4,2024-01-15 14:30:00,0.3320935351421804,0.14078565816906705,0,0
S4,2024-01-15 14:45:00,0.12077352326147055,0.11448089656394,0,0
S4,2024-01-15 15:00:00,0.27998047900640016,0.14739295695652585,0,0
S4,2024-01-15 15:15:00,0.23136414314094794,0.12566965294329852,0,0
S4,2024-01-15 15:30:00,0.16646659506192693,0.1690119763351817,0,0
S4,2024-01-15 15:45:00,0.2268083136726117,0.13134494651230152,0,0
S4,2024-01-15 16:00:00,0.35487451899924555,0.17472655625484734,0,0
S4,2024-01-15 16:15:00,0.1783590942768502,0.11347513000226064,0,0
S4,2024-01-15 16:30:00,0.3754093480794538,0.15305859851876777,0,0
S4,2024-01-15 16:45:00,0.27061267956353435,0.15545528424094068,0,0
S4,2024-01-15 17:00:00,0.30122336353998713,0.0896651153878301,0,0
S4,2024-01-15 17:15:00,0.26902296334609216,0.10734767651736518,0,0
S4,2024-01-15 17:30:00,0.23114960859899636,0.13971959701289124,0,0
S4,2024-01-15 17:45:00,0.20651988958244064,0.12396732704009669,0,0
S4,2024-01-15 18:00:00,0.15886950663210514,0.10140355765659838,0,0
S4,2024-01-15 18:15:00,0.21543967967489247,0.12779187947514478,0,0
S4,2024-01-15 18:30:00,0.08437261474958595,0.11619956764484578,0,0
S4,2024-01-15 18:45:00,0.2347807116789269,0.1922676652350833,0,0
S4,2024-01-15 19:00:00,0.27223078777169835,0.18987230131264607,0,0
S4,2024-01-15 19:15:00,0.13157008980138615,0.1555900888885203,0,0
S4,2024-01-15 19:30:00,0.23166699172434632,0.19646169510422984,0,0
S4,2024-01-15 19:45:00,0.20756992907286803,0.2117570677959961,0,0
S4,2024-01-15 20:00:00,0.19500730551448353,0.15172144709609883,0,0
S4,2024-01-15 20:15:00,0.12854041376071032,0.1353556577155349,0,0
S4,2024-01-15 20:30:00,0.08199608422749764,0.12694716629579347,0,0
S4,2024-01-15 20:45:00,0.17489568649484283,0.2625351507270246,0,0
S4,2024-01-15 21:00:00,0.1250786831524821,0.15670969180644306,0,0
S4,2024-01-15 21:15:00,0.3124496765799375,0.1881789747724832,0,0
S4,2024-01-15 21:30:00,0.304540600957942,0.1555966564680917,0,0
S4,2024-01-15 21:45:00,0.2661089846139983,0.1767308123138805,0,0
S4,2024-01-15 22:00:00,0.21916375057849277,0.15351700333259014,0,0
S4,2024-01-15 22:15:00,0.14802824301198692,0.10395667084654046,0,0
S4,2024-01-15 22:30:00,0.1985870587811852,0.1179549843497039,0,0
S4,2024-01-15 22:45:00,0.2264903894146059,0.12185721299920213,0,0
S4,2024-01-15 23:00:00,0.24137133718740125,0.21215690103284252,0,0
S4,2024-01-15 23:15:00,0.2763753296549043,0.1536906225803574,0,0
S4,2024-01-15 23:30:00,0.2892336560388321,0.1645744029461297,0,0
S4,2024-01-15 23:45:00,0.3482418162061377,0.16835930873267418,0,0
S4,2024-01-16 00:00:00,0.3087070780280958,0.17495640793228734,0,0
S4,2024-01-16 00:15:00,0.36400515398583805,0.14829228642417228,0,0
S4,2024-01-16 00:30:00,0.357635519756061,0.19131469141478238,0,0
S4,2024-01-16 00:45:00,0.38977011248259924,0.20609344554480488,0,0
S4,2024-01-16 01:00:00,0.3745439639264319,0.1538855924636909,0,0
S4,2024-01-16 01:15:00,0.41172672181094117,0.1642618401421545,0,0
S4,2024-01-16 01:30:00,0.2743690562561032,0.16668415303216977,0,0
S4,2024-01-16 01:45:00,0.22425641951498865,0.10113787463319868,0,0
S4,2024-01-16 02:00:00,0.22737536886667567,0.0821308756666742,0,0
S4,2024-01-16 02:15:00,0.3938941617998769,0.18066878358232275,0,0
S4,2024-01-16 02:30:00,0.23394657504747204,0.10903883546401966,0,0
S4,2024-01-16 02:45:00,0.2608395946732126,0.11260462267267997,0,0
S4,2024-01-16 03:00:00,0.25236721741494167,0.18161601098288366,0,0
S4,2024-01-16 03:15:00,0.128459833273257,0.09789250928445672,0,0
S4,2024-01-16 03:30:00,0.15619486120104087,0.10036791052702115,0,0
S4,2024-01-16 03:45:00,0.09592647099604834,0.08280010840570669,0,0
S4,2024-01-16 04:00:00,0.34424955622002573,0.18462931093469484,0,0
S4,2024-01-16 04:15:00,0.16801949178380254,0.13991678942241587,0,0
S4,2024-01-16 04:30:00,0.19205556313691594,0.14857350291800392,0,0
S4,2024-01-16 04:45:00,0.18887369154844819,0.11953074040543499,0,0
S4,2024-01-16 05:00:00,0.25441419778455265,0.14278149071198026,0,0
S4,2024-01-16 05:15:00,0.07620571649783014,0.0777561330737108,0,0
S4,2024-01-16 05:30:00,0.16510592363581164,0.11079268138386007,0,0
S4,2024-01-16 05:45:00,0.33370705240683285,0.18709246950968783,0,0
S4,2024-01-16 06:00:00,0.171893328025139,0.12200809181930562,0,0
S4,2024-01-16 06:15:00,0.08466982841009367,0.08682138351144159,0,0
S4,2024-01-16 06:30:00,0.09203721477844459,0.17271639632310565,0,0
S4,2024-01-16 06:45:00,0.1435885527092327,0.12950376239329847,0,0
S4,2024-01-16 07:00:00,0.1543535838465195,0.186140997326287,0,0
S4,2024-01-16 07:15:00,0.11795967134880936,0.106585239743029,0,0
S4,2024-01-16 07:30:00,0.06759229085091169,0.1313885437548371,0,0
S4,2024-01-16 07:45:00,0.15806779627199977,0.1636687568250571,0,0
S4,2024-01-16 08:00:00,0.08089701165519386,0.1590062719681923,0,0
S4,2024-01-16 08:15:00,0.15335795466232857,0.1216202077828888,0,0
S4,2024-01-16 08:30:00,0.06733277343652841,0.11993057001243736,0,0
S4,2024-01-16 08:45:00,0.04115564252650482,0.1320699056650834,0,0
S4,2024-01-16 09:00:00,0.12541513241161945,0.16564745269431047,0,0
S4,2024-01-16 09:15:00,0.08566397082040149,0.19101482908917686,0,0
S4,2024-01-16 09:30:00,0.1065313926187117,0.11208678175554906,0,0
S4,2024-01-16 09:45:00,0.2499044473309667,0.1646546200993107,0,0
S4,2024-01-16 10:00:00,0.12751169872110005,0.1154427809721258,0,0
S4,2024-01-16 10:15:00,0.053523469239327534,0.09855761898667663,0,0
S4,2024-01-16 10:30:00,0.11571264768038454,0.1040973402375687,0,0
S4,2024-01-16 10:45:00,0.15501257651031822,0.1824777952214337,0,0
S4,2024-01-16 11:00:00,0.15101480636259101,0.12304789308718239,0,0
S4,2024-01-16 11:15:00,0.1640402010137607,0.08716168259235761,0,0
S4,2024-01-16 11:30:00,0.15210280328546072,0.10576909928790028,0,0
S4,2024-01-16 11:45:00,0.034238252022742915,0.07172759515849252,0,0
S4,2024-01-16 12:00:00,0.13746700588050087,0.1280206348701501,0,0
S4,2024-01-16 12:15:00,0.04925490896212724,0.1054322863236596,0,0
S4,2024-01-16 12:30:00,0.15508399019701796,0.13971736009693525,0,0
S4,2024-01-16 12:45:00,0.13872847044620815,0.16020202237626133,0,0
S4,2024-01-16 13:00:00,0.12219397898550531,0.10880866961654419,0,0
S4,2024-01-16 13:15:00,0.24811248012090972,0.2145593488230113,0,0
S4,2024-01-16 13:30:00,0.20216875855343916,0.09881659259182975,0,0
S4,2024-01-16 13:45:00,0.1993696005480894,0.1201324032162595,0,0
S4,2024-01-16 14:00:00,0.18224686375432317,0.09145863456952376,0,0
S4,2024-01-16 14:15:00,0.10102326653006019,0.11334652089031311,0,0
S4,2024-01-16 14:30:00,0.12432874537677903,0.0869891575564412,0,0
S4,2024-01-16 14:45:00,0.23423734014986652,0.11386740399594986,0,0
S4,2024-01-16 15:00:00,0.10447550524830077,0.14098381370442287,0,0
S4,2024-01-16 15:15:00,0.13107662275706042,0.1122586537097966,0,0
S4,2024-01-16 15:30:00,0.2497314730002126,0.16396111006872066,0,0
S4,2024-01-16 15:45:00,0.15636304681867647,0.15304216249571972,0,0
S4,2024-01-16 16:00:00,0.15979886964417706,0.14476123375741712,0,0
S4,2024-01-16 16:15:00,0.12409066819774031,0.11052968429913661,0,0
S4,2024-01-16 16:30:00,0.06633164421295068,0.08166310057680454,0,0
S4,2024-01-16 16:45:00,0.19115310452335468,0.13762876662602105,0,0
S4,2024-01-16 17:00:00,0.0647490394295059,0.09940744772758331,0,0
S4,2024-01-16 17:15:00,0.14461411622656173,0.14866820401716835,0,0
S4,2024-01-16 17:30:00,0.19406130212885875,0.17778705541075757,0,0
S4,2024-01-16 17:45:00,0.22551961586797847,0.1557089056896554,0,0
S4,2024-01-16 18:00:00,0.13961581095798298,0.1333261258029169,0,0
S4,2024-01-16 18:15:00,0.16198701600903725,0.1290802695270343,0,0
S4,2024-01-16 18:30:00,0.14067579448559123,0.1371305463505331,0,0
S4,2024-01-16 18:45:00,0.1551427240574211,0.19605798894172946,0,0
S4,2024-01-16 19:00:00,0.30737289349395003,0.17667599971696868,0,0
S4,2024-01-16 19:15:00,0.18535804829039157,0.2063545362390928,0,0
S4,2024-01-16 19:30:00,0.1389574383371276,0.17396371979218103,0,0
S4,2024-01-16 19:45:00,0.1635296153235305,0.13988218290720356,0,0
S4,2024-01-16 20:00:00,0.12698383716970496,0.14093708099977767,0,0
S4,2024-01-16 20:15:00,0.13647080892735441,0.12307165218557374,0,0
S4,2024-01-16 20:30:00,0.17511373795838714,0.17309164940222377,0,0
S4,2024-01-16 20:45:00,0.1745280474001717,0.18198975060570521,0,0
S4,2024-01-16 21:00:00,0.22853110662206108,0.17038282010546618,0,0
S4,2024-01-16 21:15:00,0.2510780937590409,0.14934501419692986,0,0
S4,2024-01-16 21:30:00,0.15834104340267835,0.10292158536419531,0,0
S4,2024-01-16 21:45:00,0.1955733143545721,0.18611161126520437,0,0
S4,2024-01-16 22:00:00,0.22545567783078108,0.17068637041637502,0,0
S4,2024-01-16 22:15:00,0.2675220626925358,0.14283854563721843,0,0
S4,2024-01-16 22:30:00,0.14985256457833776,0.09541613828130371,0,0
S4,2024-01-16 22:45:00,0.12468365094065492,0.08807134916402025,0,0
S4,2024-01-16 23:00:00,0.1584483609237237,0.11538965671390683,0,0
S4,2024-01-16 23:15:00,0.19384464774893428,0.16269342578757184,0,0
S4,2024-01-16 23:30:00,0.11718068161540651,0.08328562725656964,0,0
S4,2024-01-16 23:45:00,0.07795484077279051,0.08419692885651603,0,0
S4,2024-01-17 00:00:00,0.2782323335368794,0.09717567442343948,0,0
S4,2024-01-17 00:15:00,0.2726455369254936,0.16563022383036521,0,0
S4,2024-01-17 00:30:00,0.19995594751397444,0.11155565578992498,0,0
S4,2024-01-17 00:45:00,0.268808779929791,0.15495839040894843,0,0
S4,2024-01-17 01:00:00,0.19980758530403922,0.15858595317145027,0,0
S4,2024-01-17 01:15:00,0.324735716952159,0.16780845974359718,0,0
S4,2024-01-17 01:30:00,0.32872950807170775,0.19709428195433695,0,0
S4,2024-01-17 01:45:00,0.37733657575087826,0.15150226288463278,0,0
S4,2024-01-17 02:00:00,0.31345352928471226,0.14836822556620347,0,0
S4,2024-01-17 02:15:00,0.24955832513631046,0.14791812322058887,0,0
S4,2024-01-17 02:30:00,0.31294245077043276,0.24684936271539068,0,0
S4,2024-01-17 02:45:00,0.29908454092119685,0.14622199940672267,0,0
S4,2024-01-17 03:00:00,0.1811681101752578,0.10626713885796805,0,0
S4,2024-01-17 03:15:00,0.27983547401089637,0.13303907314627952,0,0
S4,2024-01-17 03:30:00,0.16078921774152105,0.08484959347812171,0,0
S4,2024-01-17 03:45:00,0.22860298710316795,0.24518085944816637,0,0
S4,2024-01-17 04:00:00,0.243644532577969,0.1802837762662568,0,0
S4,2024-01-17 04:15:00,0.3887494645348523,0.1802837762662568,0,0
S4,2024-01-17 04:30:00,0.27454531553451517,0.1590673404813921,0,0
S4,2024-01-17 04:45:00,0.14239583079876825,0.11372449166390461,0,0
S4,2024-01-17 05:00:00,0.20480213841509007,0.10285373441656619,0,0
S4,2024-01-17 05:15:00,0.06749745392993281,0.07517358837328308,0,0
S4,2024-01-17 05:30:00,0.16935600836879375,0.13302914708283903,0,0
S4,2024-01-17 05:45:00,0.11016080831497212,0.1539477610754828,0,0
S4,2024-01-17 06:00:00,0.0836508766853646,0.06393842323256317,0,0
S4,2024-01-17 06:15:00,0.06157835784372419,0.10659086075785341,0,0
S4,2024-01-17 06:30:00,0.05484166772905454,0.08726084795871322,0,0
S4,2024-01-17 06:45:00,0.17459023883778899,0.107028941004551,0,0
S4,2024-01-17 07:00:00,0.11707657647708776,0.08335404364250479,0,0
S4,2024-01-17 07:15:00,0.11656508859221802,0.1104742526639913,0,0
S4,2024-01-17 07:30:00,0.06400625380855686,0.13900392381957047,0,0
S4,2024-01-17 07:45:00,0.10784648404519898,0.09693206462893146,0,0
S4,2024-01-17 08:00:00,0.13602507806901712,0.1472449916416903,0,0
S4,2024-01-17 08:15:00,0.056043546598118756,0.11796816849851811,0,0
S4,2024-01-17 08:30:00,0.1895969568621479,0.22759858362960692,0,0
S4,2024-01-17 08:45:00,0.09693076574502649,0.20454373416110241,0,0
S4,2024-01-17 09:00:00,0.1991704693701591,0.1824988850786749,0,0
S4,2024-01-17 09:15:00,0.12259464538394974,0.16963159851722615,0,0
S4,2024-01-17 09:30:00,0.33309345000055723,0.2793142519766903,0,0
S4,2024-01-17 09:45:00,0.14740263164033843,0.11085887288130342,0,0
S4,2024-01-17 10:00:00,0.29241537119250705,0.19181395871665663,0,0
S4,2024-01-17 10:15:00,0.2707323959177234,0.13943912224581384,0,0
S4,2024-01-17 10:30:00,0.2880252488437355,0.20521642151401595,0,0
S4,2024-01-17 10:45:00,0.259313020249716,0.23093426630243585,0,0
S4,2024-01-17 11:00:00,0.23145344184729824,0.13241832532249528,0,0
S4,2024-01-17 11:15:00,0.19956799229691924,0.09300701309395333,0,0
S4,2024-01-17 11:30:00,0.18608983289859796,0.10192159503556918,0,0
S4,2024-01-17 11:45:00,0.2952277001532506,0.17499226944369678,0,0
S4,2024-01-17 12:00:00,0.2662923021244601,0.14202372133083901,0,0
S4,2024-01-17 12:15:00,0.2441092382307504,0.10587352978698548,0,0
S4,2024-01-17 12:30:00,0.14665026836543177,0.10498937160716837,0,0
S4,2024-01-17 12:45:00,0.08929225457797331,0.13326537239794006,0,0
S4,2024-01-17 13:00:00,0.18113020795039805,0.11369247776612147,0,0
S4,2024-01-17 13:15:00,0.1233995170066437,0.13025432987582974,0,0
S4,2024-01-17 13:30:00,0.16765121698478216,0.16813912914212287,0,0
S4,2024-01-17 13:45:00,0.10698243772899703,0.10714000707260017,0,0
S4,2024-01-17 14:00:00,0.05793417306382362,0.08152955558441266,0,0
S4,2024-01-17 14:15:00,0.21457064905422008,0.19228046269547855,0,0
S4,2024-01-17 14:30:00,0.12564426334817677,0.15816309977455412,0,0
S4,2024-01-17 14:45:00,0.147170633334266,0.08345164534678277,0,0
S4,2024-01-17 15:00:00,0.20247102077149104,0.13703445837552852,0,0
S4,2024-01-17 15:15:00,0.09661651359645353,0.07691820116872915,0,0
S4,2024-01-17 15:30:00,0.1385071258601463,0.09472339620383538,0,0
S4,2024-01-17 15:45:00,0.18595973156208287,0.13158725171886163,0,0
S4,2024-01-17 16:00:00,0.09983490592870023,0.043479575460814456,0,0
S4,2024-01-17 16:15:00,0.170940394171723,0.09816553661707367,0,0
S4,2024-01-17 16:30:00,0.12849281288752096,0.08879646385139486,0,0
S4,2024-01-17 16:45:00,0.1585404381455336,0.1293918124146889,0,0
S4,2024-01-17 17:00:00,0.18618224201659825,0.18528527542478804,0,0
S4,2024-01-17 17:15:00,0.16961361324128935,0.10271364710828862,0,0
S4,2024-01-17 17:30:00,0.14641233113027838,0.14011151245395506,0,0
S4,2024-01-17 17:45:00,0.17147580682907854,0.17656405981001977,0,0
S4,2024-01-17 18:00:00,0.15962560626140723,0.1714194298778951,0,0
S4,2024-01-17 18:15:00,0.07987570596041225,0.1219088839148014,0,0
S4,2024-01-17 18:30:00,0.10943038391264723,0.12249030018880222,0,0
S4,2024-01-17 18:45:00,0.18217439927363255,0.2256508462148402,0,0
S4,2024-01-17 19:00:00,0.14566153018403447,0.10777237868841585,0,0
S4,2024-01-17 19:15:00,0.05843458922701329,0.1454681178493432,0,0
S4,2024-01-17 19:30:00,0.2364414196799345,0.1623935204919798,0,0
S4,2024-01-17 19:45:00,0.21093278545343336,0.19988555603145375,0,0
S4,2024-01-17 20:00:00,0.3060917531413272,0.17710630314880577,0,0
S4,2024-01-17 20:15:00,0.30362341270029586,0.1935402639587214,0,0
S4,2024-01-17 20:30:00,0.14541608516993584,0.16229008289265837,0,0
S4,2024-01-17 20:45:00,0.22325863681095165,0.16537960722099518,0,0
S4,2024-01-17 21:00:00,0.18780802375192124,0.12639465786585802,0,0
S4,2024-01-17 21:15:00,0.2297260367737984,0.16263771225787335,0,0
S4,2024-01-17 21:30:00,0.22695911218478715,0.09583345239009104,0,0
S4,2024-01-17 21:45:00,0.14098391331922197,0.14126616202638276,0,0
S4,2024-01-17 22:00:00,0.18890911061299842,0.1251140849668426,0,0
S4,2024-01-17 22:15:00,0.15644570970588487,0.09983525972777416,0,0
S4,2024-01-17 22:30:00,0.25994127243172443,0.19870324308945878,0,0
S4,2024-01-17 22:45:00,0.18627088793423716,0.19223628149992136,0,0
S4,2024-01-17 23:00:00,0.20284403366394763,0.12516678358728286,0,0
S4,2024-01-17 23:15:00,0.17480664078562289,0.1234280221434376,0,0
S4,2024-01-17 23:30:00,0.1591106290428944,0.1017293629309687,0,0
S4,2024-01-17 23:45:00,0.15227410837780345,0.1300338590611925,0,0
S4,2024-01-18 00:00:00,0.39215161848794866,0.15237986864652864,0,0
S4,2024-01-18 00:15:00,0.3366390495343892,0.1547390582583465,0,0
S4,2024-01-18 00:30:00,0.3262343148080226,0.14273084395744154,0,0
S4,2024-01-18 00:45:00,0.2615311658878982,0.14161299184513723,0,0
S4,2024-01-18 01:00:00,0.2932783796916616,0.13689067821233844,0,0
S4,2024-01-18 01:15:00,0.1914641197117231,0.1692110886657891,0,0
S4,2024-01-18 01:30:00,0.3462476692393496,0.21600880669226719,0,0
S4,2024-01-18 01:45:00,0.23638969473057572,0.14566224351249774,0,0
S4,2024-01-18 02:00:00,0.41323506146429806,0.21575126352434923,0,0
S4,2024-01-18 02:15:00,0.22760389237541367,0.0762186615514694,0,0
S4,2024-01-18 02:30:00,0.37479067920503356,0.1774839603166204,0,0
S4,2024-01-18 02:45:00,0.20839707145156355,0.11533448460551284,0,0
S4,2024-01-18 03:00:00,0.20503119906004333,0.2175754995605173,0,0
S4,2024-01-18 03:15:00,0.24991556330872455,0.1427085715553037,0,0
S4,2024-01-18 03:30:00,0.21533551670589907,0.14574549634767556,0,0
S4,2024-01-18 03:45:00,0.26399106358153657,0.15090310349921904,0,0
S4,2024-01-18 04:00:00,0.21273852937847995,0.14521053623385344,0,0
S4,2024-01-18 04:15:00,0.2597398953532013,0.15526678746624387,0,0
S4,2024-01-18 04:30:00,0.2393250722164909,0.14795585208747486,0,0
S4,2024-01-18 04:45:00,0.09460664500725814,0.07357931275581273,0,0
S4,2024-01-18 05:00:00,0.2122557756882124,0.17852976002724108,0,0
S4,2024-01-18 05:15:00,0.09549791433549704,0.08603681641597387,0,0
S4,2024-01-18 05:30:00,0.1599870907716298,0.103306222596483,0,0
S4,2024-01-18 05:45:00,0.11574714627568815,0.1171354710666175,0,0
S4,2024-01-18 06:00:00,0.10678958187311419,0.1050520287088455,0,0
S4,2024-01-18 06:15:00,0.09630165453744567,0.16465015535750216,0,0
S4,2024-01-18 06:30:00,0.07316146168366537,0.05348389290072445,0,0
S4,2024-01-18 06:45:00,0.07256672579926578,0.11283822322148039,0,0
S4,2024-01-18 07:00:00,0.05039345510224524,0.10699621125269869,0,0
S4,2024-01-18 07:15:00,0.18922350040139668,0.1554889377097891,0,0
S4,2024-01-18 07:30:00,0.07579904692485112,0.08822748623241959,0,0
S4,2024-01-18 07:45:00,0.06647958259862252,0.1299971703058302,0,0
S4,2024-01-18 08:00:00,0.07249592823901393,0.12380123510339558,0,0
S4,2024-01-18 08:15:00,0.08600475289105639,0.1295317147776936,0,0
S4,2024-01-18 08:30:00,0.19230120452926516,0.1713725221624276,0,0
S4,2024-01-18 08:45:00,0.12653093993004458,0.11904834033673631,0,0
S4,2024-01-18 09:00:00,0.1675199012551355,0.11788185219617585,0,0
S4,2024-01-18 09:15:00,0.1995892171898713,0.15815587713807627,0,0
S4,2024-01-18 09:30:00,0.2696911479905433,0.1928048334754718,0,0
S4,2024-01-18 09:45:00,0.11946692911643471,0.17702981999505793,0,0
S4,2024-01-18 10:00:00,0.13396581590077486,0.12356553474811513,0,0
S4,2024-01-18 10:15:00,0.1183347201003013,0.09808498389749924,0,0
S4,2024-01-18 10:30:00,0.0412706093653081,0.10933230679289706,0,0
S4,2024-01-18 10:45:00,0.2660786701048852,0.13554665813076497,0,0
S4,2024-01-18 11:00:00,0.09579088588988291,0.10798993666060232,0,0
S4,2024-01-18 11:15:00,0.13535909868116186,0.1465294900186233,0,0
S4,2024-01-18 11:30:00,0.14040449245663142,0.1275708156185832,0,0
S4,2024-01-18 11:45:00,0.07452295931351839,0.1433826853267613,0,0
S4,2024-01-18 12:00:00,0.06637362287292507,0.1004795272785711,0,0
S4,2024-01-18 12:15:00,0.13010799107642015,0.1072340172530136,0,0
S4,2024-01-18 12:30:00,0.03859120456783051,0.0776391165573307,0,0
S4,2024-01-18 12:45:00,0.06074992753294547,0.0647186830986091,0,0
S4,2024-01-18 13:00:00,0.1442449980255826,0.12643841983744744,0,0
S4,2024-01-18 13:15:00,0.15072784370496753,0.07488140164275738,0,0
S4,2024-01-18 13:30:00,0.24326677237650005,0.1267608968680098,0,0
S4,2024-01-18 13:45:00,0.1508861713565853,0.13019709066936097,0,0
S4,2024-01-18 14:00:00,0.0,0.0820769206002198,0,0
S4,2024-01-18 14:15:00,0.15204618938842812,0.122482470122856,0,0
S4,2024-01-18 14:30:00,0.13172854327857256,0.0894185226586887,0,0
S4,2024-01-18 14:45:00,0.08896256006912145,0.07676887656638154,0,0
S4,2024-01-18 15:00:00,0.14978382231045093,0.17236232101460175,0,0
S4,2024-01-18 15:15:00,0.10848638233781198,0.09691151527322127,0,0
S4,2024-01-18 15:30:00,0.07838055036404559,0.09691151527322127,0,0
S4,2024-01-18 15:45:00,0.09560039341773467,0.08249049764419512,0,0
S4,2024-01-18 16:00:00,0.2076102306165223,0.16323084629346693,0,0
S4,2024-01-18 16:15:00,0.1232273865672175,0.13245072016783738,0,0
S4,2024-01-18 16:30:00,0.07281990519800847,0.04907025400943194,0,0
S4,2024-01-18 16:45:00,0.16662744726110051,0.13291010840526607,0,0
S4,2024-01-18 17:00:00,0.12737472484152337,0.13695813589312483,0,0
S4,2024-01-18 17:15:00,0.12529392952377477,0.09403919236481807,0,0
S4,2024-01-18 17:30:00,0.08561943811428624,0.10573392992601373,0,0
S4,2024-01-18 17:45:00,0.07839377094585576,0.09654873885554892,0,0
S4,2024-01-18 18:00:00,0.13306530264321131,0.10530982188591827,0,0
S4,2024-01-18 18:15:00,0.27144705237491173,0.17546708758341292,0,0
S4,2024-01-18 18:30:00,0.21072371933410217,0.13997643607349686,0,0
S4,2024-01-18 18:45:00,0.06956555824783184,0.12764339368377534,0,0
S4,2024-01-18 19:00:00,0.29015701104770475,0.26556669916854503,0,0
S4,2024-01-18 19:15:00,0.15448653049442743,0.18466642601517239,0,0
S4,2024-01-18 19:30:00,0.22923858270126876,0.1635907093700418,0,0
S4,2024-01-18 19:45:00,0.24144130414468015,0.23187927826919588,0,0
S4,2024-01-18 20:00:00,0.1674318697406525,0.13911207823726987,0,0
S4,2024-01-18 20:15:00,0.18129435327536503,0.14638803608051792,0,0
S4,2024-01-18 20:30:00,0.18160082741792327,0.14361851210349175,0,0
S4,2024-01-18 20:45:00,0.21396052247774444,0.14801248816401694,0,0
S4,2024-01-18 21:00:00,0.21262475967179228,0.18423004330712242,0,0
S4,2024-01-18 21:15:00,0.2075382600810355,0.16081908510748769,0,0
S4,2024-01-18 21:30:00,0.19484716522164755,0.10123002050379835,0,0
S4,2024-01-18 21:45:00,0.15837023871499145,0.10336945994043903,0,0
S4,2024-01-18 22:00:00,0.15858641043025443,0.14736992070514168,0,0
S4,2024-01-18 22:15:00,0.21024828908752444,0.12036130963898108,0,0
S4,2024-01-18 22:30:00,0.12323315822647092,0.08970699753305002,0,0
S4,2024-01-18 22:45:00,0.2886720145847833,0.19210763319669244,0,0
S4,2024-01-18 23:00:00,0.17656970288093612,0.0614344095382174,0,0
S4,2024-01-18 23:15:00,0.1340087088324774,0.10189512744785435,0,0
S4,2024-01-18 23:30:00,0.17299897889310892,0.1179574815056996,0,0
S4,2024-01-18 23:45:00,0.15111934922405315,0.12123359206892019,0,0
S4,2024-01-19 00:00:00,0.3303574769213927,0.12615664924802272,0,0
S4,2024-01-19 00:15:00,0.32118994529306705,0.18733723448530656,0,0
S4,2024-01-19 00:30:00,0.3859586146244819,0.13634502521305536,0,0
S4,2024-01-19 00:45:00,0.27997391942362565,0.14649454362472375,0,0
S4,2024-01-19 01:00:00,0.22854783760870895,0.13945835537624307,0,0
S4,2024-01-19 01:15:00,0.15184687333497307,0.10504777263269767,0,0
S4,2024-01-19 01:30:00,0.2337108739495122,0.11206669929063201,0,0
S4,2024-01-19 01:45:00,0.3027854632096195,0.10660967173620628,0,0
S4,2024-01-19 02:00:00,0.27781371606858696,0.12218902831977466,0,0
S4,2024-01-19 02:15:00,0.1808250115952186,0.07628887457259795,0,0
S4,2024-01-19 02:30:00,0.3351206392661174,0.1698046815346659,0,0
S4,2024-01-19 02:45:00,0.30927204859949053,0.16951820440377147,0,0
S4,2024-01-19 03:00:00,0.1699884041967975,0.10622989971990651,0,0
S4,2024-01-19 03:15:00,0.207043028510853,0.10374682366406937,0,0
S4,2024-01-19 03:30:00,0.25488418567551396,0.2297186328255159,0,0
S4,2024-01-19 03:45:00,0.25581066002904107,0.1212136090370855,0,0
S4,2024-01-19 04:00:00,0.17919819303085052,0.11257405335427277,0,0
S4,2024-01-19 04:15:00,0.2834691688247063,0.129507022590363,0,0
S4,2024-01-19 04:30:00,0.26718771862088425,0.11092772409892275,0,0
S4,2024-01-19 04:45:00,0.24094350783175705,0.16599782817105901,0,0
S4,2024-01-19 05:00:00,0.237426836749121,0.12186483692193921,0,0
S4,2024-01-19 05:15:00,0.20915465002807304,0.18769418465671367,0,0
S4,2024-01-19 05:30:00,0.1369502571558358,0.14087771916119055,0,0
S4,2024-01-19 05:45:00,0.04818032893048311,0.12658969963498842,0,0
S4,2024-01-19 06:00:00,0.11585398844250232,0.17148687087144662,0,0
S4,2024-01-19 06:15:00,0.28668583836558365,0.16164393914272496,0,0
S4,2024-01-19 06:30:00,0.24855432517561202,0.1785344926964736,0,0
S4,2024-01-19 06:45:00,0.07504091855797367,0.07194797141694066,0,0
S4,2024-01-19 07:00:00,0.15430824759208908,0.09843406670935598,0,0
S4,2024-01-19 07:15:00,0.07230035114988835,0.10730354776887542,0,0
S4,2024-01-19 07:30:00,0.15318030922693163,0.13811815063145932,0,0
S4,2024-01-19 07:45:00,0.08402023276031675,0.10095706737736944,0,0
S4,2024-01-19 08:00:00,0.09924954005515105,0.12567354023937666,0,0
S4,2024-01-19 08:15:00,0.19705137543528042,0.19964781278543028,0,0
S4,2024-01-19 08:30:00,0.017662837758849834,0.09314635700408705,0,0
S4,2024-01-19 08:45:00,0.18012905064032927,0.2346254877395647,0,0
S4,2024-01-19 09:00:00,0.2149193284051137,0.11789547367186358,0,0
S4,2024-01-19 09:15:00,0.11070789626101887,0.11729225964074633,0,0
S4,2024-01-19 09:30:00,0.11289867278591854,0.11529930094113551,0,0
S4,2024-01-19 09:45:00,0.205571271816341,0.15292190694255473,0,0
S4,2024-01-19 10:00:00,0.1029699684496613,0.09665732943187157,0,0
S4,2024-01-19 10:15:00,0.07532097641697419,0.09711334830347064,0,0
S4,2024-01-19 10:30:00,0.1720208772351603,0.13041251359498024,0,0
S4,2024-01-19 10:45:00,0.20326994163130774,0.10447758736907513,0,0
S4,2024-01-19 11:00:00,0.24402238512277025,0.12426525749402283,0,0
S4,2024-01-19 11:15:00,0.10902466031944033,0.09443249745487582,0,0
S4,2024-01-19 11:30:00,0.09577865617731719,0.08656557011512814,0,0
S4,2024-01-19 11:45:00,0.09640646161537791,0.10515957271420932,0,0
S4,2024-01-19 12:00:00,0.15319816202209763,0.10958732425435665,0,0
S4,2024-01-19 12:15:00,0.1439302331323458,0.12549481463852777,0,0
S4,2024-01-19 12:30:00,0.11986913095751987,0.08948164643083165,0,0
S4,2024-01-19 12:45:00,0.17115376424702827,0.19139599773257399,0,0
S4,2024-01-19 13:00:00,0.08828289581174563,0.06436471537724293,0,0
S4,2024-01-19 13:15:00,0.15938767560244257,0.20725023928073363,0,0
S4,2024-01-19 13:30:00,0.119181293269251,0.09411846206255484,0,0
S4,2024-01-19 13:45:00,0.16325001731326103,0.15520618856660787,0,0
S4,2024-01-19 14:00:00,0.15369984247616303,0.14477336652368744,0,0
S4,2024-01-19 14:15:00,0.09114729129630954,0.09845208651207629,0,0
S4,2024-01-19 14:30:00,0.15474160034136616,0.09982465478689762,0,0
S4,2024-01-19 14:45:00,0.06626001590661171,0.08796360449197622,0,0
S4,2024-01-19 15:00:00,0.08671411773114986,0.11568399490507127,0,0
S4,2024-01-19 15:15:00,0.12788954052649126,0.1316753035342673,0,0
S4,2024-01-19 15:30:00,0.06815725780768836,0.10893600424049306,0,0
S4,2024-01-19 15:45:00,0.32994209567396104,0.1995038629097025,0,0
S4,2024-01-19 16:00:00,0.281133093717863,0.18356618403163927,0,0
S4,2024-01-19 16:15:00,0.21645644440865333,0.16979904849567012,0,0
S4,2024-01-19 16:30:00,0.10136317062470579,0.14894703880026725,0,0
S4,2024-01-19 16:45:00,0.17637974341304666,0.12082978158322633,0,0
S4,2024-01-19 17:00:00,0.15600566931395948,0.12057631328461443,0,0
S4,2024-01-19 17:15:00,0.1695691321027832,0.13694343518300972,0,0
S4,2024-01-19 17:30:00,0.21790403527069366,0.1439874644893349,0,0
S4,2024-01-19 17:45:00,0.08459599736922278,0.11934163213029625,0,0
S4,2024-01-19 18:00:00,0.15927652874647064,0.18223468172454405,0,0
S4,2024-01-19 18:15:00,0.10507381461784397,0.17111624682047666,0,0
S4,2024-01-19 18:30:00,0.09079016384448983,0.11995007643025993,0,0
S4,2024-01-19 18:45:00,0.13598057317668524,0.18312653399133008,0,0
S4,2024-01-19 19:00:00,0.16469772979082656,0.17949710973724306,0,0
S4,2024-01-19 19:15:00,0.14474423567019543,0.1311366141308932,0,0
S4,2024-01-19 19:30:00,0.11497512175892219,0.14476549160680233,0,0
S4,2024-01-19 19:45:00,0.25058254261906465,0.17157829764419325,0,0
S4,2024-01-19 20:00:00,0.1021965286609305,0.18946915292165373,0,0
S4,2024-01-19 20:15:00,0.16013670816254294,0.17018269579399672,0,0
S4,2024-01-19 20:30:00,0.15841884922439398,0.15003101097988597,0,0
S4,2024-01-19 20:45:00,0.12248655723802862,0.13854814876133556,0,0
S4,2024-01-19 21:00:00,0.30688513056912226,0.20665790342617377,0,0
S4,2024-01-19 21:15:00,0.24295668873424803,0.17756085858727705,0,0
S4,2024-01-19 21:30:00,0.2721300943243143,0.17482380592701383,0,0
S4,2024-01-19 21:45:00,0.31541511152980506,0.14043167439397092,0,0
S4,2024-01-19 22:00:00,0.22008950403129493,0.1235304674989806,0,0
S4,2024-01-19 22:15:00,0.17663304965804008,0.15302185499576834,0,0
S4,2024-01-19 22:30:00,0.12440196912932382,0.11176856298537968,0,0
S4,2024-01-19 22:45:00,0.1248332151651963,0.11945056902689016,0,0
S4,2024-01-19 23:00:00,0.21387943328072187,0.12348448347569933,0,0
S4,2024-01-19 23:15:00,0.10933863705527713,0.14143151058636533,0,0
S4,2024-01-19 23:30:00,0.16354534874785773,0.11460105212932521,0,0
S4,2024-01-19 23:45:00,0.16972219209250172,0.13015235913372053,0,0
S4,2024-01-20 00:00:00,0.26589546518242413,0.1260815197148684,0,0
S4,2024-01-20 00:15:00,0.2384130240229489,0.1391273497325434,0,0
S4,2024-01-20 00:30:00,0.23400590038529429,0.12181006510171875,0,0
S4,2024-01-20 00:45:00,0.23979208173047312,0.11508569155394237,0,0
S4,2024-01-20 01:00:00,0.37881693996130084,0.19400548502149412,0,0
S4,2024-01-20 01:15:00,0.30833655990351705,0.2209292352029073,0,0
S4,2024-01-20 01:30:00,0.16522818863432764,0.12187593486980329,0,0
S4,2024-01-20 01:45:00,0.30861458477598763,0.15921831831075364,0,0
S4,2024-01-20 02:00:00,0.29161938005312205,0.10868122895163455,0,0
S4,2024-01-20 02:15:00,0.23055506236835346,0.10966477225067597,0,0
S4,2024-01-20 02:30:00,0.29022985170232196,0.13656630981362194,0,0
S4,2024-01-20 02:45:00,0.33966012761416037,0.16045989393799143,0,0
S4,2024-01-20 03:00:00,0.23618288775066917,0.09555206643504606,0,0
S4,2024-01-20 03:15:00,0.3615364978258348,0.09941638217735776,0,0
S4,2024-01-20 03:30:00,0.4087900929788162,0.2126880196102262,0,0
S4,2024-01-20 03:45:00,0.4039894063001227,0.1551949635874995,0,0
S4,2024-01-20 04:00:00,0.3449772445279341,0.1551949635874995,0,0
S4,2024-01-20 04:15:00,0.32102327917328066,0.1655065598139566,0,0
S4,2024-01-20 04:30:00,0.3007014789121705,0.11545543459617112,0,0
S4,2024-01-20 04:45:00,0.18910833542606692,0.12155223512335776,0,0
S4,2024-01-20 05:00:00,0.28805315266790815,0.17569345101609327,0,0
S4,2024-01-20 05:15:00,0.13122167126921264,0.10631064449197686,0,0
S4,2024-01-20 05:30:00,0.2968896696324941,0.14211699812157033,0,0
S4,2024-01-20 05:45:00,0.12851527845843702,0.11928862869881315,0,0
S4,2024-01-20 06:00:00,0.17708093989132062,0.14008821259543525,0,0
S4,2024-01-20 06:15:00,0.14767925983071187,0.1522212155757429,0,0
S4,2024-01-20 06:30:00,0.1827508500569026,0.17999171439058811,0,0
S4,2024-01-20 06:45:00,0.1794326414288058,0.1911618641189679,0,0
S4,2024-01-20 07:00:00,0.12058821162991133,0.11244911386387753,0,0
S4,2024-01-20 07:15:00,0.14852525380281945,0.08589076883093479,0,0
S4,2024-01-20 07:30:00,0.08040374590696323,0.07883738769536722,0,0
S4,2024-01-20 07:45:00,0.07907898566948648,0.11284672418441714,0,0
S4,2024-01-20 08:00:00,0.09297958921793818,0.11768106433883402,0,0
S4,2024-01-20 08:15:00,0.10837851972673967,0.11662850108736073,0,0
S4,2024-01-20 08:30:00,0.12436339355353115,0.07839402406878487,0,0
S4,2024-01-20 08:45:00,0.06489021130600933,0.12711251521529318,0,0
S4,2024-01-20 09:00:00,0.13380108929348764,0.13201526586811096,0,0
S4,2024-01-20 09:15:00,0.14282054440742345,0.162431347973079,0,0
S4,2024-01-20 09:30:00,0.09838936628206653,0.08924327536278014,0,0
S4,2024-01-20 09:45:00,0.06792815400481611,0.087269820911439,0,0
S4,2024-01-20 10:00:00,0.24289535713363314,0.16503372682142894,0,0
S4,2024-01-20 10:15:00,0.12793674296860436,0.10477237848240614,0,0
S4,2024-01-20 10:30:00,0.13605399106635088,0.107787182324958,0,0
S4,2024-01-20 10:45:00,0.2916853949457257,0.16540016708105143,0,0
S4,2024-01-20 11:00:00,0.20243881484455145,0.13223040162778596,0,0
S4,2024-01-20 11:15:00,0.3850912979068357,0.19075066691252401,0,0
S4,2024-01-20 11:30:00,0.20946912951977267,0.12389615061320966,0,0
S4,2024-01-20 11:45:00,0.17040157950371548,0.1115614936514468,0,0
S4,2024-01-20 12:00:00,0.333087503241702,0.1188476577873338,0,0
S4,2024-01-20 12:15:00,0.21466178179414044,0.10249305986132443,0,0
S4,2024-01-20 12:30:00,0.1641196571807787,0.10541095021899535,0,0
S4,2024-01-20 12:45:00,0.2157134416250447,0.13581019605208636,0,0
S4,2024-01-20 13:00:00,0.2106299667594223,0.13548425162606817,0,0
S4,2024-01-20 13:15:00,0.257223753017868,0.17362907787317547,0,0
S4,2024-01-20 13:30:00,0.17342971566984008,0.1287909228029153,0,0
S4,2024-01-20 13:45:00,0.13739832100461014,0.14978366071215599,0,0
S4,2024-01-20 14:00:00,0.36541921736901856,0.1878780688159132,0,0
S4,2024-01-20 14:15:00,0.24293606038668175,0.14274707986231047,0,0
S4,2024-01-20 14:30:00,0.12973741542949296,0.11264051612567459,0,0
S4,2024-01-20 14:45:00,0.31761006523574525,0.18173327786023016,0,0
S4,2024-01-20 15:00:00,0.2077152902161201,0.07036283693131322,0,0
S4,2024-01-20 15:15:00,0.259348456622846,0.13060719602569884,0,0
S4,2024-01-20 15:30:00,0.2052515473864282,0.11187389624778092,0,0
S4,2024-01-20 15:45:00,0.1680717619437138,0.08954170355025833,0,0
S4,2024-01-20 16:00:00,0.20998089528587058,0.14836557502273873,0,0
S4,2024-01-20 16:15:00,0.1774410931268619,0.11797157444808326,0,0
S4,2024-01-20 16:30:00,0.2554338265887814,0.08490671024063245,0,0
S4,2024-01-20 16:45:00,0.13832954832303485,0.160951501933707,0,0
S4,2024-01-20 17:00:00,0.09256362869448655,0.10689096112804686,0,0
S4,2024-01-20 17:15:00,0.0888554609438976,0.0849166064205961,0,0
S4,2024-01-20 17:30:00,0.1816798669586154,0.1593912232024006,0,0
S4,2024-01-20 17:45:00,0.15493807614653246,0.19275253271977727,0,0
S4,2024-01-20 18:00:00,0.14041483967773216,0.07158005595802677,0,0
S4,2024-01-20 18:15:00,0.21894211540593483,0.11438684374548602,0,0
S4,2024-01-20 18:30:00,0.2881942579194576,0.11519277922070544,0,0
S4,2024-01-20 18:45:00,0.16077395396592967,0.157499072494338,0,0
S4,2024-01-20 19:00:00,0.17584364025374907,0.11616667285947482,0,0
S4,2024-01-20 19:15:00,0.16833420194585086,0.15402272619679513,0,0
S4,2024-01-20 19:30:00,0.09506272878790156,0.1033166676141485,0,0
S4,2024-01-20 19:45:00,0.08454310905174688,0.13184390432206744,0,0
S4,2024-01-20 20:00:00,0.1494371231577,0.14434430027874603,0,0
S4,2024-01-20 20:15:00,0.21365113111873293,0.12287993104399182,0,0
S4,2024-01-20 20:30:00,0.2418750346221189,0.1417521044535408,0,0
S4,2024-01-20 20:45:00,0.28812819759506986,0.1362298210592916,0,0
S4,2024-01-20 21:00:00,0.21189059630886473,0.13357635201535567,0,0
S4,2024-01-20 21:15:00,0.17451703203424807,0.0833021950293225,0,0
S4,2024-01-20 21:30:00,0.2735103184863497,0.19720944557442663,0,0
S4,2024-01-20 21:45:00,0.29116217792299975,0.12655453485236826,0,0
S4,2024-01-20 22:00:00,0.1416454047993069,0.08930196316678421,0,0
S4,2024-01-20 22:15:00,0.17049089442553925,0.09228596030102221,0,0
S4,2024-01-20 22:30:00,0.11381479155696973,0.10896771169916332,0,0
S4,2024-01-20 22:45:00,0.2051734478986302,0.13664918840065743,0,0
S4,2024-01-20 23:00:00,0.25975817216405694,0.10513408288466772,0,0
S4,2024-01-20 23:15:00,0.19818846435291454,0.1269849653902525,0,0
S4,2024-01-20 23:30:00,0.2590254229329212,0.20693352158284342,0,0
S4,2024-01-20 23:45:00,0.1901774021396467,0.12879731717436205,0,0
S4,2024-01-21 00:00:00,0.41163064262341503,0.16390209992081944,0,0
S4,2024-01-21 00:15:00,0.24480727104592814,0.1272704663529941,0,0
S4,2024-01-21 00:30:00,0.25352656606115065,0.10096368012699145,0,0
S4,2024-01-21 00:45:00,0.2798124769526901,0.18293382216830617,0,0
S4,2024-01-21 01:00:00,0.34765232388896833,0.16890844622985848,0,0
S4,2024-01-21 01:15:00,0.3556892803436883,0.13272650730275273,0,0
S4,2024-01-21 01:30:00,0.3222089207440493,0.14791785861607828,0,0
S4,2024-01-21 01:45:00,0.35891619682990217,0.12050900670326843,0,0
S4,2024-01-21 02:00:00,0.31740353104774915,0.11099174220693102,0,0
S4,2024-01-21 02:15:00,0.4806033983316769,0.1476709855969057,0,0
S4,2024-01-21 02:30:00,0.5956091172149958,0.23064508721466617,1,0
S4,2024-01-21 02:45:00,0.31942491369529624,0.08846904194561983,0,0
S4,2024-01-21 03:00:00,0.40597520185110963,0.1342307706727889,0,0
S4,2024-01-21 03:15:00,0.4735208630094596,0.21365548792451902,0,0
S4,2024-01-21 03:30:00,0.47308313434756083,0.21176939006498843,0,0
S4,2024-01-21 03:45:00,0.3027506739409313,0.10155772617233301,0,0
S4,2024-01-21 04:00:00,0.34586799604420687,0.13372637734735152,0,0
S4,2024-01-21 04:15:00,0.26977579328260914,0.1319433229939286,0,0
S4,2024-01-21 04:30:00,0.27930676600286286,0.12761348326224678,0,0
S4,2024-01-21 04:45:00,0.20802740028130365,0.08883493770036623,0,0
S4,2024-01-21 05:00:00,0.2031925510392422,0.11293691835091363,0,0
S4,2024-01-21 05:15:00,0.22371866797568563,0.13894458597428133,0,0
S4,2024-01-21 05:30:00,0.3100544302284804,0.19519478421503778,0,0
S4,2024-01-21 05:45:00,0.2637290121079587,0.08049098690175842,0,0
S4,2024-01-21 06:00:00,0.3002237582304289,0.127970866087902,0,0
S4,2024-01-21 06:15:00,0.28964486935877287,0.14554791022525415,0,0
S4,2024-01-21 06:30:00,0.23404140795171197,0.12687805589491877,0,0
S4,2024-01-21 06:45:00,0.2740798189101129,0.17514613818330427,0,0
S4,2024-01-21 07:00:00,0.11678038919152939,0.0686645952923606,0,0
S4,2024-01-21 07:15:00,0.11211042629998194,0.14593454365159678,0,0
S4,2024-01-21 07:30:00,0.0997607290170644,0.09010580816143608,0,0
S4,2024-01-21 07:45:00,0.11794156714051812,0.11390487302303644,0,0
S4,2024-01-21 08:00:00,0.07247753864162142,0.07200154900017253,0,0
S4,2024-01-21 08:15:00,0.11977314581820696,0.12457175695126876,0,0
S4,2024-01-21 08:30:00,0.18527108802746758,0.1436335814927802,0,0
S4,2024-01-21 08:45:00,0.21302804506576917,0.12372942707368327,0,0
S4,2024-01-21 09:00:00,0.11398464823754344,0.0821143452813648,0,0
S4,2024-01-21 09:15:00,0.25770541460577173,0.1467455077074064,0,0
S4,2024-01-21 09:30:00,0.10245053032754581,0.12831299613115,0,0
S4,2024-01-21 09:45:00,0.1393986241599337,0.12158341239912343,0,0
S4,2024-01-21 10:00:00,0.08009587346506243,0.12908608742851993,0,0
S4,2024-01-21 10:15:00,0.06787870790950956,0.03233172012379792,0,0
S4,2024-01-21 10:30:00,0.19491152022319716,0.13433098688660147,0,0
S4,2024-01-21 10:45:00,0.20208979201455077,0.14972342237146352,0,0
S4,2024-01-21 11:00:00,0.28283475921689055,0.16217686607853052,0,0
S4,2024-01-21 11:15:00,0.29795533801500956,0.16414909915746842,0,0
S4,2024-01-21 11:30:00,0.23710783017734927,0.06703605420784552,0,0
S4,2024-01-21 11:45:00,0.23284408508832122,0.15797055559080406,0,0
S4,2024-01-21 12:00:00,0.18988932171363865,0.10057167072038493,0,0
S4,2024-01-21 12:15:00,0.11233747178429777,0.09019112911386866,0,0
S4,2024-01-21 12:30:00,0.23022780831135284,0.16929472143926141,0,0
S4,2024-01-21 12:45:00,0.10552673947715963,0.06410030653740258,0,0
S4,2024-01-21 13:00:00,0.15608011232062244,0.0973882967072253,0,0
S4,2024-01-21 13:15:00,0.2701715598710591,0.20602998613716325,0,0
S4,2024-01-21 13:30:00,0.15203108387139666,0.12254207322079293,0,0
S4,2024-01-21 13:45:00,0.28087865168404114,0.2136762862934435,0,0
S4,2024-01-21 14:00:00,0.25724189298195893,0.19449473524039015,0,0
S4,2024-01-21 14:15:00,0.22261399977859453,0.15386836626638084,0,0
S4,2024-01-21 14:30:00,0.14582345064100208,0.08518589177874737,0,0
S4,2024-01-21 14:45:00,0.19148861109223592,0.10097971933674736,0,0
S4,2024-01-21 15:00:00,0.35389516024211615,0.1581054270186968,0,0
S4,2024-01-21 15:15:00,0.19744139212628692,0.18398954202625833,0,0
S4,2024-01-21 15:30:00,0.18634155859448556,0.11058861143633696,0,0
S4,2024-01-21 15:45:00,0.26489352299549423,0.10730638851795044,0,0
S4,2024-01-21 16:00:00,0.27530927507927594,0.17419557227059146,0,0
S4,2024-01-21 16:15:00,0.13868036307356277,0.0929283709422938,0,0
S4,2024-01-21 16:30:00,0.27560922156923584,0.18978842227237988,0,0
S4,2024-01-21 16:45:00,0.1310480454562006,0.06488961732885172,0,0
S4,2024-01-21 17:00:00,0.2904683361118547,0.18599817812343733,0,0
S4,2024-01-21 17:15:00,0.17634841514803604,0.13994203432554653,0,0
S4,2024-01-21 17:30:00,0.14270865793916912,0.09289157921985937,0,0
S4,2024-01-21 17:45:00,0.2059419707779863,0.17317677662005646,0,0
S4,2024-01-21 18:00:00,0.19464290820213226,0.15875457256045133,0,0
S4,2024-01-21 18:15:00,0.19912041650376833,0.1175784402925777,0,0
S4,2024-01-21 18:30:00,0.10898538033026933,0.16122232966242295,0,0
S4,2024-01-21 18:45:00,0.2340987529611854,0.13182608851890665,0,0
S4,2024-01-21 19:00:00,0.20713229730060023,0.11607448269496444,0,0
S4,2024-01-21 19:15:00,0.2700025872667945,0.19134200612085125,0,0
S4,2024-01-21 19:30:00,0.1210791834568276,0.09005125498756533,0,0
S4,2024-01-21 19:45:00,0.14055714263807498,0.09243600633980133,0,0
S4,2024-01-21 20:00:00,0.1333108895372478,0.11770728034561004,0,0
S4,2024-01-21 20:15:00,0.28298363969652085,0.13819217169140488,0,0
S4,2024-01-21 20:30:00,0.2378338457659415,0.16151486169310406,0,0
S4,2024-01-21 20:45:00,0.2714241171973995,0.16381279043222088,0,0
S4,2024-01-21 21:00:00,0.13459148928905715,0.09583272317727239,0,0
S4,2024-01-21 21:15:00,0.1732766051900078,0.11559844229431693,0,0
S4,2024-01-21 21:30:00,0.2248340671093402,0.13496273042327056,0,0
S4,2024-01-21 21:45:00,0.23122055191478605,0.13778504931397048,0,0
S4,2024-01-21 22:00:00,0.2747221108326409,0.1329651128627548,0,0
S4,2024-01-21 22:15:00,0.14770174105945172,0.11349256543970221,0,0
S4,2024-01-21 22:30:00,0.20736031604042712,0.10456829763019307,0,0
S4,2024-01-21 22:45:00,0.26384464262048535,0.12459988342245656,0,0
S4,2024-01-21 23:00:00,0.19214717730539185,0.07865915299803902,0,0
S4,2024-01-21 23:15:00,0.23849051837863028,0.12186124807295909,0,0
S4,2024-01-21 23:30:00,0.2617279050080523,0.1729454959283129,0,0
S4,2024-01-21 23:45:00,0.24659526477388707,0.08394843389449756,0,0
S5,2024-01-11 00:00:00,0.7568886900085257,0.10856975869229708,1,0
S5,2024-01-11 00:15:00,0.2621605388465205,0.122729178779166,0,0
S5,2024-01-11 00:30:00,0.18136853811242765,0.11408808153508455,0,0
S5,2024-01-11 00:45:00,0.19421114201849637,0.09837385575324968,0,0
S5,2024-01-11 01:00:00,0.08257120897125247,0.06906927362164313,0,0
S5,2024-01-11 01:15:00,0.06543051762960102,0.0863631505283562,0,0
S5,2024-01-11 01:30:00,0.11709694685873487,0.18179446911127956,0,0
S5,2024-01-11 01:45:00,0.1293066069141994,0.14374914081513926,0,0
S5,2024-01-11 02:00:00,0.09068031448427026,0.10063851060035496,0,0
S5,2024-01-11 02:15:00,0.14999952155056576,0.21512230823305217,0,0
S5,2024-01-11 02:30:00,0.08321066328775134,0.08607719416984315,0,0
S5,2024-01-11 02:45:00,0.07508128742280096,0.07674521057527502,0,0
S5,2024-01-11 03:00:00,0.0,0.07784792211304989,0,0
S5,2024-01-11 03:15:00,0.05017694835575987,0.09259206919454388,0,0
S5,2024-01-11 03:30:00,0.02687636190148584,0.07071383226599215,0,0
S5,2024-01-11 03:45:00,0.02666161567781299,0.07115655934645436,0,0
S5,2024-01-11 04:00:00,0.1558045529735046,0.08791789210834008,0,0
S5,2024-01-11 04:15:00,0.16021074523099588,0.10601324480341737,0,0
S5,2024-01-11 04:30:00,0.16031124143518452,0.16089962524236956,0,0
S5,2024-01-11 04:45:00,0.0943790824595986,0.04789801675547235,0,0
S5,2024-01-11 05:00:00,0.18002823226004663,0.08056662378174073,0,0
S5,2024-01-11 05:15:00,0.13506344661074263,0.11187177047355282,0,0
S5,2024-01-11 05:30:00,0.13014085949174067,0.057156149886603586,0,0
S5,2024-01-11 05:45:00,0.21145893614609745,0.07276763073447157,0,0
S5,2024-01-11 06:00:00,0.21262583248202946,0.03349505852925358,0,0
S5,2024-01-11 06:15:00,0.28599702456731935,0.13086375612592566,0,0
S5,2024-01-11 06:30:00,0.3247314396923638,0.10812729901845905,0,0
S5,2024-01-11 06:45:00,0.4626168396391711,0.14434839607811809,0,0
S5,2024-01-11 07:00:00,0.47838183060992817,0.10819800229975247,0,0
S5,2024-01-11 07:15:00,0.4286682506172718,0.08856845799586215,0,0
S5,2024-01-11 07:30:00,0.48780201182846405,0.08201670507169513,0,0
S5,2024-01-11 07:45:00,0.6249200036354964,0.1086786989738133,1,0
S5,2024-01-11 08:00:00,0.5361959799833496,0.09401532757039585,1,0
S5,2024-01-11 08:15:00,0.4735120059490623,0.09504760570763993,0,0
S5,2024-01-11 08:30:00,0.5702260237858577,0.09542596671080948,1,0
S5,2024-01-11 08:45:00,0.5463014239448486,0.08892957159302806,1,0
S5,2024-01-11 09:00:00,0.6231104875162808,0.12420016861874085,1,0
S5,2024-01-11 09:15:00,0.5629507655691809,0.08561873621356915,1,0
S5,2024-01-11 09:30:00,0.6471482751290968,0.12691437364979474,1,0
S5,2024-01-11 09:45:00,0.5577037969284161,0.09366078761268413,1,0
S5,2024-01-11 10:00:00,0.5458930311348763,0.07693736591721982,1,0
S5,2024-01-11 10:15:00,0.550251329869867,0.0828012357417276,1,0
S5,2024-01-11 10:30:00,0.5530947324620586,0.09435063703945581,1,0
S5,2024-01-11 10:45:00,0.5109134084243487,0.06257430587284878,1,0
S5,2024-01-11 11:00:00,0.5080014890254684,0.08674515976043568,1,0
S5,2024-01-11 11:15:00,0.4292673195599146,0.04668511437277665,0,0
S5,2024-01-11 11:30:00,0.46474682603133793,0.09422692559222376,0,0
S5,2024-01-11 11:45:00,0.5209426620450016,0.0813503555047489,1,0
S5,2024-01-11 12:00:00,0.35314358879732144,0.05878736901526125,0,0
S5,2024-01-11 12:15:00,0.34710314523458696,0.06070585035469544,0,0
S5,2024-01-11 12:30:00,0.37772107116632714,0.08563143873781115,0,0
S5,2024-01-11 12:45:00,0.3267386433088805,0.08986152127540498,0,0
S5,2024-01-11 13:00:00,0.2761708889906517,0.0380142477480272,0,0
S5,2024-01-11 13:15:00,0.2665143404894581,0.08610583635247791,0,0
S5,2024-01-11 13:30:00,0.2536367239208232,0.10381564980312534,0,0
S5,2024-01-11 13:45:00,0.18422341327352612,0.08602738598463373,0,0
S5,2024-01-11 14:00:00,0.15554779457493395,0.06674682659975746,0,0
S5,2024-01-11 14:15:00,0.11912739352367167,0.07950622718379304,0,0
S5,2024-01-11 14:30:00,0.12283198718770683,0.09068477049035548,0,0
S5,2024-01-11 14:45:00,0.08576094655233404,0.09133368437742334,0,0
S5,2024-01-11 15:00:00,0.11556182252049402,0.08783705488052897,0,0
S5,2024-01-11 15:15:00,0.13383355642919711,0.10651732910500777,0,0
S5,2024-01-11 15:30:00,0.16492458565894558,0.06594541731585302,0,0
S5,2024-01-11 15:45:00,0.10115291149921003,0.053318353239962764,0,0
S5,2024-01-11 16:00:00,0.12809409629711838,0.07672399549180325,0,0
S5,2024-01-11 16:15:00,0.21849133113185926,0.03173575315441659,0,0
S5,2024-01-11 16:30:00,0.15992540379604944,0.025971246461183754,0,0
S5,2024-01-11 16:45:00,0.2957256496235696,0.08217342165035438,0,0
S5,2024-01-11 17:00:00,0.2704786107333396,0.060300685871663345,0,0
S5,2024-01-11 17:15:00,0.4058607163530135,0.0809382119534853,0,0
S5,2024-01-11 17:30:00,0.4354590936851596,0.05825983991802878,0,0
S5,2024-01-11 17:45:00,0.5687959679993918,0.10952787638259241,1,0
S5,2024-01-11 18:00:00,0.5934008372174906,0.09763277329901068,1,0
S5,2024-01-11 18:15:00,0.6586075092335711,0.09928392817576251,1,0
S5,2024-01-11 18:30:00,0.6782166017936129,0.10831555016579753,1,0
S5,2024-01-11 18:45:00,0.7920851735618036,0.13850621717079215,1,0
S5,2024-01-11 19:00:00,0.7785323724331039,0.11243233642380646,1,0
S5,2024-01-11 19:15:00,0.7657132359040149,0.11686205075989564,1,0
S5,2024-01-11 19:30:00,0.8106452417266434,0.14573106373622044,1,0
S5,2024-01-11 19:45:00,0.8057864282315791,0.12078918571448316,1,0
S5,2024-01-11 20:00:00,0.7980621800204333,0.11771893785885809,1,0
S5,2024-01-11 20:15:00,0.8342655636266285,0.13183276508079741,1,0
S5,2024-01-11 20:30:00,0.8518109378883568,0.12870110460202966,1,0
S5,2024-01-11 20:45:00,0.9212620385177864,0.1597187200986335,1,0
S5,2024-01-11 21:00:00,0.9298025075963406,0.15559309956928535,1,0
S5,2024-01-11 21:15:00,0.882326822448908,0.15559309956928535,1,0
S5,2024-01-11 21:30:00,0.7670729357382082,0.10579070007242207,1,0
S5,2024-01-11 21:45:00,0.7355280241257091,0.09140756100579102,1,0
S5,2024-01-11 22:00:00,0.7596040378264577,0.11485239846554383,1,0
S5,2024-01-11 22:15:00,0.7084683462466788,0.09449175587492388,1,0
S5,2024-01-11 22:30:00,0.6972913564574302,0.09424146874814834,1,0
S5,2024-01-11 22:45:00,0.6733383197737217,0.08453721402607343,1,0
S5,2024-01-11 23:00:00,0.5883154923816531,0.048821762762686745,1,0
S5,2024-01-11 23:15:00,0.6861155360203909,0.16226109549196807,1,0
S5,2024-01-11 23:30:00,0.5921917997433235,0.05982291161821129,1,0
S5,2024-01-11 23:45:00,0.5331687071884277,0.053814544270742705,1,0
S5,2024-01-12 00:00:00,0.7654344695533217,0.07492165964918042,1,0
S5,2024-01-12 00:15:00,0.7630610219564234,0.11311209867753622,1,0
S5,2024-01-12 00:30:00,0.7406901699288214,0.09687534203500564,1,0
S5,2024-01-12 00:45:00,0.7037040782235835,0.10985014109620658,1,0
S5,2024-01-12 01:00:00,0.6116480711151402,0.11471344891535844,1,0
S5,2024-01-12 01:15:00,0.3666677282399919,0.11971223502503803,0,0
S5,2024-01-12 01:30:00,0.2577356955720212,0.1355699064448069,0,0
S5,2024-01-12 01:45:00,0.054927370251865254,0.11599436735670283,0,0
S5,2024-01-12 02:00:00,0.04930783830638423,0.08752583854592176,0,0
S5,2024-01-12 02:15:00,0.07806870836079961,0.09572289128916522,0,0
S5,2024-01-12 02:30:00,0.14031450516176763,0.12118726748337968,0,0
S5,2024-01-12 02:45:00,0.022091980529797432,0.12563516819869033,0,0
S5,2024-01-12 03:00:00,0.03640094480118761,0.11274392162852442,0,0
S5,2024-01-12 03:15:00,0.11153055370880159,0.10217497103033672,0,0
S5,2024-01-12 03:30:00,0.06550930998734374,0.07424525328201952,0,0
S5,2024-01-12 03:45:00,0.0565364998920055,0.10479970415560193,0,0
S5,2024-01-12 04:00:00,0.029648629636895865,0.08198841955068888,0,0
S5,2024-01-12 04:15:00,0.06117368645949694,0.0685109678909793,0,0
S5,2024-01-12 04:30:00,0.17451300905363354,0.09434838218555551,0,0
S5,2024-01-12 04:45:00,0.10665002577875532,0.07002640865028749,0,0
S5,2024-01-12 05:00:00,0.15976599964103214,0.16329506650805167,0,0
S5,2024-01-12 05:15:00,0.1508130041976389,0.06931256554710291,0,0
S5,2024-01-12 05:30:00,0.22279168256238546,0.09458422612394514,0,0
S5,2024-01-12 05:45:00,0.3504321066267256,0.10926939828634932,0,0
S5,2024-01-12 06:00:00,0.25610791035629465,0.06630541600729115,0,0
S5,2024-01-12 06:15:00,0.3610978454886481,0.05044881292658762,0,0
S5,2024-01-12 06:30:00,0.30632482537312955,0.04906873839439893,0,0
S5,2024-01-12 06:45:00,0.44636009258073106,0.11348393680336061,0,0
S5,2024-01-12 07:00:00,0.3514922682800599,0.060226610895020065,0,0
S5,2024-01-12 07:15:00,0.3937171812216238,0.10563979314459293,0,0
S5,2024-01-12 07:30:00,0.4541665345664531,0.0754414989102441,0,0
S5,2024-01-12 07:45:00,0.4393797606237258,0.067244704137767,0,0
S5,2024-01-12 08:00:00,0.467256695606896,0.1104296467404055,0,0
S5,2024-01-12 08:15:00,0.4987790569529429,0.09258197354529475,0,0
S5,2024-01-12 08:30:00,0.5018275238906301,0.0913843983244681,1,0
S5,2024-01-12 08:45:00,0.5891293739229058,0.09903237908341621,1,0
S5,2024-01-12 09:00:00,0.6118035654876193,0.09197492652768667,1,0
S5,2024-01-12 09:15:00,0.6655152458528957,0.1044465360438406,1,0
S5,2024-01-12 09:30:00,0.6197756251476271,0.10035515188126548,1,0
S5,2024-01-12 09:45:00,0.5707279915497622,0.10674066346735374,1,0
S5,2024-01-12 10:00:00,0.6410538956402858,0.11021350871714285,1,0
S5,2024-01-12 10:15:00,0.48737080287382517,0.06948064429537941,0,0
S5,2024-01-12 10:30:00,0.5511848351207156,0.13646359115699364,1,0
S5,2024-01-12 10:45:00,0.5082061590617092,0.08523361074855196,1,0
S5,2024-01-12 11:00:00,0.5468152887705581,0.10468099248688569,1,0
S5,2024-01-12 11:15:00,0.5353926524310906,0.09800588382771076,1,0
S5,2024-01-12 11:30:00,0.4793806571794171,0.06404202061109952,0,0
S5,2024-01-12 11:45:00,0.43368752603403055,0.028217959342199107,0,0
S5,2024-01-12 12:00:00,0.40932670127427057,0.1089297288382002,0,0
S5,2024-01-12 12:15:00,0.4239904234278907,0.12029768805586799,0,0
S5,2024-01-12 12:30:00,0.3921389989522858,0.022951070028268256,0,0
S5,2024-01-12 12:45:00,0.2981988820978696,0.08596912045159538,0,0
S5,2024-01-12 13:00:00,0.2954915415615515,0.14656558567442846,0,0
S5,2024-01-12 13:15:00,0.31239018478257985,0.11094312553721321,0,0
S5,2024-01-12 13:30:00,0.2177283089494626,0.038114639614032664,0,0
S5,2024-01-12 13:45:00,0.22002842083643112,0.11571857264211596,0,0
S5,2024-01-12 14:00:00,0.14302356923070791,0.11949200012803776,0,0
S5,2024-01-12 14:15:00,0.1489947113379327,0.07243044433917305,0,0
S5,2024-01-12 14:30:00,0.1431450460601151,0.09549493060786644,0,0
S5,2024-01-12 14:45:00,0.15292045899691523,0.0766523794232452,0,0
S5,2024-01-12 15:00:00,0.1554810822496582,0.07130395803167146,0,0
S5,2024-01-12 15:15:00,0.14969661055055647,0.0976597095838585,0,0
S5,2024-01-12 15:30:00,0.1706004836382694,0.09080509637154109,0,0
S5,2024-01-12 15:45:00,0.13237170044823685,0.09610898340247633,0,0
S5,2024-01-12 16:00:00,0.12796955261640025,0.025124774412543766,0,0
S5,2024-01-12 16:15:00,0.1831946618221753,0.09587294205244996,0,0
S5,2024-01-12 16:30:00,0.2578269972971449,0.10050881766813119,0,0
S5,2024-01-12 16:45:00,0.4371600589462612,0.10243224884350705,0,0
S5,2024-01-12 17:00:00,0.46178784392741534,0.09516510856191564,0,0
S5,2024-01-12 17:15:00,0.4629380804646175,0.10869617603643858,0,0
S5,2024-01-12 17:30:00,0.653990190600532,0.10943043111278591,1,0
S5,2024-01-12 17:45:00,0.6750078799195433,0.12070512924052651,1,0
S5,2024-01-12 18:00:00,0.5930386604631008,0.09466997044283938,1,0
S5,2024-01-12 18:15:00,0.6520433952634257,0.14550599764901798,1,0
S5,2024-01-12 18:30:00,0.6809240068492086,0.09713180427872328,1,0
S5,2024-01-12 18:45:00,0.8510943789028275,0.13698233213899394,1,0
S5,2024-01-12 19:00:00,0.8052380382344638,0.12408408136378962,1,0
S5,2024-01-12 19:15:00,0.7422442702317666,0.2262603768727874,1,0
S5,2024-01-12 19:30:00,0.8898570875588412,0.14951612031925962,1,0
S5,2024-01-12 19:45:00,0.902927944532671,0.12154244526990142,1,0
S5,2024-01-12 20:00:00,0.8495069197008198,0.12999879599003658,1,0
S5,2024-01-12 20:15:00,0.8870337973903838,0.14104698733683116,1,0
S5,2024-01-12 20:30:00,0.8605620269926493,0.1424290132770053,1,0
S5,2024-01-12 20:45:00,0.8163431143342684,0.1074506291725665,1,0
S5,2024-01-12 21:00:00,0.7915872380193715,0.11705271769197971,1,0
S5,2024-01-12 21:15:00,0.8099206125285651,0.10328753893667271,1,0
S5,2024-01-12 21:30:00,0.800539003295696,0.10006294865419525,1,0
S5,2024-01-12 21:45:00,0.7654922104991192,0.11602068942109423,1,0
S5,2024-01-12 22:00:00,0.7725796731721523,0.06232529724915394,1,0
S5,2024-01-12 22:15:00,0.8153588183648921,0.11732161130143812,1,0
S5,2024-01-12 22:30:00,0.7029958364885627,0.11676651882314268,1,0
S5,2024-01-12 22:45:00,0.6557469502828976,0.07423696534966207,1,0
S5,2024-01-12 23:00:00,0.6258884033292984,0.053976741716690355,1,0
S5,2024-01-12 23:15:00,0.6566449055212036,0.04475995062264329,1,0
S5,2024-01-12 23:30:00,0.5869671871696767,0.06221484108527234,1,0
S5,2024-01-12 23:45:00,0.5737004363075539,0.08258013938295737,1,0
S5,2024-01-13 00:00:00,0.9039205743774489,0.11434383343999847,1,0
S5,2024-01-13 00:15:00,0.8200322994878172,0.11080292028391535,1,0
S5,2024-01-13 00:30:00,0.7876256356005952,0.11862070341544281,1,0
S5,2024-01-13 00:45:00,0.7086563135093152,0.1266448163987626,1,0
S5,2024-01-13 01:00:00,0.6030070034510263,0.10474883538549501,1,0
S5,2024-01-13 01:15:00,0.5987425555151351,0.13425195100505863,1,0
S5,2024-01-13 01:30:00,0.29895079462408186,0.1002209475341195,0,0
S5,2024-01-13 01:45:00,0.10097226527205416,0.09914425169737957,0,0
S5,2024-01-13 02:00:00,0.05679789775011488,0.08316470360683523,0,0
S5,2024-01-13 02:15:00,0.07763954598858999,0.10564902906860063,0,0
S5,2024-01-13 02:30:00,0.13155573266714207,0.14783975138383482,0,0
S5,2024-01-13 02:45:00,0.15694815420222166,0.10183840459660055,0,0
S5,2024-01-13 03:00:00,0.014292889372890551,0.09094107803407557,0,0
S5,2024-01-13 03:15:00,0.09379731814956357,0.16045359621020064,0,0
S5,2024-01-13 03:30:00,0.1079879341196953,0.14871192769619365,0,0
S5,2024-01-13 03:45:00,0.03166089121003456,0.06761297788381068,0,0
S5,2024-01-13 04:00:00,0.08754468895752117,0.11080059198947309,0,0
S5,2024-01-13 04:15:00,0.05039174865801042,0.1129698851213245,0,0
S5,2024-01-13 04:30:00,0.001205058209549339,0.06856312533073196,0,0
S5,2024-01-13 04:45:00,0.06605530804776757,0.15503399190494907,0,0
S5,2024-01-13 05:00:00,0.12218558763731444,0.0940748189372203,0,0
S5,2024-01-13 05:15:00,0.0772515527816412,0.09011619528263469,0,0
S5,2024-01-13 05:30:00,0.10207802802621174,0.15719950178048017,0,0
S5,2024-01-13 05:45:00,0.089503603192464,0.08670814076616506,0,0
S5,2024-01-13 06:00:00,0.13770302060086426,0.07671214779797596,0,0
S5,2024-01-13 06:15:00,0.07957883988274456,0.07582825540588185,0,0
S5,2024-01-13 06:30:00,0.20557700649861552,0.1166471127117665,0,0
S5,2024-01-13 06:45:00,0.18013294097629118,0.07054887201332835,0,0
S5,2024-01-13 07:00:00,0.20397594413233067,0.11577045710727771,0,0
S5,2024-01-13 07:15:00,0.21076502931328028,0.04683142636067391,0,0
S5,2024-01-13 07:30:00,0.1940368612694651,0.05755472592536285,0,0
S5,2024-01-13 07:45:00,0.29960417839665626,0.15053416890692478,0,0
S5,2024-01-13 08:00:00,0.26466810664030826,0.05574088812478102,0,0
S5,2024-01-13 08:15:00,0.22532399786410603,0.042016425908974406,0,0
S5,2024-01-13 08:30:00,0.30660147024496215,0.07031405256967742,0,0
S5,2024-01-13 08:45:00,0.2640147761884802,0.03312195506522342,0,0
S5,2024-01-13 09:00:00,0.3056539653487277,0.07594064304138444,0,0
S5,2024-01-13 09:15:00,0.28824113194392803,0.08833173166603549,0,0
S5,2024-01-13 09:30:00,0.35302679558792904,0.141699425662459,0,0
S5,2024-01-13 09:45:00,0.3642873763821116,0.09996215869808192,0,0
S5,2024-01-13 10:00:00,0.37191196408300903,0.0398812357274826,0,0
S5,2024-01-13 10:15:00,0.33085061103718055,0.06170446681791456,0,0
S5,2024-01-13 10:30:00,0.34250954815593276,0.08973395941959013,0,0
S5,2024-01-13 10:45:00,0.2377991817358206,0.05264802565617742,0,0
S5,2024-01-13 11:00:00,0.2470620669792351,0.13417777917405113,0,0
S5,2024-01-13 11:15:00,0.24911711459272656,0.09173445405678698,0,0
S5,2024-01-13 11:30:00,0.3047504459659033,0.06984214132116519,0,0
S5,2024-01-13 11:45:00,0.2252394508189279,0.03190879707162409,0,0
S5,2024-01-13 12:00:00,0.2947741112234029,0.11199847957366005,0,0
S5,2024-01-13 12:15:00,0.1820232438337558,0.08213967291788007,0,0
S5,2024-01-13 12:30:00,0.1375920621653561,0.0653826952463566,0,0
S5,2024-01-13 12:45:00,0.1278247579702284,0.07633223120228039,0,0
S5,2024-01-13 13:00:00,0.13727360992819143,0.06650814155193265,0,0
S5,2024-01-13 13:15:00,0.22117395987887034,0.16402915656235506,0,0
S5,2024-01-13 13:30:00,0.13301287476777154,0.08335207724718495,0,0
S5,2024-01-13 13:45:00,0.09204687110788871,0.11683547081976661,0,0
S5,2024-01-13 14:00:00,0.11372416646839614,0.1046525960696694,0,0
S5,2024-01-13 14:15:00,0.07466539040388528,0.08618660361052982,0,0
S5,2024-01-13 14:30:00,0.15084926398698356,0.15221498372189776,0,0
S5,2024-01-13 14:45:00,0.1321643398756217,0.13483411691261074,0,0
S5,2024-01-13 15:00:00,0.09391418261604344,0.07176885192332139,0,0
S5,2024-01-13 15:15:00,0.18283031336479402,0.058701392546066836,0,0
S5,2024-01-13 15:30:00,0.08346328702950688,0.05751921916412362,0,0
S5,2024-01-13 15:45:00,0.21097415504060932,0.07494058001326903,0,0
S5,2024-01-13 16:00:00,0.15747353918708762,0.11176478719660307,0,0
S5,2024-01-13 16:15:00,0.10266474034064962,0.09384952367432202,0,0
S5,2024-01-13 16:30:00,0.0739380296002074,0.08228020557731902,0,0
S5,2024-01-13 16:45:00,0.15054276724210028,0.08863316421057174,0,0
S5,2024-01-13 17:00:00,0.19904164738627275,0.045310415410757754,0,0
S5,2024-01-13 17:15:00,0.25097695348303156,0.09719272138924787,0,0
S5,2024-01-13 17:30:00,0.24484843787460278,0.04521024631312461,0,0
S5,2024-01-13 17:45:00,0.2726751757361087,0.07736049852641623,0,0
S5,2024-01-13 18:00:00,0.2631801675582351,0.07177686267306342,0,0
S5,2024-01-13 18:15:00,0.31630290979349407,0.08245362162542128,0,0
S5,2024-01-13 18:30:00,0.38590587017538625,0.15875342988571853,0,0
S5,2024-01-13 18:45:00,0.34106541037030785,0.0742788377317212,0,0
S5,2024-01-13 19:00:00,0.3791800128139438,0.07245531696356815,0,0
S5,2024-01-13 19:15:00,0.38513028309022745,0.07652852321029144,0,0
S5,2024-01-13 19:30:00,0.31803269690143643,0.0728059328409192,0,0
S5,2024-01-13 19:45:00,0.4623786547222727,0.10976442799311996,0,0
S5,2024-01-13 20:00:00,0.39337151989026486,0.08750363639692887,0,0
S5,2024-01-13 20:15:00,0.4566075085135495,0.08928170346380171,0,0
S5,2024-01-13 20:30:00,0.5122730230396776,0.08418660051365455,1,0
S5,2024-01-13 20:45:00,0.4838818697583223,0.08153467492832618,0,0
S5,2024-01-13 21:00:00,0.492075347414029,0.05165943228029951,0,0
S5,2024-01-13 21:15:00,0.4230680353226512,0.050727915458089495,0,0
S5,2024-01-13 21:30:00,0.4368626181429766,0.049925736762023526,0,0
S5,2024-01-13 21:45:00,0.4086324820453837,0.06420970415535106,0,0
S5,2024-01-13 22:00:00,0.3315538884568746,0.05201965572907753,0,0
S5,2024-01-13 22:15:00,0.40432178384466144,0.0907517079101413,0,0
S5,2024-01-13 22:30:00,0.3850607628135331,0.12230369127808367,0,0
S5,2024-01-13 22:45:00,0.38793556810294677,0.1030025144843848,0,0
S5,2024-01-13 23:00:00,0.4229640863875767,0.13529044136534019,0,0
S5,2024-01-13 23:15:00,0.3431349608978274,0.15673871987972451,0,0
S5,2024-01-13 23:30:00,0.3403411890285188,0.10386230469711374,0,0
S5,2024-01-13 23:45:00,0.4183312157570364,0.13075002096889446,0,0
S5,2024-01-14 00:00:00,0.4584234797712945,0.09583454032019338,0,0
S5,2024-01-14 00:15:00,0.45380089380640326,0.08503994243301734,0,0
S5,2024-01-14 00:30:00,0.4594388426558272,0.12159839129326595,0,0
S5,2024-01-14 00:45:00,0.32340489646753806,0.09053948233452126,0,0
S5,2024-01-14 01:00:00,0.22954179304497568,0.09287816194162667,0,0
S5,2024-01-14 01:15:00,0.28084404936422536,0.10032325683293766,0,0
S5,2024-01-14 01:30:00,0.15934245640409073,0.12638586237889018,0,0
S5,2024-01-14 01:45:00,0.06427757176868686,0.09284705057920632,0,0
S5,2024-01-14 02:00:00,0.1493899815720464,0.10493983190112614,0,0
S5,2024-01-14 02:15:00,0.15972842953032618,0.13048322352910868,0,0
S5,2024-01-14 02:30:00,0.15204203593127216,0.1094110483752807,0,0
S5,2024-01-14 02:45:00,0.26201697093665094,0.12899416801575142,0,0
S5,2024-01-14 03:00:00,0.19023302066524442,0.15641775279208006,0,0
S5,2024-01-14 03:15:00,0.1594591406232207,0.11008694135211498,0,0
S5,2024-01-14 03:30:00,0.2232865679000228,0.12887380685484198,0,0
S5,2024-01-14 03:45:00,0.0963407057607547,0.08428616751115407,0,0
S5,2024-01-14 04:00:00,0.09358349276614306,0.07902459489286306,0,0
S5,2024-01-14 04:15:00,0.08316129977581195,0.09413560336592319,0,0
S5,2024-01-14 04:30:00,0.08480885969816375,0.06382129780856043,0,0
S5,2024-01-14 04:45:00,0.10596733144725733,0.11130013351300042,0,0
S5,2024-01-14 05:00:00,0.011522137216672583,0.09932980011410987,0,0
S5,2024-01-14 05:15:00,0.0876257852342978,0.1000424864979635,0,0
S5,2024-01-14 05:30:00,0.07471311455260714,0.07148059036498579,0,0
S5,2024-01-14 05:45:00,0.18001773377466615,0.15669258116126386,0,0
S5,2024-01-14 06:00:00,0.09120869464108318,0.08327918287972363,0,0
S5,2024-01-14 06:15:00,0.11647108487140241,0.09302731147633751,0,0
S5,2024-01-14 06:30:00,0.14031711601372465,0.058017349925931966,0,0
S5,2024-01-14 06:45:00,0.20267701246629,0.052505254861934185,0,0
S5,2024-01-14 07:00:00,0.25666251354023806,0.05156731931656484,0,0
S5,2024-01-14 07:15:00,0.29809037071968414,0.03636381624722561,0,0
S5,2024-01-14 07:30:00,0.2583523186669391,0.09002892122887533,0,0
S5,2024-01-14 07:45:00,0.2944837999568944,0.11061094019776674,0,0
S5,2024-01-14 08:00:00,0.22826581422646333,0.08566805440433994,0,0
S5,2024-01-14 08:15:00,0.28370323964604804,0.051014294516963564,0,0
S5,2024-01-14 08:30:00,0.2843805222677638,0.029208875174193367,0,0
S5,2024-01-14 08:45:00,0.28428987950646495,0.05893362330273066,0,0
S5,2024-01-14 09:00:00,0.3048236508834205,0.08908779064286118,0,0
S5,2024-01-14 09:15:00,0.38886038041169213,0.08820180362131627,0,0
S5,2024-01-14 09:30:00,0.3410635482814194,0.0480678245269051,0,0
S5,2024-01-14 09:45:00,0.26444696749435076,0.039919669018955176,0,0
S5,2024-01-14 10:00:00,0.33751417300670505,0.06912563745897647,0,0
S5,2024-01-14 10:15:00,0.30707897122012767,0.05769919811797936,0,0
S5,2024-01-14 10:30:00,0.3698340420973809,0.11422151914220019,0,0
S5,2024-01-14 10:45:00,0.25548872025615105,0.09419031685333394,0,0
S5,2024-01-14 11:00:00,0.24974534306054288,0.05525694675475133,0,0
S5,2024-01-14 11:15:00,0.2925918186127587,0.10778890067038246,0,0
S5,2024-01-14 11:30:00,0.2344755194181854,0.06810281681677595,0,0
S5,2024-01-14 11:45:00,0.15513141660680538,0.07618789137448027,0,0
S5,2024-01-14 12:00:00,0.16690708809742383,0.04799803308365526,0,0
S5,2024-01-14 12:15:00,0.21931181361952867,0.07343411408209342,0,0
S5,2024-01-14 12:30:00,0.26044922337822024,0.14009922971245697,0,0
S5,2024-01-14 12:45:00,0.1627839152012822,0.07565321894432843,0,0
S5,2024-01-14 13:00:00,0.15361186490625203,0.07565321894432843,0,0
S5,2024-01-14 13:15:00,0.14875113390590702,0.08900130592467544,0,0
S5,2024-01-14 13:30:00,0.08335121524103117,0.08926830794615942,0,0
S5,2024-01-14 13:45:00,0.07526657345269183,0.07308444861533876,0,0
S5,2024-01-14 14:00:00,0.05849497671359545,0.06030782158447307,0,0
S5,2024-01-14 14:15:00,0.17280023923655105,0.09471790067538705,0,0
S5,2024-01-14 14:30:00,0.11563358697674485,0.08934556664496876,0,0
S5,2024-01-14 14:45:00,0.13867375016253886,0.11333192616296543,0,0
S5,2024-01-14 15:00:00,0.07741453167747249,0.07188145927559338,0,0
S5,2024-01-14 15:15:00,0.20742340655447117,0.0994039932169525,0,0
S5,2024-01-14 15:30:00,0.13479416229932978,0.06829759438739566,0,0
S5,2024-01-14 15:45:00,0.2146859639044464,0.10312455517339957,0,0
S5,2024-01-14 16:00:00,0.13409904084052326,0.05709357327809526,0,0
S5,2024-01-14 16:15:00,0.14609015494783784,0.05880976507821371,0,0
S5,2024-01-14 16:30:00,0.19368365751512184,0.09078876732911158,0,0
S5,2024-01-14 16:45:00,0.262916632331469,0.16785355142636538,0,0
S5,2024-01-14 17:00:00,0.2885853422834536,0.2008636886498592,0,0
S5,2024-01-14 17:15:00,0.1927097851352804,0.08728716981883936,0,0
S5,2024-01-14 17:30:00,0.3622755998583167,0.08406042905559723,0,0
S5,2024-01-14 17:45:00,0.27460216912006596,0.07715498157675088,0,0
S5,2024-01-14 18:00:00,0.316421549246668,0.11182179976463198,0,0
S5,2024-01-14 18:15:00,0.3544379522497414,0.08211777890161097,0,0
S5,2024-01-14 18:30:00,0.3777776759494918,0.04353312685663433,0,0
S5,2024-01-14 18:45:00,0.3629426651195406,0.08501029647327349,0,0
S5,2024-01-14 19:00:00,0.33421740062240096,0.06452806555977438,0,0
S5,2024-01-14 19:15:00,0.3434595582112433,0.05777754929750727,0,0
S5,2024-01-14 19:30:00,0.40120360971760705,0.11709546167872442,0,0
S5,2024-01-14 19:45:00,0.36263164382899726,0.07466651522282791,0,0
S5,2024-01-14 20:00:00,0.43832123793747985,0.07270078895765558,0,0
S5,2024-01-14 20:15:00,0.3807118093244848,0.07217870785540025,0,0
S5,2024-01-14 20:30:00,0.40422603356117975,0.04686582269864394,0,0
S5,2024-01-14 20:45:00,0.4317296952627904,0.051717861877091716,0,0
S5,2024-01-14 21:00:00,0.4782536882559139,0.07964523562814767,0,0
S5,2024-01-14 21:15:00,0.5070972303625862,0.0993803431198489,1,0
S5,2024-01-14 21:30:00,0.43768869191744664,0.07044135001866154,0,0
S5,2024-01-14 21:45:00,0.3586453739974897,0.034827914040153556,0,0
S5,2024-01-14 22:00:00,0.36331242024814453,0.031254088073903424,0,0
S5,2024-01-14 22:15:00,0.32931814038649687,0.03874402165948793,0,0
S5,2024-01-14 22:30:00,0.375788061204062,0.06192030352131437,0,0
S5,2024-01-14 22:45:00,0.3806378730081352,0.06075290930691156,0,0
S5,2024-01-14 23:00:00,0.37903681847494136,0.10240562987602161,0,0
S5,2024-01-14 23:15:00,0.32469751602088615,0.07574135808694064,0,0
S5,2024-01-14 23:30:00,0.30545770816551204,0.07578709727048015,0,0
S5,2024-01-14 23:45:00,0.30954836037739375,0.07471571039550154,0,0
S5,2024-01-15 00:00:00,0.4347266110032952,0.08601004044457211,0,0
S5,2024-01-15 00:15:00,0.37706925658163537,0.08522326190030141,0,0
S5,2024-01-15 00:30:00,0.32655642247150457,0.10940989434310934,0,0
S5,2024-01-15 00:45:00,0.33629573240716476,0.10552789787731613,0,0
S5,2024-01-15 01:00:00,0.2700483963077308,0.09720658792773666,0,0
S5,2024-01-15 01:15:00,0.23875547374528208,0.09735478634211452,0,0
S5,2024-01-15 01:30:00,0.10282896160625712,0.13834689653512286,0,0
S5,2024-01-15 01:45:00,0.05898807030911498,0.0987371417945913,0,0
S5,2024-01-15 02:00:00,0.12103670306729894,0.08133158030049559,0,0
S5,2024-01-15 02:15:00,0.06155445079774877,0.07831763707524975,0,0
S5,2024-01-15 02:30:00,0.0935695652959163,0.0928190717901967,0,0
S5,2024-01-15 02:45:00,0.058538679729242725,0.07529980053020964,0,0
S5,2024-01-15 03:00:00,0.17689358959911464,0.09405652015905967,0,0
S5,2024-01-15 03:15:00,0.11436383203122344,0.09930226361511298,0,0
S5,2024-01-15 03:30:00,0.09926332630233968,0.06642360446477673,0,0
S5,2024-01-15 03:45:00,0.11396196974720654,0.10788540280148716,0,0
S5,2024-01-15 04:00:00,0.1265126581796462,0.10110817244726197,0,0
S5,2024-01-15 04:15:00,0.07618579113051939,0.058526918227676895,0,0
S5,2024-01-15 04:30:00,0.18202442751986378,0.09701394078359983,0,0
S5,2024-01-15 04:45:00,0.13949156083539513,0.11181340319158334,0,0
S5,2024-01-15 05:00:00,0.1847558441948621,0.07052396486482508,0,0
S5,2024-01-15 05:15:00,0.18904139515737167,0.04102659161981258,0,0
S5,2024-01-15 05:30:00,0.2399731266912,0.1386584223983047,0,0
S5,2024-01-15 05:45:00,0.3811555841158804,0.13691107912302236,0,0
S5,2024-01-15 06:00:00,0.20605149563996283,0.07947789240145166,0,0
S5,2024-01-15 06:15:00,0.2049478359917046,0.013472016525693473,0,0
S5,2024-01-15 06:30:00,0.357154459829959,0.11344631943552705,0,0
S5,2024-01-15 06:45:00,0.4207229865515851,0.07341434096189568,0,0
S5,2024-01-15 07:00:00,0.42277061973962204,0.07392076449081574,0,0
S5,2024-01-15 07:15:00,0.46527387115614177,0.07835901723254712,0,0
S5,2024-01-15 07:30:00,0.45354826002294046,0.06131830179049979,0,0
S5,2024-01-15 07:45:00,0.5011568743102031,0.0851081686630975,1,0
S5,2024-01-15 08:00:00,0.45071939611599243,0.07246058277609269,0,0
S5,2024-01-15 08:15:00,0.44684265627766906,0.07194628649539245,0,0
S5,2024-01-15 08:30:00,0.5821944003335259,0.08931131959716909,1,0
S5,2024-01-15 08:45:00,0.5226829179761547,0.1291310116605451,1,0
S5,2024-01-15 09:00:00,0.5550626033693489,0.15401556665506094,1,0
S5,2024-01-15 09:15:00,0.6005199476102062,0.09547018901605306,1,0
S5,2024-01-15 09:30:00,0.6100738432386589,0.11666807606172687,1,0
S5,2024-01-15 09:45:00,0.6437776481899153,0.10410038505332615,1,0
S5,2024-01-15 10:00:00,0.5860316545460418,0.12124206967235061,1,0
S5,2024-01-15 10:15:00,0.590527658493191,0.1129201406321014,1,0
S5,2024-01-15 10:30:00,0.6567454146548931,0.10679963311312474,1,0
S5,2024-01-15 10:45:00,0.5933281858122812,0.05689118878190258,1,0
S5,2024-01-15 11:00:00,0.5260341409336833,0.07426316063870217,1,0
S5,2024-01-15 11:15:00,0.5036369319002235,0.09840347898140145,1,0
S5,2024-01-15 11:30:00,0.5330123827652673,0.07341320491649544,1,0
S5,2024-01-15 11:45:00,0.5227687327935944,0.039057835873492264,1,0
S5,2024-01-15 12:00:00,0.46269076725293623,0.07877955830204697,0,0
S5,2024-01-15 12:15:00,0.38520271135846246,0.05021921420185571,0,0
S5,2024-01-15 12:30:00,0.36803942152809704,0.06502357231904696,0,0
S5,2024-01-15 12:45:00,0.32214707493756295,0.03125870661000491,0,0
S5,2024-01-15 13:00:00,0.32843573416180805,0.11927217433685736,0,0
S5,2024-01-15 13:15:00,0.28873281223229086,0.06825022116040988,0,0
S5,2024-01-15 13:30:00,0.3030509763241268,0.159900526424761,0,0
S5,2024-01-15 13:45:00,0.291462447476421,0.22206537257363956,0,0
S5,2024-01-15 14:00:00,0.24259300957568058,0.07280491175697663,0,0
S5,2024-01-15 14:15:00,0.2717794685100103,0.17330201961841837,0,0
S5,2024-01-15 14:30:00,0.17826492096755184,0.053383275282604045,0,0
S5,2024-01-15 14:45:00,0.15262837489704004,0.09050053936610057,0,0
S5,2024-01-15 15:00:00,0.18579810463999596,0.0711898560005431,0,0
S5,2024-01-15 15:15:00,0.1382450080786,0.101226275143687,0,0
S5,2024-01-15 15:30:00,0.13217969005680708,0.047898011994045975,0,0
S5,2024-01-15 15:45:00,0.19499283125010397,0.08293347908991014,0,0
S5,2024-01-15 16:00:00,0.2252632024682219,0.113141675299581,0,0
S5,2024-01-15 16:15:00,0.22459423155594002,0.07558694099864954,0,0
S5,2024-01-15 16:30:00,0.20975683763319375,0.03936845932271814,0,0
S5,2024-01-15 16:45:00,0.30143052737922754,0.0691008423244909,0,0
S5,2024-01-15 17:00:00,0.29938945486004764,0.13211468211735095,0,0
S5,2024-01-15 17:15:00,0.3849355955724923,0.12612484221446524,0,0
S5,2024-01-15 17:30:00,0.44302339657832585,0.12498939903581754,0,0
S5,2024-01-15 17:45:00,0.6098497972247616,0.12469647441592698,1,0
S5,2024-01-15 18:00:00,0.5523143020251023,0.0840408015312708,1,0
S5,2024-01-15 18:15:00,0.6797866479146973,0.08835962953249928,1,0
S5,2024-01-15 18:30:00,0.8039771519165834,0.15475455151077058,1,0
S5,2024-01-15 18:45:00,0.7743653513562131,0.12668130716125,1,0
S5,2024-01-15 19:00:00,0.8088103395437386,0.11819052604040346,1,0
S5,2024-01-15 19:15:00,0.7838930703167262,0.11326414544288148,1,0
S5,2024-01-15 19:30:00,0.8228049086195341,0.1535382950541281,1,0
S5,2024-01-15 19:45:00,0.8462677255716881,0.12650519401871863,1,0
S5,2024-01-15 20:00:00,0.858061390216437,0.15396770561962875,1,0
S5,2024-01-15 20:15:00,0.8011911028195495,0.12153643595228038,1,0
S5,2024-01-15 20:30:00,0.8413177840520062,0.15736568254033495,1,0
S5,2024-01-15 20:45:00,0.8168153666881061,0.11612449500394885,1,0
S5,2024-01-15 21:00:00,0.8138594667122098,0.1297607138772763,1,0
S5,2024-01-15 21:15:00,0.8060743148954735,0.11078049154727203,1,0
S5,2024-01-15 21:30:00,0.8079588002352563,0.11624118544041966,1,0
S5,2024-01-15 21:45:00,0.749214707048224,0.09574525574239731,1,0
S5,2024-01-15 22:00:00,0.757794068353029,0.09749775678576963,1,0
S5,2024-01-15 22:15:00,0.6987739425220707,0.10313792214899435,1,0
S5,2024-01-15 22:30:00,0.7300497726650157,0.08907399654304148,1,0
S5,2024-01-15 22:45:00,0.7457317713855962,0.07811430309186496,1,0
S5,2024-01-15 23:00:00,0.6690165849488368,0.053583258909050274,1,0
S5,2024-01-15 23:15:00,0.679085412915437,0.1112938863805732,1,0
S5,2024-01-15 23:30:00,0.5743344002737725,0.07023731907033524,1,0
S5,2024-01-15 23:45:00,0.5398362534412224,0.08822195183523553,1,0
S5,2024-01-16 00:00:00,0.7287640830381059,0.14250292469301507,1,0
S5,2024-01-16 00:15:00,0.7289947291929142,0.09496529859437684,1,0
S5,2024-01-16 00:30:00,0.6723901353016687,0.14209634075582903,1,0
S5,2024-01-16 00:45:00,0.6294987719589666,0.09479123058333133,1,0
S5,2024-01-16 01:00:00,0.6255859471715743,0.21888436592429147,1,0
S5,2024-01-16 01:15:00,0.429704904556625,0.08836262917277647,0,0
S5,2024-01-16 01:30:00,0.25366782995637366,0.15484872448958367,0,0
S5,2024-01-16 01:45:00,0.06752923999290117,0.08999191655272251,0,0
S5,2024-01-16 02:00:00,0.04372942577975434,0.07690645868521664,0,0
S5,2024-01-16 02:15:00,0.12694840895981535,0.13658283211377895,0,0
S5,2024-01-16 02:30:00,0.08866805233791787,0.08171806170539593,0,0
S5,2024-01-16 02:45:00,0.0515999761566181,0.06473423291929552,0,0
S5,2024-01-16 03:00:00,0.08663723764248907,0.08895840032201663,0,0
S5,2024-01-16 03:15:00,0.14869273769026423,0.10004822202570955,0,0
S5,2024-01-16 03:30:00,0.11437907365378909,0.10641729773000105,0,0
S5,2024-01-16 03:45:00,0.14273431266784517,0.16374561897989878,0,0
S5,2024-01-16 04:00:00,0.0892434407773114,0.07385527165394272,0,0
S5,2024-01-16 04:15:00,0.1475344657756184,0.1011922883038277,0,0
S5,2024-01-16 04:30:00,0.10726241722241385,0.07480544047072929,0,0
S5,2024-01-16 04:45:00,0.14506731271403703,0.13427741631015616,0,0
S5,2024-01-16 05:00:00,0.13095959265647214,0.07568073282878307,0,0
S5,2024-01-16 05:15:00,0.1976781077946874,0.09782731193029191,0,0
S5,2024-01-16 05:30:00,0.1391384452224349,0.05338636570724495,0,0
S5,2024-01-16 05:45:00,0.3017729097319261,0.1365839125599571,0,0
S5,2024-01-16 06:00:00,0.3885269490417313,0.1365839125599571,0,0
S5,2024-01-16 06:15:00,0.3275927332781236,0.06263084170470974,0,0
S5,2024-01-16 06:30:00,0.34794296169819083,0.04982443873255359,0,0
S5,2024-01-16 06:45:00,0.45510342771249823,0.09506234730785551,0,0
S5,2024-01-16 07:00:00,0.36521988420285323,0.10846083853245539,0,0
S5,2024-01-16 07:15:00,0.5174179844528565,0.08279021411792964,1,0
S5,2024-01-16 07:30:00,0.46765463335569635,0.06921316734849255,0,0
S5,2024-01-16 07:45:00,0.43063980889902304,0.08116180724081619,0,0
S5,2024-01-16 08:00:00,0.4708990162354314,0.09483654414013665,0,0
S5,2024-01-16 08:15:00,0.49287235783864575,0.08638812117686032,0,0
S5,2024-01-16 08:30:00,0.6841840870206171,0.19819509744458397,1,0
S5,2024-01-16 08:45:00,0.6741100352093634,0.1482704587591599,1,0
S5,2024-01-16 09:00:00,0.6810757908587242,0.1411170651302821,1,0
S5,2024-01-16 09:15:00,0.7483959736438418,0.16046399475446535,1,0
S5,2024-01-16 09:30:00,0.7763206221028905,0.18460341560051544,1,0
S5,2024-01-16 09:45:00,0.7820368595732833,0.195939831122681,1,0
S5,2024-01-16 10:00:00,0.8226209564948174,0.21246492785619417,1,0
S5,2024-01-16 10:15:00,0.8227706105017912,0.2383314116044545,1,0
S5,2024-01-16 10:30:00,0.7640918602277982,0.24556666515592307,1,0
S5,2024-01-16 10:45:00,0.7709535651204441,0.2723188318779068,1,0
S5,2024-01-16 11:00:00,0.7629639890308132,0.25576677853574215,1,0
S5,2024-01-16 11:15:00,0.7620931277639896,0.2906134980332171,1,0
S5,2024-01-16 11:30:00,0.7084071109577881,0.2370931579593118,1,0
S5,2024-01-16 11:45:00,0.7081194340649725,0.30038904385384135,1,0
S5,2024-01-16 12:00:00,0.624741326847584,0.3017668976803929,1,0
S5,2024-01-16 12:15:00,0.6847695902900527,0.29065504400565995,1,0
S5,2024-01-16 12:30:00,0.6107048534469827,0.3533319464986589,1,0
S5,2024-01-16 12:45:00,0.5844301882125661,0.30552791565694937,1,0
S5,2024-01-16 13:00:00,0.6488533627082723,0.3132504715053696,1,0
S5,2024-01-16 13:15:00,0.5729132346866944,0.330793701720663,1,0
S5,2024-01-16 13:30:00,0.615021630744593,0.39686412693020645,1,0
S5,2024-01-16 13:45:00,0.5896326478249136,0.4216086402594252,1,0
S5,2024-01-16 14:00:00,0.6226420051339063,0.43372779164001674,1,0
S5,2024-01-16 14:15:00,0.6209387765855413,0.43130063077971276,1,0
S5,2024-01-16 14:30:00,0.6558808831292865,0.4582952756057851,1,0
S5,2024-01-16 14:45:00,0.6429155275035756,0.4830404868560015,1,0
S5,2024-01-16 15:00:00,0.6586933975071447,0.469975814361252,1,0
S5,2024-01-16 15:15:00,0.6382712992975149,0.5068634364697873,1,0
S5,2024-01-16 15:30:00,0.6811240482133357,0.5516145711099187,1,0
S5,2024-01-16 15:45:00,0.686531785183085,0.5464166236057719,1,0
S5,2024-01-16 16:00:00,0.6858633715033406,0.5868615648099251,1,0
S5,2024-01-16 16:15:00,0.6751568813830904,0.6340556420733647,1,0
S5,2024-01-16 16:30:00,0.7356000971456835,0.650286343615041,1,0
S5,2024-01-16 16:45:00,0.7228003407014575,0.6571911643965402,1,0
S5,2024-01-16 17:00:00,0.7556177741697758,0.6761760173047563,1,1
S5,2024-01-16 17:15:00,0.8732922530340202,0.7417532007808947,1,1
S5,2024-01-16 17:30:00,0.8581352645943391,0.7687980521098934,1,1
S5,2024-01-16 17:45:00,0.8751838395753575,0.7781894918185509,1,1
S5,2024-01-16 18:00:00,0.895671896274649,0.8127441382622937,1,1
S5,2024-01-16 18:15:00,0.9599362105505788,0.8638880704558859,1,1
S5,2024-01-16 18:30:00,0.9627746727858008,0.8739446451035167,1,1
S5,2024-01-16 18:45:00,0.9891795767214602,0.9284209703531914,1,1
S5,2024-01-16 19:00:00,0.9733277933065954,0.908378244490088,1,1
S5,2024-01-16 19:15:00,0.9536240355039971,0.961379953421044,1,1
S5,2024-01-16 19:30:00,0.9711338566831718,0.9686313071816206,1,1
S5,2024-01-16 19:45:00,0.9313635543840044,0.9999999999362572,1,1
S5,2024-01-16 20:00:00,1.0,0.12786316103040282,1,0
S5,2024-01-16 20:15:00,0.9835732082867159,0.20688710620741668,1,0
S5,2024-01-16 20:30:00,0.9958022522364367,0.12795617410219404,1,0
S5,2024-01-16 20:45:00,0.9860951983193137,0.13643164627206833,1,0
S5,2024-01-16 21:00:00,0.9484560683339126,0.1269812515488502,1,0
S5,2024-01-16 21:15:00,0.9842347465636919,0.1355509073369783,1,0
S5,2024-01-16 21:30:00,0.9028575497480371,0.10478203005304573,1,0
S5,2024-01-16 21:45:00,0.7266622232170826,0.1065784568031668,1,0
S5,2024-01-16 22:00:00,0.7418512733734653,0.07887087701977889,1,0
S5,2024-01-16 22:15:00,0.726545218784328,0.07783011977240467,1,0
S5,2024-01-16 22:30:00,0.7092834387212115,0.1154204349148442,1,0
S5,2024-01-16 22:45:00,0.6255375160196683,0.06277043148793059,1,0
S5,2024-01-16 23:00:00,0.59305445013803,0.05520884927041969,1,0
S5,2024-01-16 23:15:00,0.6318391457140362,0.09279157891936406,1,0
S5,2024-01-16 23:30:00,0.48453064100341087,0.048271283312597134,0,0
S5,2024-01-16 23:45:00,0.528518352648239,0.10390850262660997,1,0
S5,2024-01-17 00:00:00,0.7072037586402206,0.10895382645823543,1,0
S5,2024-01-17 00:15:00,0.6614888184074899,0.07484051864787097,1,0
S5,2024-01-17 00:30:00,0.5965202425278555,0.08178695015446327,1,0
S5,2024-01-17 00:45:00,0.5412448796793642,0.08857226108526438,1,0
S5,2024-01-17 01:00:00,0.5376921144603286,0.10857851879782131,1,0
S5,2024-01-17 01:15:00,0.40874779656754995,0.12203729813872334,0,0
S5,2024-01-17 01:30:00,0.1655016682868252,0.07527157399495778,0,0
S5,2024-01-17 01:45:00,0.06713483714678503,0.07079027000680926,0,0
S5,2024-01-17 02:00:00,0.16021608958004227,0.1317645303258648,0,0
S5,2024-01-17 02:15:00,0.009269554545707171,0.10571441596225481,0,0
S5,2024-01-17 02:30:00,0.02502058105535653,0.06094192897811081,0,0
S5,2024-01-17 02:45:00,0.07673077992766111,0.08638397794132417,0,0
S5,2024-01-17 03:00:00,0.10850159549075081,0.13388574784402843,0,0
S5,2024-01-17 03:15:00,0.09114246380582555,0.1734844962663521,0,0
S5,2024-01-17 03:30:00,0.07555556135492718,0.0929446471673745,0,0
S5,2024-01-17 03:45:00,0.044151012820743844,0.0782227696403096,0,0
S5,2024-01-17 04:00:00,0.05714681840190093,0.0754604389012608,0,0
S5,2024-01-17 04:15:00,0.05922378459916954,0.05513419373842588,0,0
S5,2024-01-17 04:30:00,0.07624739711291963,0.06269389123141358,0,0
S5,2024-01-17 04:45:00,0.14090360244089814,0.06246797977286525,0,0
S5,2024-01-17 05:00:00,0.13753988620290244,0.0608903941559918,0,0
S5,2024-01-17 05:15:00,0.18439211744188977,0.04000981707640475,0,0
S5,2024-01-17 05:30:00,0.32077727436450315,0.07769578064858405,0,0
S5,2024-01-17 05:45:00,0.3026670004040692,0.052224772885192824,0,0
S5,2024-01-17 06:00:00,0.3217722242447033,0.07404400154329963,0,0
S5,2024-01-17 06:15:00,0.3123071736590483,0.05388787063554587,0,0
S5,2024-01-17 06:30:00,0.3905011285538869,0.09189258786905308,0,0
S5,2024-01-17 06:45:00,0.31328447225010775,0.06202492413792388,0,0
S5,2024-01-17 07:00:00,0.32616657121111814,0.046828673496396314,0,0
S5,2024-01-17 07:15:00,0.511526889822104,0.13434510237088815,1,0
S5,2024-01-17 07:30:00,0.41570640559174266,0.053945485034047926,0,0
S5,2024-01-17 07:45:00,0.5016019062380432,0.07292665176286774,1,0
S5,2024-01-17 08:00:00,0.504899207321418,0.06922253298272954,1,0
S5,2024-01-17 08:15:00,0.48877721715427874,0.08934719935977309,0,0
S5,2024-01-17 08:30:00,0.528760869804998,0.09161968619525702,1,0
S5,2024-01-17 08:45:00,0.5856911189829166,0.1062825690828051,1,0
S5,2024-01-17 09:00:00,0.4770707180117988,0.07355816524997591,0,0
S5,2024-01-17 09:15:00,0.5707349177290312,0.08254049190655635,1,0
S5,2024-01-17 09:30:00,0.6240174021550101,0.11614334430714346,1,0
S5,2024-01-17 09:45:00,0.6455472723538632,0.08620530565163013,1,0
S5,2024-01-17 10:00:00,0.52976856232882,0.07260257220670825,1,0
S5,2024-01-17 10:15:00,0.6231786886742214,0.11388458745536124,1,0
S5,2024-01-17 10:30:00,0.5065573616261085,0.08905530916433002,1,0
S5,2024-01-17 10:45:00,0.48156130733195573,0.0836686490272076,0,0
S5,2024-01-17 11:00:00,0.5517556669972131,0.07655170295145194,1,0
S5,2024-01-17 11:15:00,0.5252596417640187,0.05306676205412623,1,0
S5,2024-01-17 11:30:00,0.4352035188136698,0.04505792187357289,0,0
S5,2024-01-17 11:45:00,0.5009690878569314,0.04510342329620507,1,0
S5,2024-01-17 12:00:00,0.4474771772830419,0.06692775696067492,0,0
S5,2024-01-17 12:15:00,0.3947440355278517,0.07452176619110801,0,0
S5,2024-01-17 12:30:00,0.37038225920220935,0.051679613112594135,0,0
S5,2024-01-17 12:45:00,0.3644820652510498,0.0633601143135246,0,0
S5,2024-01-17 13:00:00,0.30082101566246766,0.06569839868159714,0,0
S5,2024-01-17 13:15:00,0.251409554136974,0.08156254382267261,0,0
S5,2024-01-17 13:30:00,0.18239014107306303,0.14568056391585918,0,0
S5,2024-01-17 13:45:00,0.17171798784002662,0.14767005170587863,0,0
S5,2024-01-17 14:00:00,0.1636997841192172,0.15948841022653823,0,0
S5,2024-01-17 14:15:00,0.19554978192255026,0.10025952075968265,0,0
S5,2024-01-17 14:30:00,0.1861653938062074,0.10562901093914256,0,0
S5,2024-01-17 14:45:00,0.1253777640450538,0.07287957521520784,0,0
S5,2024-01-17 15:00:00,0.12732298889223778,0.04101380152859923,0,0
S5,2024-01-17 15:15:00,0.09185039248542981,0.12875979350263647,0,0
S5,2024-01-17 15:30:00,0.1385731749767341,0.07909762322138995,0,0
S5,2024-01-17 15:45:00,0.17664000360131138,0.12975674328379147,0,0
S5,2024-01-17 16:00:00,0.19324669264898275,0.13460931619018174,0,0
S5,2024-01-17 16:15:00,0.15127176260761233,0.06738642814596237,0,0
S5,2024-01-17 16:30:00,0.24249380007407473,0.08549310681862476,0,0
S5,2024-01-17 16:45:00,0.24747866119098405,0.047205397795695304,0,0
S5,2024-01-17 17:00:00,0.372926630987891,0.1044273764235562,0,0
S5,2024-01-17 17:15:00,0.3586970364108719,0.04734184757436559,0,0
S5,2024-01-17 17:30:00,0.5340630806593478,0.1239653349044847,1,0
S5,2024-01-17 17:45:00,0.5315099230032684,0.10474797708292052,1,0
S5,2024-01-17 18:00:00,0.6635366957820579,0.14279314684040192,1,0
S5,2024-01-17 18:15:00,0.6307110067361803,0.1502540533822257,1,0
S5,2024-01-17 18:30:00,0.7172983343768548,0.17536757205003667,1,0
S5,2024-01-17 18:45:00,0.7598710927122229,0.09537082180982898,1,0
S5,2024-01-17 19:00:00,0.7233636368904817,0.09894082239085406,1,0
S5,2024-01-17 19:15:00,0.7261663088816986,0.11124263863244364,1,0
S5,2024-01-17 19:30:00,0.7720925684407252,0.15685606658897505,1,0
S5,2024-01-17 19:45:00,0.8006247246594532,0.1301262119800511,1,0
S5,2024-01-17 20:00:00,0.8429853849430856,0.1293816965507963,1,0
S5,2024-01-17 20:15:00,0.7940902678886198,0.1252722174431534,1,0
S5,2024-01-17 20:30:00,0.8453273665886915,0.1327982240659741,1,0
S5,2024-01-17 20:45:00,0.8149262947835607,0.11718451310488592,1,0
S5,2024-01-17 21:00:00,0.839858469678715,0.12483423224547752,1,0
S5,2024-01-17 21:15:00,0.7777300133692395,0.10500342820465741,1,0
S5,2024-01-17 21:30:00,0.7447721527273763,0.10765749311610502,1,0
S5,2024-01-17 21:45:00,0.7854877075050988,0.10752062922513038,1,0
S5,2024-01-17 22:00:00,0.7350946620037716,0.10539810473653989,1,0
S5,2024-01-17 22:15:00,0.7544232115432086,0.12863647385264956,1,0
S5,2024-01-17 22:30:00,0.7282496967818284,0.13112722445281447,1,0
S5,2024-01-17 22:45:00,0.6763793917852571,0.12275283351298186,1,0
S5,2024-01-17 23:00:00,0.6894567982441344,0.05765416582997092,1,0
S5,2024-01-17 23:15:00,0.6514855775479359,0.0989244344791333,1,0
S5,2024-01-17 23:30:00,0.6145988760523149,0.055968287195871054,1,0
S5,2024-01-17 23:45:00,0.45665524174034156,0.023304766658150924,0,0
S5,2024-01-18 00:00:00,0.8323251249745552,0.12123556412958372,1,0
S5,2024-01-18 00:15:00,0.7237072387663723,0.09354978095147307,1,0
S5,2024-01-18 00:30:00,0.6830316027297829,0.10913040593409218,1,0
S5,2024-01-18 00:45:00,0.6422389544278584,0.13508258693692052,1,0
S5,2024-01-18 01:00:00,0.48541547319619,0.10075861254987122,0,0
S5,2024-01-18 01:15:00,0.3577797930792583,0.08966569761962268,0,0
S5,2024-01-18 01:30:00,0.1671905261127622,0.07430487641252766,0,0
S5,2024-01-18 01:45:00,0.05764862852130022,0.10074063941590253,0,0
S5,2024-01-18 02:00:00,0.09469301700559217,0.15401606310351199,0,0
S5,2024-01-18 02:15:00,0.04918733554447147,0.10717635302634547,0,0
S5,2024-01-18 02:30:00,0.07996627616784632,0.09124034335620816,0,0
S5,2024-01-18 02:45:00,0.06570585848227661,0.0972418802095687,0,0
S5,2024-01-18 03:00:00,0.10031031999688998,0.08465047749012866,0,0
S5,2024-01-18 03:15:00,0.12435812507532902,0.07081997293095857,0,0
S5,2024-01-18 03:30:00,0.0799095571915299,0.08099523170705515,0,0
S5,2024-01-18 03:45:00,0.0880610722319869,0.07237883965572718,0,0
S5,2024-01-18 04:00:00,0.11719721384460884,0.07237883965572718,0,0
S5,2024-01-18 04:15:00,0.19730961331105307,0.11788833454019593,0,0
S5,2024-01-18 04:30:00,0.010483281524475507,0.06187129211869909,0,0
S5,2024-01-18 04:45:00,0.15250645158793535,0.05119474362121183,0,0
S5,2024-01-18 05:00:00,0.10085052866877041,0.05711704459276061,0,0
S5,2024-01-18 05:15:00,0.2007874691717808,0.14079613944875108,0,0
S5,2024-01-18 05:30:00,0.17668607283833407,0.09855448186425832,0,0
S5,2024-01-18 05:45:00,0.22217580042140317,0.054802463046063274,0,0
S5,2024-01-18 06:00:00,0.18818428341823432,0.08311831397474234,0,0
S5,2024-01-18 06:15:00,0.3025799796244094,0.08115955174522269,0,0
S5,2024-01-18 06:30:00,0.35930661529137475,0.08105779423143489,0,0
S5,2024-01-18 06:45:00,0.41683335573283203,0.09490752465480527,0,0
S5,2024-01-18 07:00:00,0.537412715411549,0.09510395383122612,1,0
S5,2024-01-18 07:15:00,0.510836246567247,0.05981159665513453,1,0
S5,2024-01-18 07:30:00,0.5288798508844346,0.07732592379405785,1,0
S5,2024-01-18 07:45:00,0.5369077119929461,0.13817160703795972,1,0
S5,2024-01-18 08:00:00,0.5588517971044034,0.09885273302871231,1,0
S5,2024-01-18 08:15:00,0.5667345141689791,0.0859695628493086,1,0
S5,2024-01-18 08:30:00,0.5885621773123166,0.08607157139515303,1,0
S5,2024-01-18 08:45:00,0.6433092088506371,0.08471755005944977,1,0
S5,2024-01-18 09:00:00,0.5663322372282855,0.10654229576104712,1,0
S5,2024-01-18 09:15:00,0.6278416853943063,0.10930074755797566,1,0
S5,2024-01-18 09:30:00,0.6981769837711098,0.1372559659357057,1,0
S5,2024-01-18 09:45:00,0.6401443335213587,0.08272542490411411,1,0
S5,2024-01-18 10:00:00,0.6128263936035283,0.09051352847748004,1,0
S5,2024-01-18 10:15:00,0.5834264136159887,0.09623604871749838,1,0
S5,2024-01-18 10:30:00,0.5932995319548002,0.09171295298654335,1,0
S5,2024-01-18 10:45:00,0.6215867236710892,0.09868411997034825,1,0
S5,2024-01-18 11:00:00,0.9825224324771994,0.7399382422109545,1,1
S5,2024-01-18 11:15:00,0.9811156438552965,0.7622698840760032,1,1
S5,2024-01-18 11:30:00,0.9379776275523226,0.7620500876861886,1,1
S5,2024-01-18 11:45:00,0.9093322140859723,0.7191531592684077,1,1
S5,2024-01-18 12:00:00,0.8811393436293018,0.6977847325527029,1,1
S5,2024-01-18 12:15:00,0.8870561963395273,0.696293049092269,1,1
S5,2024-01-18 12:30:00,0.762804775225406,0.055226171023756036,1,0
S5,2024-01-18 12:45:00,0.7845027885050934,0.07399750234477867,1,0
S5,2024-01-18 13:00:00,0.764138420677956,0.08276117043044362,1,0
S5,2024-01-18 13:15:00,0.7374370442516179,0.11936220443851185,1,0
S5,2024-01-18 13:30:00,0.6614625436743057,0.0981833633467165,1,0
S5,2024-01-18 13:45:00,0.6256837062648244,0.12107216462130292,1,0
S5,2024-01-18 14:00:00,0.5595679664768242,0.0720394106116359,1,0
S5,2024-01-18 14:15:00,0.08471801437360112,0.10252319722621102,0,0
S5,2024-01-18 14:30:00,0.0947185800975941,0.07996569091478384,0,0
S5,2024-01-18 14:45:00,0.11503889730632269,0.0708112565133532,0,0
S5,2024-01-18 15:00:00,0.12712573476253802,0.0721636575215495,0,0
S5,2024-01-18 15:15:00,0.1682568004072616,0.07196100384444369,0,0
S5,2024-01-18 15:30:00,0.14728031242532985,0.07196100384444369,0,0
S5,2024-01-18 15:45:00,0.20073450483615762,0.10833085496879903,0,0
S5,2024-01-18 16:00:00,0.19904310122656443,0.08804849512194962,0,0
S5,2024-01-18 16:15:00,0.23297047946539057,0.08597417479641535,0,0
S5,2024-01-18 16:30:00,0.16667204644715003,0.06968453118228046,0,0
S5,2024-01-18 16:45:00,0.2369928692826295,0.03692519492309772,0,0
S5,2024-01-18 17:00:00,0.2668492058330879,0.04197520338226858,0,0
S5,2024-01-18 17:15:00,0.5655165722115727,0.13055502856051557,1,0
S5,2024-01-18 17:30:00,0.4136748556571442,0.0496852602287324,0,0
S5,2024-01-18 17:45:00,0.533131875733487,0.08537335303948436,1,0
S5,2024-01-18 18:00:00,0.6339692746694107,0.0839395585136127,1,0
S5,2024-01-18 18:15:00,0.6596452538627868,0.10360142794908593,1,0
S5,2024-01-18 18:30:00,0.6829011256548261,0.11171333959054594,1,0
S5,2024-01-18 18:45:00,0.7562047997973603,0.123188998498726,1,0
S5,2024-01-18 19:00:00,0.6862072508635839,0.10868573235844878,1,0
S5,2024-01-18 19:15:00,0.6909523147987008,0.10999878259883569,1,0
S5,2024-01-18 19:30:00,0.7932320516168824,0.14651165814524403,1,0
S5,2024-01-18 19:45:00,0.8284718430273782,0.15425983861511958,1,0
S5,2024-01-18 20:00:00,0.8066703561720688,0.1258459274261142,1,0
S5,2024-01-18 20:15:00,0.7842975811976343,0.12848369129074724,1,0
S5,2024-01-18 20:30:00,0.8807021989110232,0.12533242020966234,1,0
S5,2024-01-18 20:45:00,0.8241574839305306,0.12533242020966234,1,0
S5,2024-01-18 21:00:00,0.8421580216861406,0.12854352228457488,1,0
S5,2024-01-18 21:15:00,0.8331230431430688,0.10074932521026414,1,0
S5,2024-01-18 21:30:00,0.8169111142248842,0.11823021558437449,1,0
S5,2024-01-18 21:45:00,0.7962672565181133,0.166178819284218,1,0
S5,2024-01-18 22:00:00,0.7546214264860314,0.13772729809199152,1,0
S5,2024-01-18 22:15:00,0.7853599100201285,0.13772729809199152,1,0
S5,2024-01-18 22:30:00,0.7341758658158936,0.1499122840060073,1,0
S5,2024-01-18 22:45:00,0.6192121178771074,0.1021958098146155,1,0
S5,2024-01-18 23:00:00,0.6923961051415058,0.08569220695450222,1,0
S5,2024-01-18 23:15:00,0.6033564908258586,0.05402671151368518,1,0
S5,2024-01-18 23:30:00,0.5957905977961696,0.10160102981647753,1,0
S5,2024-01-18 23:45:00,0.47574246253467856,0.0521204497551279,0,0
S5,2024-01-19 00:00:00,0.7442626105288707,0.13272264217787397,1,0
S5,2024-01-19 00:15:00,0.6908095376131685,0.08263626897758489,1,0
S5,2024-01-19 00:30:00,0.6651320535140333,0.1241137726213821,1,0
S5,2024-01-19 00:45:00,0.6182114960871646,0.13660145467667278,1,0
S5,2024-01-19 01:00:00,0.43122175262725837,0.10668003884865813,0,0
S5,2024-01-19 01:15:00,0.35616235467415813,0.14783100967126514,0,0
S5,2024-01-19 01:30:00,0.1798118082495642,0.08258433860635035,0,0
S5,2024-01-19 01:45:00,0.06305936838230915,0.08456694500869393,0,0
S5,2024-01-19 02:00:00,0.06649679985976778,0.06713058139049093,0,0
S5,2024-01-19 02:15:00,0.07771259454566902,0.103858829282894,0,0
S5,2024-01-19 02:30:00,0.13312844772179835,0.13654363135826217,0,0
S5,2024-01-19 02:45:00,0.14079326187047692,0.12633912988728913,0,0
S5,2024-01-19 03:00:00,0.15334962546635908,0.14133145894714336,0,0
S5,2024-01-19 03:15:00,0.04654767490416087,0.06345180348093131,0,0
S5,2024-01-19 03:30:00,0.11650825566956613,0.09147969823972636,0,0
S5,2024-01-19 03:45:00,0.1431679777054518,0.09024882170795857,0,0
S5,2024-01-19 04:00:00,0.17694531228233615,0.13579315085524632,0,0
S5,2024-01-19 04:15:00,0.1732852900024251,0.09221088689263018,0,0
S5,2024-01-19 04:30:00,0.2824616023261542,0.13400620209105485,0,0
S5,2024-01-19 04:45:00,0.1380480853608891,0.11701513769187769,0,0
S5,2024-01-19 05:00:00,0.123271134692668,0.07335911238132707,0,0
S5,2024-01-19 05:15:00,0.1991984615518972,0.08682416383917577,0,0
S5,2024-01-19 05:30:00,0.28501894794703786,0.07057125978425846,0,0
S5,2024-01-19 05:45:00,0.2728463227272496,0.07070464726688509,0,0
S5,2024-01-19 06:00:00,0.2580089661099834,0.07087654994679604,0,0
S5,2024-01-19 06:15:00,0.3237093659834929,0.0749725128710296,0,0
S5,2024-01-19 06:30:00,0.3701070870309689,0.09322560435395401,0,0
S5,2024-01-19 06:45:00,0.402897686571017,0.08354641222395705,0,0
S5,2024-01-19 07:00:00,0.31544146209224333,0.05795182036440071,0,0
S5,2024-01-19 07:15:00,0.5303836863318631,0.14923562524967607,1,0
S5,2024-01-19 07:30:00,0.4484979546238854,0.0994450281979719,0,0
S5,2024-01-19 07:45:00,0.5279467495140978,0.0900825798580405,1,0
S5,2024-01-19 08:00:00,0.5088740747753521,0.07964159911320783,1,0
S5,2024-01-19 08:15:00,0.5472127452835345,0.1319875283315657,1,0
S5,2024-01-19 08:30:00,0.6050931223651453,0.09372726401033725,1,0
S5,2024-01-19 08:45:00,0.6309322570479752,0.14620437632791036,1,0
S5,2024-01-19 09:00:00,0.5958564552539045,0.1039424074393095,1,0
S5,2024-01-19 09:15:00,0.6101256421135505,0.12344166306113163,1,0
S5,2024-01-19 09:30:00,0.6221304926991371,0.08570005870580284,1,0
S5,2024-01-19 09:45:00,0.6401166499644819,0.08290268449479087,1,0
S5,2024-01-19 10:00:00,0.6680420270913482,0.1028455931433831,1,0
S5,2024-01-19 10:15:00,0.5631509742360814,0.08779921413628763,1,0
S5,2024-01-19 10:30:00,0.5496894848590482,0.09242934168067583,1,0
S5,2024-01-19 10:45:00,0.5247436880660132,0.07088420318670716,1,0
S5,2024-01-19 11:00:00,0.5284007985458129,0.07731810818350969,1,0
S5,2024-01-19 11:15:00,0.5112525682224593,0.0836995544376606,1,0
S5,2024-01-19 11:30:00,0.47249995668218664,0.10667766364864467,0,0
S5,2024-01-19 11:45:00,0.4126461992605152,0.029955605944081976,0,0
S5,2024-01-19 12:00:00,0.40221544295879624,0.0439702089671464,0,0
S5,2024-01-19 12:15:00,0.46720950409603973,0.19092298314847048,0,0
S5,2024-01-19 12:30:00,0.35389179285108746,0.05136365188493065,0,0
S5,2024-01-19 12:45:00,0.3483344344981466,0.10694628238518519,0,0
S5,2024-01-19 13:00:00,0.32663666993582774,0.060595647782146524,0,0
S5,2024-01-19 13:15:00,0.2929463661979537,0.09045804857649677,0,0
S5,2024-01-19 13:30:00,0.27090279069059514,0.13668690874710235,0,0
S5,2024-01-19 13:45:00,0.23804045032515903,0.11688059381681086,0,0
S5,2024-01-19 14:00:00,0.15551972349859572,0.06251372151836641,0,0
S5,2024-01-19 14:15:00,0.14008208604062022,0.07444412148634545,0,0
S5,2024-01-19 14:30:00,0.07492253413387788,0.08495470197328729,0,0
S5,2024-01-19 14:45:00,0.13014628064066466,0.11618558027954776,0,0
S5,2024-01-19 15:00:00,0.060248202479476175,0.08916358479134111,0,0
S5,2024-01-19 15:15:00,0.10478216009703187,0.05869837852619214,0,0
S5,2024-01-19 15:30:00,0.20280494729268086,0.05608081320083711,0,0
S5,2024-01-19 15:45:00,0.20894491104990448,0.05460082471890024,0,0
S5,2024-01-19 16:00:00,0.2142030870708632,0.0675651467770956,0,0
S5,2024-01-19 16:15:00,0.2702174836482155,0.0700547292311975,0,0
S5,2024-01-19 16:30:00,0.21616295817083309,0.14215283087955577,0,0
S5,2024-01-19 16:45:00,0.35238942543303486,0.07326796727606393,0,0
S5,2024-01-19 17:00:00,0.4599177929375388,0.08331770070039586,0,0
S5,2024-01-19 17:15:00,0.40053073780160353,0.0788520943666288,0,0
S5,2024-01-19 17:30:00,0.38252044433331417,0.050248304138313764,0,0
S5,2024-01-19 17:45:00,0.506127147900535,0.08421716914551265,1,0
S5,2024-01-19 18:00:00,0.6255095429367408,0.08523844049648767,1,0
S5,2024-01-19 18:15:00,0.626687397115545,0.105154240580208,1,0
S5,2024-01-19 18:30:00,0.6899753677293959,0.10031109680884764,1,0
S5,2024-01-19 18:45:00,0.8238724123218519,0.13446239814648683,1,0
S5,2024-01-19 19:00:00,0.8122243937700901,0.12746813484238137,1,0
S5,2024-01-19 19:15:00,0.8071742785991134,0.16367748129800516,1,0
S5,2024-01-19 19:30:00,0.754358970090906,0.11716249760773007,1,0
S5,2024-01-19 19:45:00,0.8469131009482819,0.1320400071486244,1,0
S5,2024-01-19 20:00:00,0.810488979091212,0.12365805790271085,1,0
S5,2024-01-19 20:15:00,0.8611416607308211,0.17496687238075562,1,0
S5,2024-01-19 20:30:00,0.8121363664677298,0.12312216102954092,1,0
S5,2024-01-19 20:45:00,0.8288581995794879,0.19033390305820083,1,0
S5,2024-01-19 21:00:00,0.8189517717497444,0.1140446756057243,1,0
S5,2024-01-19 21:15:00,0.871346110243532,0.14838159942852028,1,0
S5,2024-01-19 21:30:00,0.7680432835249288,0.10044196647557989,1,0
S5,2024-01-19 21:45:00,0.772182886307787,0.1422176276436899,1,0
S5,2024-01-19 22:00:00,0.7374035875764577,0.0918780256035842,1,0
S5,2024-01-19 22:15:00,0.7074760572370142,0.06828544178302032,1,0
S5,2024-01-19 22:30:00,0.6554326699385783,0.05525816512766558,1,0
S5,2024-01-19 22:45:00,0.6124969703435412,0.042169425479733826,1,0
S5,2024-01-19 23:00:00,0.6920605320978241,0.11820906582160912,1,0
S5,2024-01-19 23:15:00,0.6618075071064885,0.10396599677980298,1,0
S5,2024-01-19 23:30:00,0.5930521675864856,0.08626113697714123,1,0
S5,2024-01-19 23:45:00,0.5251017244131996,0.07206622018493854,1,0
S5,2024-01-20 00:00:00,0.7565367374364418,0.08044829885614183,1,0
S5,2024-01-20 00:15:00,0.7039833687181178,0.10248463390746275,1,0
S5,2024-01-20 00:30:00,0.6363185792903406,0.07925619316850513,1,0
S5,2024-01-20 00:45:00,0.709880812314887,0.13447729045973567,1,0
S5,2024-01-20 01:00:00,0.5807768128626605,0.11828685656765849,1,0
S5,2024-01-20 01:15:00,0.4935549991065972,0.1869943833911988,0,0
S5,2024-01-20 01:30:00,0.30306917961999286,0.1869943833911988,0,0
S5,2024-01-20 01:45:00,0.06665023585431958,0.10415084208283892,0,0
S5,2024-01-20 02:00:00,0.0707942934681163,0.10966897886004781,0,0
S5,2024-01-20 02:15:00,0.15042003983542598,0.17389921258794822,0,0
S5,2024-01-20 02:30:00,0.15306654199531355,0.14238087630591786,0,0
S5,2024-01-20 02:45:00,0.1449536361178397,0.09068794754588902,0,0
S5,2024-01-20 03:00:00,0.05277959749001046,0.07494047065669168,0,0
S5,2024-01-20 03:15:00,0.048946681081015964,0.07514331422500806,0,0
S5,2024-01-20 03:30:00,0.21918093081094564,0.1927307049433737,0,0
S5,2024-01-20 03:45:00,0.1153961724668995,0.14127386661410554,0,0
S5,2024-01-20 04:00:00,0.05026765434354449,0.08151335723788711,0,0
S5,2024-01-20 04:15:00,0.10438636013029863,0.11234254357636594,0,0
S5,2024-01-20 04:30:00,0.08321994088415527,0.06772929025940379,0,0
S5,2024-01-20 04:45:00,0.07874226781711896,0.13300265523966712,0,0
S5,2024-01-20 05:00:00,0.044384092979482516,0.07670473862867261,0,0
S5,2024-01-20 05:15:00,0.06491679517912931,0.08216022387837088,0,0
S5,2024-01-20 05:30:00,0.059567961023468764,0.0815667850075005,0,0
S5,2024-01-20 05:45:00,0.15410811508223485,0.09362061980989538,0,0
S5,2024-01-20 06:00:00,0.0662876513253493,0.08629489934434433,0,0
S5,2024-01-20 06:15:00,0.1827562248914742,0.09661143288863216,0,0
S5,2024-01-20 06:30:00,0.1557934575178244,0.10226905973068924,0,0
S5,2024-01-20 06:45:00,0.18902128874155855,0.07315799028453218,0,0
S5,2024-01-20 07:00:00,0.15015797838581205,0.051267086866401045,0,0
S5,2024-01-20 07:15:00,0.29087133298767087,0.11509901815706015,0,0
S5,2024-01-20 07:30:00,0.2450456191941755,0.11509901815706015,0,0
S5,2024-01-20 07:45:00,0.3846338028688837,0.08024442164571621,0,0
S5,2024-01-20 08:00:00,0.2838219034719727,0.04398868402892082,0,0
S5,2024-01-20 08:15:00,0.2558277670360091,0.028866354568220568,0,0
S5,2024-01-20 08:30:00,0.3062577508359767,0.08167948623457669,0,0
S5,2024-01-20 08:45:00,0.21603727536868145,0.042337738596784656,0,0
S5,2024-01-20 09:00:00,0.2874377622425828,0.04241523035754519,0,0
S5,2024-01-20 09:15:00,0.2593285703784874,0.03466844093633652,0,0
S5,2024-01-20 09:30:00,0.4025084752190441,0.059779441335522834,0,0
S5,2024-01-20 09:45:00,0.37638955789098827,0.07371171019660026,0,0
S5,2024-01-20 10:00:00,0.34024228962265834,0.05550360580377029,0,0
S5,2024-01-20 10:15:00,0.3625169663428721,0.0985553490500854,0,0
S5,2024-01-20 10:30:00,0.41593522843750497,0.04908020473002989,0,0
S5,2024-01-20 10:45:00,0.409940128620014,0.08097405590941523,0,0
S5,2024-01-20 11:00:00,0.29261110986446104,0.031730737467775126,0,0
S5,2024-01-20 11:15:00,0.26607633952325566,0.05056397209144526,0,0
S5,2024-01-20 11:30:00,0.25230608769445917,0.09114926680019933,0,0
S5,2024-01-20 11:45:00,0.23055322202332076,0.0606841633869369,0,0
S5,2024-01-20 12:00:00,0.14930435922982388,0.04240947899077491,0,0
S5,2024-01-20 12:15:00,0.16802268959863415,0.07843122987484184,0,0
S5,2024-01-20 12:30:00,0.18932312882913344,0.12404132681047149,0,0
S5,2024-01-20 12:45:00,0.1609311990144977,0.05853684997780585,0,0
S5,2024-01-20 13:00:00,0.20637798926273898,0.09551970055778716,0,0
S5,2024-01-20 13:15:00,0.17987514110482028,0.10580694151519379,0,0
S5,2024-01-20 13:30:00,0.12179841050588665,0.08812352232995538,0,0
S5,2024-01-20 13:45:00,0.16015715547191278,0.12387591488016374,0,0
S5,2024-01-20 14:00:00,0.19088782997739578,0.14648733625559335,0,0
S5,2024-01-20 14:15:00,0.07969575743561144,0.07925407960728581,0,0
S5,2024-01-20 14:30:00,0.11494256286586409,0.11245907794031425,0,0
S5,2024-01-20 14:45:00,0.127468557097706,0.06909691036606379,0,0
S5,2024-01-20 15:00:00,0.14783729474027096,0.12893242857980688,0,0
S5,2024-01-20 15:15:00,0.1035516397877848,0.11703222337192187,0,0
S5,2024-01-20 15:30:00,0.14992440231767315,0.08901397253918365,0,0
S5,2024-01-20 15:45:00,0.11772022798617052,0.06752743438160584,0,0
S5,2024-01-20 16:00:00,0.06433938842407833,0.06752743438160584,0,0
S5,2024-01-20 16:15:00,0.1496217363596679,0.11792612241144386,0,0
S5,2024-01-20 16:30:00,0.12680720442951346,0.13289022479596183,0,0
S5,2024-01-20 16:45:00,0.1654606693544102,0.12906187852356113,0,0
S5,2024-01-20 17:00:00,0.17437058940609,0.05739743635486906,0,0
S5,2024-01-20 17:15:00,0.2087020713010605,0.05813437915951698,0,0
S5,2024-01-20 17:30:00,0.1973119914541511,0.1012701097430293,0,0
S5,2024-01-20 17:45:00,0.35819580005007917,0.10554991748073463,0,0
S5,2024-01-20 18:00:00,0.32520253027682505,0.0861288767721315,0,0
S5,2024-01-20 18:15:00,0.3201585353989861,0.059875529422179954,0,0
S5,2024-01-20 18:30:00,0.2775042490305933,0.05362583819603869,0,0
S5,2024-01-20 18:45:00,0.34094761136686663,0.12565145487229953,0,0
S5,2024-01-20 19:00:00,0.4101587862676072,0.1406213331143507,0,0
S5,2024-01-20 19:15:00,0.37294699495699973,0.06734413463850843,0,0
S5,2024-01-20 19:30:00,0.4946036258342524,0.08843900069632883,0,0
S5,2024-01-20 19:45:00,0.44880166337340915,0.12443827681088883,0,0
S5,2024-01-20 20:00:00,0.42193902324876653,0.08121025262124074,0,0
S5,2024-01-20 20:15:00,0.4891344694022075,0.1647344476901774,0,0
S5,2024-01-20 20:30:00,0.44098843938108356,0.07595469649245415,0,0
S5,2024-01-20 20:45:00,0.4691088980752958,0.1522371090410662,0,0
S5,2024-01-20 21:00:00,0.4298634399755777,0.0834606441882147,0,0
S5,2024-01-20 21:15:00,0.45132934322539775,0.148895491792531,0,0
S5,2024-01-20 21:30:00,0.41722492865315913,0.09182037470220862,0,0
S5,2024-01-20 21:45:00,0.42425574300393765,0.0633566501900583,0,0
S5,2024-01-20 22:00:00,0.3920313346767228,0.1825119218078613,0,0
S5,2024-01-20 22:15:00,0.333299032089955,0.08109994371057788,0,0
S5,2024-01-20 22:30:00,0.3630823832247034,0.08272287824993087,0,0
S5,2024-01-20 22:45:00,0.3674726788504883,0.061093998481360774,0,0
S5,2024-01-20 23:00:00,0.3020866535223876,0.06592373697409999,0,0
S5,2024-01-20 23:15:00,0.2901737197633573,0.04901679376544711,0,0
S5,2024-01-20 23:30:00,0.2714589891980468,0.08309436904240868,0,0
S5,2024-01-20 23:45:00,0.27214458000705133,0.08393468596898905,0,0
S5,2024-01-21 00:00:00,0.3604357457021995,0.08640015894035342,0,0
S5,2024-01-21 00:15:00,0.34531075792473664,0.14034236484723248,0,0
S5,2024-01-21 00:30:00,0.46050121013090156,0.18287699710484484,0,0
S5,2024-01-21 00:45:00,0.2813604254667176,0.1365407244420628,0,0
S5,2024-01-21 01:00:00,0.3022032829719669,0.12143999331827302,0,0
S5,2024-01-21 01:15:00,0.24690440976654157,0.10659927657847668,0,0
S5,2024-01-21 01:30:00,0.282421472877285,0.12198826207736937,0,0
S5,2024-01-21 01:45:00,0.2626637094308683,0.18752173461987381,0,0
S5,2024-01-21 02:00:00,0.1498763318431371,0.08038710262898963,0,0
S5,2024-01-21 02:15:00,0.08443970361726864,0.18437977888335585,0,0
S5,2024-01-21 02:30:00,0.09209351805899885,0.11603559970941554,0,0
S5,2024-01-21 02:45:00,0.07869820757811018,0.10583518254708185,0,0
S5,2024-01-21 03:00:00,0.15420132340959722,0.11158859644021715,0,0
S5,2024-01-21 03:15:00,0.20729281032557942,0.11791999626003964,0,0
S5,2024-01-21 03:30:00,0.10668045589770583,0.1171930247174935,0,0
S5,2024-01-21 03:45:00,0.1435661070949151,0.07613532380609725,0,0
S5,2024-01-21 04:00:00,0.12500138648354955,0.08563457495307387,0,0
S5,2024-01-21 04:15:00,0.0936560389967372,0.08674369496347126,0,0
S5,2024-01-21 04:30:00,0.14409774214722518,0.0988178266059267,0,0
S5,2024-01-21 04:45:00,0.07884339929635548,0.11815900445882624,0,0
S5,2024-01-21 05:00:00,0.098084244588674,0.09708510062278237,0,0
S5,2024-01-21 05:15:00,0.058244185227063046,0.05708914816730636,0,0
S5,2024-01-21 05:30:00,0.1442900770691868,0.11913296331580313,0,0
S5,2024-01-21 05:45:00,0.11728251007108231,0.12286699053391667,0,0
S5,2024-01-21 06:00:00,0.13407190772249591,0.09411899809871722,0,0
S5,2024-01-21 06:15:00,0.19078042949402824,0.09963241151119535,0,0
S5,2024-01-21 06:30:00,0.13638015965096706,0.05953633952545146,0,0
S5,2024-01-21 06:45:00,0.265315593365788,0.07916641308718768,0,0
S5,2024-01-21 07:00:00,0.2266890452920736,0.0503089224294188,0,0
S5,2024-01-21 07:15:00,0.19864502721510058,0.03129247236141961,0,0
S5,2024-01-21 07:30:00,0.2185159548496105,0.08230298412280009,0,0
S5,2024-01-21 07:45:00,0.22475325651819156,0.0738175770150036,0,0
S5,2024-01-21 08:00:00,0.20899232254963204,0.03901899770045129,0,0
S5,2024-01-21 08:15:00,0.32215806719336243,0.10528387122643182,0,0
S5,2024-01-21 08:30:00,0.2759528762191833,0.06036583904744304,0,0
S5,2024-01-21 08:45:00,0.29064076216505036,0.05341698865775082,0,0
S5,2024-01-21 09:00:00,0.36480481032846207,0.09561811529808968,0,0
S5,2024-01-21 09:15:00,0.34528477865605894,0.08650611873068163,0,0
S5,2024-01-21 09:30:00,0.3502485438346113,0.12241470758780115,0,0
S5,2024-01-21 09:45:00,0.380427486354276,0.10276589538634469,0,0
S5,2024-01-21 10:00:00,0.40179686032648376,0.08769115937250878,0,0
S5,2024-01-21 10:15:00,0.259760003949656,0.020458801462055254,0,0
S5,2024-01-21 10:30:00,0.30692351368992105,0.04964171792142391,0,0
S5,2024-01-21 10:45:00,0.32383273707936644,0.10775337365750595,0,0
S5,2024-01-21 11:00:00,0.2515314232115374,0.07023719640610411,0,0
S5,2024-01-21 11:15:00,0.2763646047274738,0.048085370315856246,0,0
S5,2024-01-21 11:30:00,0.20596005105674708,0.04973171112763653,0,0
S5,2024-01-21 11:45:00,0.26740893509858443,0.1122562337375121,0,0
S5,2024-01-21 12:00:00,0.225506426957766,0.046105460343687996,0,0
S5,2024-01-21 12:15:00,0.1918398011081124,0.06924254095481705,0,0
S5,2024-01-21 12:30:00,0.26803807782959754,0.13401880603494679,0,0
S5,2024-01-21 12:45:00,0.10812624234038687,0.07701524191474834,0,0
S5,2024-01-21 13:00:00,0.152931235707486,0.10527348792379441,0,0
S5,2024-01-21 13:15:00,0.14469600281397127,0.10257511264940462,0,0
S5,2024-01-21 13:30:00,0.07176697901788015,0.053957185779087466,0,0
S5,2024-01-21 13:45:00,0.07245130699393271,0.07032634613247864,0,0
S5,2024-01-21 14:00:00,0.08496079736282043,0.15625464998506478,0,0
S5,2024-01-21 14:15:00,0.13285347127049613,0.14013744216791732,0,0
S5,2024-01-21 14:30:00,0.058070167418845235,0.11477612568602183,0,0
S5,2024-01-21 14:45:00,0.04437765608840471,0.1020114643401026,0,0
S5,2024-01-21 15:00:00,0.06856930653218125,0.12474086008205379,0,0
S5,2024-01-21 15:15:00,0.051680553092118296,0.10724972430148401,0,0
S5,2024-01-21 15:30:00,0.11600674734137115,0.059825214627498964,0,0
S5,2024-01-21 15:45:00,0.16681283670770525,0.06107038031686697,0,0
S5,2024-01-21 16:00:00,0.07801659213091132,0.0847414788701987,0,0
S5,2024-01-21 16:15:00,0.2396958080015844,0.08340447269554822,0,0
S5,2024-01-21 16:30:00,0.2660718326976953,0.05708858086930138,0,0
S5,2024-01-21 16:45:00,0.14510896835675263,0.09977879224391271,0,0
S5,2024-01-21 17:00:00,0.25920975002900193,0.12577024976320303,0,0
S5,2024-01-21 17:15:00,0.13983138364995926,0.03592120240686673,0,0
S5,2024-01-21 17:30:00,0.2279815851073905,0.05662117409243476,0,0
S5,2024-01-21 17:45:00,0.2837856009068,0.10440715208732729,0,0
S5,2024-01-21 18:00:00,0.2707843374237167,0.07856435012182363,0,0
S5,2024-01-21 18:15:00,0.22789471830700203,0.06819449722962974,0,0
S5,2024-01-21 18:30:00,0.24063299882848205,0.09671499405006898,0,0
S5,2024-01-21 18:45:00,0.2790863519364103,0.051488234776564556,0,0
S5,2024-01-21 19:00:00,0.2637615408320771,0.05246278311399315,0,0
S5,2024-01-21 19:15:00,0.32685504861072645,0.052448684622416135,0,0
S5,2024-01-21 19:30:00,0.3352959388533502,0.05887092291915684,0,0
S5,2024-01-21 19:45:00,0.4475478474135203,0.07982823957449149,0,0
S5,2024-01-21 20:00:00,0.5503639002584204,0.14651014455232284,1,0
S5,2024-01-21 20:15:00,0.44459981159184037,0.07924370153757752,0,0
S5,2024-01-21 20:30:00,0.4568766424711076,0.1041220286499269,0,0
S5,2024-01-21 20:45:00,0.44882031918895743,0.11580900484164144,0,0
S5,2024-01-21 21:00:00,0.487858337472038,0.08703319425426544,0,0
S5,2024-01-21 21:15:00,0.426676722092199,0.06262721091389892,0,0
S5,2024-01-21 21:30:00,0.4056772117035924,0.036352770882984484,0,0
S5,2024-01-21 21:45:00,0.35813515643046595,0.0778662927998109,0,0
S5,2024-01-21 22:00:00,0.32519092253544657,0.04181257211849259,0,0
S5,2024-01-21 22:15:00,0.40593790661172074,0.12024104864854669,0,0
S5,2024-01-21 22:30:00,0.3251919392409509,0.04958262345027903,0,0
S5,2024-01-21 22:45:00,0.3671719137039395,0.08846183636309304,0,0
S5,2024-01-21 23:00:00,0.3633362505810253,0.10183073071099824,0,0
S5,2024-01-21 23:15:00,0.2914048765537845,0.08716315384005466,0,0
S5,2024-01-21 23:30:00,0.27340615877083474,0.06158586527888948,0,0
S5,2024-01-21 23:45:00,0.2821895972083149,0.09238623707099371,0,0
S6,2024-01-11 00:00:00,0.7386046080843863,0.0816270714241533,1,0
S6,2024-01-11 00:15:00,0.3396358999990269,0.0783026540393864,0,0
S6,2024-01-11 00:30:00,0.2640525530120079,0.1038187469131098,0,0
S6,2024-01-11 00:45:00,0.17018148482632547,0.058446631085799144,0,0
S6,2024-01-11 01:00:00,0.17293364785486764,0.10151662238659237,0,0
S6,2024-01-11 01:15:00,0.1805306985483357,0.06850555044231235,0,0
S6,2024-01-11 01:30:00,0.1524954536845541,0.06272394570525039,0,0
S6,2024-01-11 01:45:00,0.10914605670651738,0.052780677255698884,0,0
S6,2024-01-11 02:00:00,0.12268135939882768,0.059426625977948615,0,0
S6,2024-01-11 02:15:00,0.2631591997820123,0.1061820721690747,0,0
S6,2024-01-11 02:30:00,0.045304891549752445,0.08103490087976987,0,0
S6,2024-01-11 02:45:00,0.12612798019148044,0.04480523414242744,0,0
S6,2024-01-11 03:00:00,0.09015736771379879,0.07143939634996523,0,0
S6,2024-01-11 03:15:00,0.07653504032380942,0.06422207017079225,0,0
S6,2024-01-11 03:30:00,0.0613209925101882,0.07237137215441046,0,0
S6,2024-01-11 03:45:00,0.05021755546841649,0.06702260352955844,0,0
S6,2024-01-11 04:00:00,0.03693524781541388,0.05204551517138269,0,0
S6,2024-01-11 04:15:00,0.1025989498265578,0.05781407410683674,0,0
S6,2024-01-11 04:30:00,0.05961970304820798,0.043324284769517774,0,0
S6,2024-01-11 04:45:00,0.048972152588419,0.06695721959429385,0,0
S6,2024-01-11 05:00:00,0.11467500700454418,0.08749704284708529,0,0
S6,2024-01-11 05:15:00,0.07883957687002786,0.032511693840324284,0,0
S6,2024-01-11 05:30:00,0.09930381264408279,0.03254377756943021,0,0
S6,2024-01-11 05:45:00,0.1775405204066856,0.08003673476541302,0,0
S6,2024-01-11 06:00:00,0.13743309558826505,0.05171527023028158,0,0
S6,2024-01-11 06:15:00,0.18047997338044308,0.0614886306490723,0,0
S6,2024-01-11 06:30:00,0.13030819110702016,0.07187526613335918,0,0
S6,2024-01-11 06:45:00,0.1801749342227768,0.036223499937095165,0,0
S6,2024-01-11 07:00:00,0.27244327779038313,0.13502439823031662,0,0
S6,2024-01-11 07:15:00,0.28320339172470144,0.07952796716612161,0,0
S6,2024-01-11 07:30:00,0.32210970698745933,0.07952796716612161,0,0
S6,2024-01-11 07:45:00,0.27727763492442686,0.05703123172227112,0,0
S6,2024-01-11 08:00:00,0.31041494034661293,0.06943630421073481,0,0
S6,2024-01-11 08:15:00,0.3455237036809382,0.07619590631787415,0,0
S6,2024-01-11 08:30:00,0.34442815854669295,0.06802847428589064,0,0
S6,2024-01-11 08:45:00,0.3069887085976879,0.05771258437039966,0,0
S6,2024-01-11 09:00:00,0.3434966495027857,0.07791098621964584,0,0
S6,2024-01-11 09:15:00,0.3497614121822164,0.0590045128910795,0,0
S6,2024-01-11 09:30:00,0.39951183736184825,0.06034845144435353,0,0
S6,2024-01-11 09:45:00,0.36095998561843834,0.08212084944888699,0,0
S6,2024-01-11 10:00:00,0.37112806621367245,0.06316488015683318,0,0
S6,2024-01-11 10:15:00,0.32708090489581393,0.06532093708614503,0,0
S6,2024-01-11 10:30:00,0.30518659056917324,0.052925609168130765,0,0
S6,2024-01-11 10:45:00,0.28658498557292733,0.03889732919149466,0,0
S6,2024-01-11 11:00:00,0.2560134844380202,0.046601973526245045,0,0
S6,2024-01-11 11:15:00,0.23845605229201813,0.046083790185331486,0,0
S6,2024-01-11 11:30:00,0.24199554393444647,0.04685433735490139,0,0
S6,2024-01-11 11:45:00,0.2392009548714145,0.06173571412002135,0,0
S6,2024-01-11 12:00:00,0.21726642051568737,0.032459836316598614,0,0
S6,2024-01-11 12:15:00,0.21880320047969726,0.07446351963153752,0,0
S6,2024-01-11 12:30:00,0.1763460474260707,0.04825832719935825,0,0
S6,2024-01-11 12:45:00,0.14992915475832563,0.040045502411665275,0,0
S6,2024-01-11 13:00:00,0.2138164532738242,0.08470161578505186,0,0
S6,2024-01-11 13:15:00,0.15179746759836954,0.062329641139555685,0,0
S6,2024-01-11 13:30:00,0.13792279672222613,0.055891424418259596,0,0
S6,2024-01-11 13:45:00,0.15262142733961323,0.06680005764034068,0,0
S6,2024-01-11 14:00:00,0.10803469262984436,0.06301646865598338,0,0
S6,2024-01-11 14:15:00,0.0883170103133953,0.06301646865598338,0,0
S6,2024-01-11 14:30:00,0.05967986214550232,0.0546808289827272,0,0
S6,2024-01-11 14:45:00,0.1074939975260405,0.0647593669518847,0,0
S6,2024-01-11 15:00:00,0.10042187465230844,0.09935241548581031,0,0
S6,2024-01-11 15:15:00,0.07719396407070485,0.09196382266533837,0,0
S6,2024-01-11 15:30:00,0.16476294017455298,0.048956771460050126,0,0
S6,2024-01-11 15:45:00,0.12803320696073384,0.055632644669932355,0,0
S6,2024-01-11 16:00:00,0.10387132938907402,0.04463245968151582,0,0
S6,2024-01-11 16:15:00,0.12840070975880974,0.04740117417464755,0,0
S6,2024-01-11 16:30:00,0.07609228161814771,0.03654552034231884,0,0
S6,2024-01-11 16:45:00,0.2252940641341089,0.05593031789499361,0,0
S6,2024-01-11 17:00:00,0.14584664389103041,0.05932443849974993,0,0
S6,2024-01-11 17:15:00,0.21692247209370624,0.0985920526922062,0,0
S6,2024-01-11 17:30:00,0.23214807994901335,0.07009568168434283,0,0
S6,2024-01-11 17:45:00,0.3401997373240049,0.0714740236178003,0,0
S6,2024-01-11 18:00:00,0.3882610684392864,0.07216315716746527,0,0
S6,2024-01-11 18:15:00,0.28392375555849453,0.06306656825251324,0,0
S6,2024-01-11 18:30:00,0.4112728623973771,0.08492601626337594,0,0
S6,2024-01-11 18:45:00,0.3665228044965832,0.06955750774026283,0,0
S6,2024-01-11 19:00:00,0.39160063955923874,0.0885480766208715,0,0
S6,2024-01-11 19:15:00,0.37473969787598876,0.11609069581734832,0,0
S6,2024-01-11 19:30:00,0.4017182167682256,0.1096216421028678,0,0
S6,2024-01-11 19:45:00,0.41406518046427615,0.10628910708177268,0,0
S6,2024-01-11 20:00:00,0.46169908719944325,0.0973799914791155,0,0
S6,2024-01-11 20:15:00,0.5180501333166531,0.10048725758320516,1,0
S6,2024-01-11 20:30:00,0.5307275798732003,0.11153271567920904,1,0
S6,2024-01-11 20:45:00,0.5001268360760224,0.12954438384617925,1,0
S6,2024-01-11 21:00:00,0.48816947899888063,0.10173702692260102,0,0
S6,2024-01-11 21:15:00,0.47703301762465367,0.09577049872494234,0,0
S6,2024-01-11 21:30:00,0.4950949477033566,0.08749023263511187,0,0
S6,2024-01-11 21:45:00,0.47832211765974086,0.07133183863924228,0,0
S6,2024-01-11 22:00:00,0.4164228984403105,0.07310028820413506,0,0
S6,2024-01-11 22:15:00,0.4137016076494075,0.09005794278923673,0,0
S6,2024-01-11 22:30:00,0.41431936663200675,0.08218060516361059,0,0
S6,2024-01-11 22:45:00,0.29654934147644907,0.03973796899766645,0,0
S6,2024-01-11 23:00:00,0.3839921590820657,0.10974876232798725,0,0
S6,2024-01-11 23:15:00,0.3798149510273566,0.12444137375738554,0,0
S6,2024-01-11 23:30:00,0.33820707110179854,0.05188529060153574,0,0
S6,2024-01-11 23:45:00,0.382513934431286,0.07510390108360016,0,0
S6,2024-01-12 00:00:00,0.6069804551560823,0.09965347373530117,1,0
S6,2024-01-12 00:15:00,0.4868676505852206,0.06627648206921645,0,0
S6,2024-01-12 00:30:00,0.4808213771304129,0.08145278006014708,0,0
S6,2024-01-12 00:45:00,0.43795085181643223,0.11806178746953029,0,0
S6,2024-01-12 01:00:00,0.2929116573843981,0.04604428747531115,0,0
S6,2024-01-12 01:15:00,0.22192747442062927,0.059960825014895754,0,0
S6,2024-01-12 01:30:00,0.14167722591381418,0.09892924160210075,0,0
S6,2024-01-12 01:45:00,0.061896328179165,0.06104138275912334,0,0
S6,2024-01-12 02:00:00,0.09437081388002681,0.0781659634493616,0,0
S6,2024-01-12 02:15:00,0.11377381484945728,0.05942979826238086,0,0
S6,2024-01-12 02:30:00,0.15659689469816968,0.06397965811253857,0,0
S6,2024-01-12 02:45:00,0.12268855833946027,0.08175067895115123,0,0
S6,2024-01-12 03:00:00,0.11133056085780689,0.0689462570497007,0,0
S6,2024-01-12 03:15:00,0.056042665643813376,0.045824736497157424,0,0
S6,2024-01-12 03:30:00,0.055242623572098026,0.057519570224445205,0,0
S6,2024-01-12 03:45:00,0.02883965915807101,0.05822984052268357,0,0
S6,2024-01-12 04:00:00,0.042676734378608305,0.041355149586894645,0,0
S6,2024-01-12 04:15:00,0.06895105670843606,0.08572239501175884,0,0
S6,2024-01-12 04:30:00,0.0986711864377416,0.048658468840227294,0,0
S6,2024-01-12 04:45:00,0.04873415278438643,0.038301594765224316,0,0
S6,2024-01-12 05:00:00,0.08894080812332104,0.044282498589022286,0,0
S6,2024-01-12 05:15:00,0.08910749426738572,0.05861121448011405,0,0
S6,2024-01-12 05:30:00,0.06112589689567133,0.03305123678000253,0,0
S6,2024-01-12 05:45:00,0.1530696604344431,0.034933071018820296,0,0
S6,2024-01-12 06:00:00,0.3170712714158481,0.08334163563080248,0,0
S6,2024-01-12 06:15:00,0.20526624236619412,0.11171274190061334,0,0
S6,2024-01-12 06:30:00,0.1857932548564668,0.10123858898253095,0,0
S6,2024-01-12 06:45:00,0.16780819301919728,0.04230462913831322,0,0
S6,2024-01-12 07:00:00,0.25323826943811767,0.056019314790918234,0,0
S6,2024-01-12 07:15:00,0.29090628917723577,0.08672616061359933,0,0
S6,2024-01-12 07:30:00,0.25847197766951996,0.07523905348133486,0,0
S6,2024-01-12 07:45:00,0.30168250158220183,0.07405785130292573,0,0
S6,2024-01-12 08:00:00,0.26698307356244527,0.05189891972460315,0,0
S6,2024-01-12 08:15:00,0.2655168633512799,0.0711090234986798,0,0
S6,2024-01-12 08:30:00,0.25257844642090654,0.0629349851873239,0,0
S6,2024-01-12 08:45:00,0.36113938727169403,0.09741591840840264,0,0
S6,2024-01-12 09:00:00,0.3203237628325798,0.05953598599487178,0,0
S6,2024-01-12 09:15:00,0.40658517012643736,0.07857056574180851,0,0
S6,2024-01-12 09:30:00,0.34822560338899433,0.06580128877059824,0,0
S6,2024-01-12 09:45:00,0.36940148819954577,0.06591307338654916,0,0
S6,2024-01-12 10:00:00,0.45505830974065903,0.12517392886009931,0,0
S6,2024-01-12 10:15:00,0.319446527575107,0.04718219767118442,0,0
S6,2024-01-12 10:30:00,0.27571457674079636,0.0522263527693695,0,0
S6,2024-01-12 10:45:00,0.31661621742814006,0.08799427923190459,0,0
S6,2024-01-12 11:00:00,0.27641395868527313,0.04325392215933403,0,0
S6,2024-01-12 11:15:00,0.33294441865162644,0.054430292486047686,0,0
S6,2024-01-12 11:30:00,0.2749932315787998,0.04521435582844242,0,0
S6,2024-01-12 11:45:00,0.2436454548935652,0.057904563165157276,0,0
S6,2024-01-12 12:00:00,0.24799801919605152,0.055075291809692374,0,0
S6,2024-01-12 12:15:00,0.2564001799763969,0.05496261275090919,0,0
S6,2024-01-12 12:30:00,0.19638556323770184,0.04102261456047489,0,0
S6,2024-01-12 12:45:00,0.14112591296414445,0.025743558338836233,0,0
S6,2024-01-12 13:00:00,0.17192339034789936,0.05598109671050429,0,0
S6,2024-01-12 13:15:00,0.15091687246978625,0.033365970340982015,0,0
S6,2024-01-12 13:30:00,0.2014497345435389,0.08942767356175797,0,0
S6,2024-01-12 13:45:00,0.17973217283318607,0.060683032133533946,0,0
S6,2024-01-12 14:00:00,0.11697792524178048,0.04615927775017669,0,0
S6,2024-01-12 14:15:00,0.17095118657300543,0.060081872127939646,0,0
S6,2024-01-12 14:30:00,0.12882079719625936,0.11489782499483082,0,0
S6,2024-01-12 14:45:00,0.0599833200507613,0.04863967346906675,0,0
S6,2024-01-12 15:00:00,0.09201419805514985,0.04974266407488788,0,0
S6,2024-01-12 15:15:00,0.18566540853360666,0.08912551134572388,0,0
S6,2024-01-12 15:30:00,0.1410893112422344,0.08061776532130518,0,0
S6,2024-01-12 15:45:00,0.12302947514048114,0.061080261972609844,0,0
S6,2024-01-12 16:00:00,0.11748472662921178,0.03989680380415788,0,0
S6,2024-01-12 16:15:00,0.11917636225778729,0.020015088654579325,0,0
S6,2024-01-12 16:30:00,0.18617035208858015,0.027252813675420668,0,0
S6,2024-01-12 16:45:00,0.21610177061866173,0.07202500457032997,0,0
S6,2024-01-12 17:00:00,0.2666584953354254,0.057948492961041376,0,0
S6,2024-01-12 17:15:00,0.231369790818524,0.055392642441827525,0,0
S6,2024-01-12 17:30:00,0.2618855586129129,0.06596074267371048,0,0
S6,2024-01-12 17:45:00,0.29110672708161284,0.09349540385859754,0,0
S6,2024-01-12 18:00:00,0.28448069994948455,0.0781747890976296,0,0
S6,2024-01-12 18:15:00,0.34328580826253297,0.061264575214279283,0,0
S6,2024-01-12 18:30:00,0.41216564875742473,0.09706388111743729,0,0
S6,2024-01-12 18:45:00,0.3591668361483223,0.07991146946981552,0,0
S6,2024-01-12 19:00:00,0.42859715732849313,0.09523187136544338,0,0
S6,2024-01-12 19:15:00,0.398106156662608,0.11444473522754395,0,0
S6,2024-01-12 19:30:00,0.3975127181713359,0.08932750612285813,0,0
S6,2024-01-12 19:45:00,0.4654805970076813,0.105720465841413,0,0
S6,2024-01-12 20:00:00,0.4439999223943799,0.09135003275610476,0,0
S6,2024-01-12 20:15:00,0.46452510715335593,0.10135150441345722,0,0
S6,2024-01-12 20:30:00,0.4901155585766331,0.08487273919920893,0,0
S6,2024-01-12 20:45:00,0.49386883571074747,0.1082149916354746,0,0
S6,2024-01-12 21:00:00,0.45987228694697213,0.09098114249816845,0,0
S6,2024-01-12 21:15:00,0.5273141849387853,0.08707858464474169,1,0
S6,2024-01-12 21:30:00,0.45030678436186,0.07356618953532713,0,0
S6,2024-01-12 21:45:00,0.4463548910839102,0.08226425487774733,0,0
S6,2024-01-12 22:00:00,0.42864050171283447,0.0755644812022208,0,0
S6,2024-01-12 22:15:00,0.39015095780128567,0.07902937151976158,0,0
S6,2024-01-12 22:30:00,0.35371000065140523,0.06508417499953842,0,0
S6,2024-01-12 22:45:00,0.3712828088379587,0.06861601685177776,0,0
S6,2024-01-12 23:00:00,0.3495004840804137,0.04782730105572945,0,0
S6,2024-01-12 23:15:00,0.38096313330446324,0.05796336387259547,0,0
S6,2024-01-12 23:30:00,0.39644752276442796,0.07487104597155163,0,0
S6,2024-01-12 23:45:00,0.3291033706573576,0.0881270792601887,0,0
S6,2024-01-13 00:00:00,0.49149885781092023,0.05844283634691827,0,0
S6,2024-01-13 00:15:00,0.6014671042459901,0.13177725125263376,1,0
S6,2024-01-13 00:30:00,0.5107540253610486,0.07984813237939431,1,0
S6,2024-01-13 00:45:00,0.4414335191118972,0.06644352120133536,0,0
S6,2024-01-13 01:00:00,0.4393779773803667,0.0838383017800677,0,0
S6,2024-01-13 01:15:00,0.3539014212487966,0.10971588156176747,0,0
S6,2024-01-13 01:30:00,0.1686691432257157,0.06637953558819899,0,0
S6,2024-01-13 01:45:00,0.1615981391651376,0.19150646661014745,0,0
S6,2024-01-13 02:00:00,0.10950174281817111,0.08353238632319579,0,0
S6,2024-01-13 02:15:00,0.21054721055819156,0.08806204464849017,0,0
S6,2024-01-13 02:30:00,0.26723983711617044,0.07443406749921946,0,0
S6,2024-01-13 02:45:00,0.21068741948917097,0.09922095715890152,0,0
S6,2024-01-13 03:00:00,0.1296453332906975,0.06346024146430576,0,0
S6,2024-01-13 03:15:00,0.2427413345679187,0.07722644090728677,0,0
S6,2024-01-13 03:30:00,0.15786282018448097,0.06676002071079658,0,0
S6,2024-01-13 03:45:00,0.06508671326414793,0.06362541640250884,0,0
S6,2024-01-13 04:00:00,0.05967209978967728,0.05247107229634831,0,0
S6,2024-01-13 04:15:00,0.1471575937887738,0.07904463801044585,0,0
S6,2024-01-13 04:30:00,0.12492303314229575,0.12877850725357615,0,0
S6,2024-01-13 04:45:00,0.15480288258217706,0.11895699223499756,0,0
S6,2024-01-13 05:00:00,0.11724175378493125,0.07345423416114875,0,0
S6,2024-01-13 05:15:00,0.13467892106567056,0.07081332631702854,0,0
S6,2024-01-13 05:30:00,0.11631888082085796,0.07542775667684232,0,0
S6,2024-01-13 05:45:00,0.11626285585599107,0.05389265944649991,0,0
S6,2024-01-13 06:00:00,0.1251234434047096,0.09664152259798674,0,0
S6,2024-01-13 06:15:00,0.07929763280143258,0.04500133602285914,0,0
S6,2024-01-13 06:30:00,0.27294071072501735,0.08686889549412057,0,0
S6,2024-01-13 06:45:00,0.11104818531941166,0.05456498809911532,0,0
S6,2024-01-13 07:00:00,0.14016991134102513,0.05258189245262995,0,0
S6,2024-01-13 07:15:00,0.0904138318548236,0.05910449395204786,0,0
S6,2024-01-13 07:30:00,0.10105215356483607,0.02645937736248078,0,0
S6,2024-01-13 07:45:00,0.17850464097826235,0.037642701630991475,0,0
S6,2024-01-13 08:00:00,0.18542401764119432,0.0443738065437991,0,0
S6,2024-01-13 08:15:00,0.18478062938707016,0.07594518647462617,0,0
S6,2024-01-13 08:30:00,0.17427127834109254,0.0401783576517591,0,0
S6,2024-01-13 08:45:00,0.22545280509831048,0.0755072642075213,0,0
S6,2024-01-13 09:00:00,0.20500507668532333,0.05849753294097359,0,0
S6,2024-01-13 09:15:00,0.17344776168215478,0.06628605257158106,0,0
S6,2024-01-13 09:30:00,0.25484820831192384,0.09431889599156953,0,0
S6,2024-01-13 09:45:00,0.21954074904999119,0.075228010759425,0,0
S6,2024-01-13 10:00:00,0.18873004755104092,0.030172600034659575,0,0
S6,2024-01-13 10:15:00,0.22221715378093357,0.07410810972429217,0,0
S6,2024-01-13 10:30:00,0.18899684805031305,0.03497531896476214,0,0
S6,2024-01-13 10:45:00,0.13359835220704275,0.05847435926423036,0,0
S6,2024-01-13 11:00:00,0.27048375985380885,0.11163743350164426,0,0
S6,2024-01-13 11:15:00,0.2286839299546848,0.07560538631647364,0,0
S6,2024-01-13 11:30:00,0.18429571001867207,0.060344171197851244,0,0
S6,2024-01-13 11:45:00,0.2624199032482832,0.052032452330153856,0,0
S6,2024-01-13 12:00:00,0.22350679297121462,0.05966168769990072,0,0
S6,2024-01-13 12:15:00,0.2681941491817885,0.07329390207554436,0,0
S6,2024-01-13 12:30:00,0.16638263909831771,0.06139782904741408,0,0
S6,2024-01-13 12:45:00,0.26434297161178333,0.061917883326253906,0,0
S6,2024-01-13 13:00:00,0.20805629549857604,0.12610469750226055,0,0
S6,2024-01-13 13:15:00,0.1557566467660326,0.06005060902535576,0,0
S6,2024-01-13 13:30:00,0.07082673464336184,0.05350450110383861,0,0
S6,2024-01-13 13:45:00,0.13953138984235122,0.07471694433343044,0,0
S6,2024-01-13 14:00:00,0.09551504154061394,0.056216953585003275,0,0
S6,2024-01-13 14:15:00,0.08923689000167868,0.056216953585003275,0,0
S6,2024-01-13 14:30:00,0.07661396922128612,0.04633342421209329,0,0
S6,2024-01-13 14:45:00,0.107178600147434,0.0838224485829668,0,0
S6,2024-01-13 15:00:00,0.14228061417272403,0.06461376066745723,0,0
S6,2024-01-13 15:15:00,0.051892654648807796,0.05612354806371263,0,0
S6,2024-01-13 15:30:00,0.10325807115225624,0.08453100971063497,0,0
S6,2024-01-13 15:45:00,0.12250051266456664,0.0694592761857116,0,0
S6,2024-01-13 16:00:00,0.07838122141889318,0.06933324462341765,0,0
S6,2024-01-13 16:15:00,0.014956346476259359,0.039256600911121514,0,0
S6,2024-01-13 16:30:00,0.07237468152154734,0.08087313886582607,0,0
S6,2024-01-13 16:45:00,0.07681173521088436,0.05640821307819407,0,0
S6,2024-01-13 17:00:00,0.10823701536158924,0.05014686105294156,0,0
S6,2024-01-13 17:15:00,0.1320261593790303,0.09128686116107723,0,0
S6,2024-01-13 17:30:00,0.11591553071758891,0.044845597264782,0,0
S6,2024-01-13 17:45:00,0.22920222755046463,0.05024006769930757,0,0
S6,2024-01-13 18:00:00,0.18829590985683456,0.053194612752619934,0,0
S6,2024-01-13 18:15:00,0.2216814298158139,0.05941068630547849,0,0
S6,2024-01-13 18:30:00,0.20082794598448928,0.06176813111281519,0,0
S6,2024-01-13 18:45:00,0.15730620077479854,0.036579714481862376,0,0
S6,2024-01-13 19:00:00,0.25069912004122535,0.07346138273008197,0,0
S6,2024-01-13 19:15:00,0.20828459019254006,0.047170564632823805,0,0
S6,2024-01-13 19:30:00,0.1897644499274042,0.06150454255408227,0,0
S6,2024-01-13 19:45:00,0.18195072447736022,0.044752940459764134,0,0
S6,2024-01-13 20:00:00,0.2849690732070298,0.09395742839737105,0,0
S6,2024-01-13 20:15:00,0.24659440535428886,0.03497891091211,0,0
S6,2024-01-13 20:30:00,0.223673284091651,0.030226163297216762,0,0
S6,2024-01-13 20:45:00,0.2874760987907042,0.059125396314099084,0,0
S6,2024-01-13 21:00:00,0.29717929354613,0.0454743623644865,0,0
S6,2024-01-13 21:15:00,0.3156205831194132,0.07659087688258362,0,0
S6,2024-01-13 21:30:00,0.27711876881203873,0.049676424298761956,0,0
S6,2024-01-13 21:45:00,0.24588695355562684,0.054753409684577314,0,0
S6,2024-01-13 22:00:00,0.22667594508782066,0.05342607973513372,0,0
S6,2024-01-13 22:15:00,0.2521928699439767,0.06949297738457497,0,0
S6,2024-01-13 22:30:00,0.20852961540354661,0.09011428460923714,0,0
S6,2024-01-13 22:45:00,0.19765127543636227,0.04203323058629012,0,0
S6,2024-01-13 23:00:00,0.15842870830861017,0.04972696886206616,0,0
S6,2024-01-13 23:15:00,0.25585454503481686,0.08608174683750235,0,0
S6,2024-01-13 23:30:00,0.17203093664566613,0.08653924287584136,0,0
S6,2024-01-13 23:45:00,0.10165636099531546,0.05369232031000585,0,0
S6,2024-01-14 00:00:00,0.31635744099489543,0.0749515644766589,0,0
S6,2024-01-14 00:15:00,0.29347444355022695,0.08246387263872734,0,0
S6,2024-01-14 00:30:00,0.32178078247284186,0.12811429626187487,0,0
S6,2024-01-14 00:45:00,0.23566618024279118,0.06649598794971168,0,0
S6,2024-01-14 01:00:00,0.22359243735228537,0.06755516530496057,0,0
S6,2024-01-14 01:15:00,0.30923501235582046,0.12059002213442248,0,0
S6,2024-01-14 01:30:00,0.19458301155577964,0.07991355403045619,0,0
S6,2024-01-14 01:45:00,0.21090370250991683,0.110478071825099,0,0
S6,2024-01-14 02:00:00,0.19619110926864225,0.11328024054410359,0,0
S6,2024-01-14 02:15:00,0.11970325955861534,0.08260830278019482,0,0
S6,2024-01-14 02:30:00,0.10680383368161739,0.0642702446650914,0,0
S6,2024-01-14 02:45:00,0.13111072630546333,0.08898011126656928,0,0
S6,2024-01-14 03:00:00,0.16114038230414204,0.07247224318949047,0,0
S6,2024-01-14 03:15:00,0.1419644041243011,0.07728167620547308,0,0
S6,2024-01-14 03:30:00,0.10951750797451883,0.057030696719238015,0,0
S6,2024-01-14 03:45:00,0.1741955418620989,0.12012252400110432,0,0
S6,2024-01-14 04:00:00,0.11302282033594599,0.062029867395141505,0,0
S6,2024-01-14 04:15:00,0.13759814853411448,0.06957701362003695,0,0
S6,2024-01-14 04:30:00,0.14318298994702208,0.06850468914545499,0,0
S6,2024-01-14 04:45:00,0.17332254890771578,0.12531012353083473,0,0
S6,2024-01-14 05:00:00,0.055352011474019386,0.0445588149711538,0,0
S6,2024-01-14 05:15:00,0.12355467558530368,0.07694394071043241,0,0
S6,2024-01-14 05:30:00,0.11742631717382232,0.05125388624112092,0,0
S6,2024-01-14 05:45:00,0.061301052746894104,0.04411690586170499,0,0
S6,2024-01-14 06:00:00,0.10380780869100358,0.0474191974482174,0,0
S6,2024-01-14 06:15:00,0.08927469908799972,0.0707517472993744,0,0
S6,2024-01-14 06:30:00,0.04653038934891085,0.03690316875585695,0,0
S6,2024-01-14 06:45:00,0.11421066169514177,0.07258446298552708,0,0
S6,2024-01-14 07:00:00,0.09468678007695908,0.06082967335842111,0,0
S6,2024-01-14 07:15:00,0.11150977261152303,0.04216088802332334,0,0
S6,2024-01-14 07:30:00,0.16506570301858384,0.04180698041190442,0,0
S6,2024-01-14 07:45:00,0.12291258959449321,0.04587991716464377,0,0
S6,2024-01-14 08:00:00,0.285011030599538,0.10608204831258343,0,0
S6,2024-01-14 08:15:00,0.1891659301826069,0.10608204831258343,0,0
S6,2024-01-14 08:30:00,0.21175176515651503,0.07998563271294237,0,0
S6,2024-01-14 08:45:00,0.2218384208912324,0.04584572317557158,0,0
S6,2024-01-14 09:00:00,0.19037265175897497,0.061899900088381504,0,0
S6,2024-01-14 09:15:00,0.1354466781829065,0.05053316776842218,0,0
S6,2024-01-14 09:30:00,0.1829069383602393,0.04416146616240283,0,0
S6,2024-01-14 09:45:00,0.18562128640484762,0.05479771101226142,0,0
S6,2024-01-14 10:00:00,0.1571575868121785,0.02707379666315811,0,0
S6,2024-01-14 10:15:00,0.2110906664502891,0.05820721360412329,0,0
S6,2024-01-14 10:30:00,0.18702447569302355,0.04622220403166175,0,0
S6,2024-01-14 10:45:00,0.20683071551778792,0.039355848282146874,0,0
S6,2024-01-14 11:00:00,0.1860208301287867,0.040288171757406704,0,0
S6,2024-01-14 11:15:00,0.19145459388043395,0.041381647212534574,0,0
S6,2024-01-14 11:30:00,0.24596886295054868,0.07039833936496079,0,0
S6,2024-01-14 11:45:00,0.17038120479028174,0.03774098104794786,0,0
S6,2024-01-14 12:00:00,0.15020443704736128,0.05206970717124596,0,0
S6,2024-01-14 12:15:00,0.1332685538543506,0.05520312114989825,0,0
S6,2024-01-14 12:30:00,0.13599345057234438,0.039267145136747984,0,0
S6,2024-01-14 12:45:00,0.11128434528976096,0.06267893253154178,0,0
S6,2024-01-14 13:00:00,0.15149566347052912,0.12700104132696016,0,0
S6,2024-01-14 13:15:00,0.09004925850829223,0.05927912036010352,0,0
S6,2024-01-14 13:30:00,0.17118434964340568,0.06913944501410581,0,0
S6,2024-01-14 13:45:00,0.15536922282372262,0.07599620696368338,0,0
S6,2024-01-14 14:00:00,0.15679373135927133,0.09143026769797294,0,0
S6,2024-01-14 14:15:00,0.14035615753870273,0.07465557104158548,0,0
S6,2024-01-14 14:30:00,0.1330166144169679,0.10734439992209689,0,0
S6,2024-01-14 14:45:00,0.1276078982609313,0.10734439992209689,0,0
S6,2024-01-14 15:00:00,0.0909736146067942,0.06957286736165263,0,0
S6,2024-01-14 15:15:00,0.08200951911340647,0.04939519788244753,0,0
S6,2024-01-14 15:30:00,0.1284723610470647,0.06627011163326942,0,0
S6,2024-01-14 15:45:00,0.21042515965300265,0.11397738098127427,0,0
S6,2024-01-14 16:00:00,0.1325931762542035,0.09461995723889206,0,0
S6,2024-01-14 16:15:00,0.2215794485657822,0.09034211627489469,0,0
S6,2024-01-14 16:30:00,0.15492979486942773,0.080077309472051,0,0
S6,2024-01-14 16:45:00,0.21659021845721943,0.08915931869963165,0,0
S6,2024-01-14 17:00:00,0.17120871298287885,0.053976722233541614,0,0
S6,2024-01-14 17:15:00,0.2422645400815914,0.034549414389651374,0,0
S6,2024-01-14 17:30:00,0.22143798293165876,0.08551533100070535,0,0
S6,2024-01-14 17:45:00,0.2368986432862635,0.065414184954912,0,0
S6,2024-01-14 18:00:00,0.17411937828846988,0.02574282322080011,0,0
S6,2024-01-14 18:15:00,0.19199046764414765,0.09664755134254105,0,0
S6,2024-01-14 18:30:00,0.30787162427529013,0.08757385054645746,0,0
S6,2024-01-14 18:45:00,0.2542372149638881,0.06387668837557281,0,0
S6,2024-01-14 19:00:00,0.22725749741705234,0.049545453171624246,0,0
S6,2024-01-14 19:15:00,0.28325214742390675,0.08831872102576813,0,0
S6,2024-01-14 19:30:00,0.2505653133274376,0.05984872925811182,0,0
S6,2024-01-14 19:45:00,0.21255396000337626,0.0406961165366216,0,0
S6,2024-01-14 20:00:00,0.29537367939815606,0.05915673529583203,0,0
S6,2024-01-14 20:15:00,0.30696996005110233,0.06734547497201844,0,0
S6,2024-01-14 20:30:00,0.3031083500120135,0.06667268353898712,0,0
S6,2024-01-14 20:45:00,0.3378342404089518,0.08099033359529376,0,0
S6,2024-01-14 21:00:00,0.3356781633732186,0.08999325494316322,0,0
S6,2024-01-14 21:15:00,0.42337030489448535,0.09417542296841525,0,0
S6,2024-01-14 21:30:00,0.30246707032872083,0.06180088618667927,0,0
S6,2024-01-14 21:45:00,0.3126841636538225,0.04585309043267713,0,0
S6,2024-01-14 22:00:00,0.3378977137399626,0.0664185944886576,0,0
S6,2024-01-14 22:15:00,0.23070405704096628,0.04107472427857427,0,0
S6,2024-01-14 22:30:00,0.22637339919715388,0.07730695614101035,0,0
S6,2024-01-14 22:45:00,0.16569436264667464,0.0429587115269981,0,0
S6,2024-01-14 23:00:00,0.18755528388889545,0.06409639826429311,0,0
S6,2024-01-14 23:15:00,0.2837278410491292,0.07753578047550126,0,0
S6,2024-01-14 23:30:00,0.12573735271469583,0.06925150025336306,0,0
S6,2024-01-14 23:45:00,0.13185577143611094,0.04369255705261611,0,0
S6,2024-01-15 00:00:00,0.25830552505576493,0.06943474002012102,0,0
S6,2024-01-15 00:15:00,0.20838794041938216,0.07244134719692889,0,0
S6,2024-01-15 00:30:00,0.17589631311961743,0.07932306668352072,0,0
S6,2024-01-15 00:45:00,0.11346813877372397,0.07695345725198541,0,0
S6,2024-01-15 01:00:00,0.0700477744445764,0.06056189350063064,0,0
S6,2024-01-15 01:15:00,0.10689716211152452,0.08261665371546957,0,0
S6,2024-01-15 01:30:00,0.1475155517732977,0.06809238976569147,0,0
S6,2024-01-15 01:45:00,0.12627576849355832,0.05487418694885707,0,0
S6,2024-01-15 02:00:00,0.18206937488389666,0.09467686772156089,0,0
S6,2024-01-15 02:15:00,0.08915800760973903,0.04737687708558746,0,0
S6,2024-01-15 02:30:00,0.2091149284589666,0.09414962272218377,0,0
S6,2024-01-15 02:45:00,0.0934469949868312,0.07149316920083078,0,0
S6,2024-01-15 03:00:00,0.09349660087435671,0.06959954225312713,0,0
S6,2024-01-15 03:15:00,0.08457452426818879,0.08113591306248892,0,0
S6,2024-01-15 03:30:00,0.08146425789387567,0.08825374337480797,0,0
S6,2024-01-15 03:45:00,0.056092482588317616,0.08609169081542643,0,0
S6,2024-01-15 04:00:00,0.0,0.049202572850295764,0,0
S6,2024-01-15 04:15:00,0.08069130701624819,0.06170007164179912,0,0
S6,2024-01-15 04:30:00,0.03147724460466548,0.04928478155133246,0,0
S6,2024-01-15 04:45:00,0.0733085774534829,0.07485196312023419,0,0
S6,2024-01-15 05:00:00,0.10864597356526533,0.051182125405586934,0,0
S6,2024-01-15 05:15:00,0.07625515995299229,0.04447333479991019,0,0
S6,2024-01-15 05:30:00,0.11533179838131898,0.046158687577235465,0,0
S6,2024-01-15 05:45:00,0.08822364749465321,0.046136450346258615,0,0
S6,2024-01-15 06:00:00,0.14971259051381441,0.06458012470019774,0,0
S6,2024-01-15 06:15:00,0.11276131934346156,0.03565867534365594,0,0
S6,2024-01-15 06:30:00,0.15855017530227,0.05769536109889406,0,0
S6,2024-01-15 06:45:00,0.25831453768321666,0.057988865591893674,0,0
S6,2024-01-15 07:00:00,0.21924129149002067,0.040358189403363595,0,0
S6,2024-01-15 07:15:00,0.24510651252205587,0.06297478273861952,0,0
S6,2024-01-15 07:30:00,0.2308399944463931,0.0667503402480603,0,0
S6,2024-01-15 07:45:00,0.2781446104483864,0.05134869685144721,0,0
S6,2024-01-15 08:00:00,0.2743192390292864,0.07047851916171124,0,0
S6,2024-01-15 08:15:00,0.30026549932101015,0.07451442370400008,0,0
S6,2024-01-15 08:30:00,0.27994367888439015,0.06111917698095706,0,0
S6,2024-01-15 08:45:00,0.33749791884816976,0.06853467003331032,0,0
S6,2024-01-15 09:00:00,0.3984706045984791,0.09203400193428743,0,0
S6,2024-01-15 09:15:00,0.35233093541803046,0.07335219086300215,0,0
S6,2024-01-15 09:30:00,0.3798339215515544,0.07570164061016449,0,0
S6,2024-01-15 09:45:00,0.3322705145813514,0.07271172587431733,0,0
S6,2024-01-15 10:00:00,0.4064843906360324,0.11217669212899868,0,0
S6,2024-01-15 10:15:00,0.38610305803094136,0.10692790007710054,0,0
S6,2024-01-15 10:30:00,0.33097381591420605,0.06311946624877993,0,0
S6,2024-01-15 10:45:00,0.3545307795683939,0.0874198204713742,0,0
S6,2024-01-15 11:00:00,0.34355797505666913,0.06607414741845753,0,0
S6,2024-01-15 11:15:00,0.34713648797736285,0.08306646657810995,0,0
S6,2024-01-15 11:30:00,0.24001704182345404,0.043214384397392086,0,0
S6,2024-01-15 11:45:00,0.2987765264179152,0.05477367085809414,0,0
S6,2024-01-15 12:00:00,0.2989047320982511,0.054319543973731864,0,0
S6,2024-01-15 12:15:00,0.24238848247423944,0.03310474098933652,0,0
S6,2024-01-15 12:30:00,0.19987000058493132,0.03639726979717731,0,0
S6,2024-01-15 12:45:00,0.2183178920351887,0.05570492135450332,0,0
S6,2024-01-15 13:00:00,0.19133714838440938,0.07879272067592787,0,0
S6,2024-01-15 13:15:00,0.1649977226452961,0.039030810843545656,0,0
S6,2024-01-15 13:30:00,0.12488854355918844,0.031854328864664744,0,0
S6,2024-01-15 13:45:00,0.18678848365745293,0.06253739222034797,0,0
S6,2024-01-15 14:00:00,0.15025526336397882,0.05129603658109631,0,0
S6,2024-01-15 14:15:00,0.22949104763895298,0.08871674699098178,0,0
S6,2024-01-15 14:30:00,0.20396552248952665,0.11776472695028035,0,0
S6,2024-01-15 14:45:00,0.13357117202141475,0.0699294626550869,0,0
S6,2024-01-15 15:00:00,0.18663563959123977,0.07667560825446455,0,0
S6,2024-01-15 15:15:00,0.07905093759429105,0.07667560825446455,0,0
S6,2024-01-15 15:30:00,0.15010735034289702,0.047914726418503056,0,0
S6,2024-01-15 15:45:00,0.1258828727238885,0.09573324145159355,0,0
S6,2024-01-15 16:00:00,0.14813669629135576,0.08880658791077965,0,0
S6,2024-01-15 16:15:00,0.13582247000067849,0.07429848075533177,0,0
S6,2024-01-15 16:30:00,0.15126168252315333,0.06997242618162577,0,0
S6,2024-01-15 16:45:00,0.17797794203871384,0.04689732923041855,0,0
S6,2024-01-15 17:00:00,0.20986781133490692,0.06383220400623302,0,0
S6,2024-01-15 17:15:00,0.26099000002120515,0.08526670712830468,0,0
S6,2024-01-15 17:30:00,0.24598306974324607,0.06857763587225549,0,0
S6,2024-01-15 17:45:00,0.32102217460894333,0.07016155399890149,0,0
S6,2024-01-15 18:00:00,0.9550599264479859,0.6257008518192743,1,0
S6,2024-01-15 18:15:00,0.912937819356759,0.7040592986714092,1,1
S6,2024-01-15 18:30:00,0.964600172123059,0.678020659537164,1,1
S6,2024-01-15 18:45:00,0.9085979054646264,0.6405898899085085,1,0
S6,2024-01-15 19:00:00,0.9197748294954142,0.6765463732184904,1,1
S6,2024-01-15 19:15:00,0.9432591049747818,0.6730016601789667,1,1
S6,2024-01-15 19:30:00,1.0,0.6705464494449693,1,1
S6,2024-01-15 19:45:00,0.8909241374519843,0.6914391498906892,1,1
S6,2024-01-15 20:00:00,0.8420179071147811,0.6923675168487605,1,1
S6,2024-01-15 20:15:00,0.8461194784324912,0.6907010118722894,1,1
S6,2024-01-15 20:30:00,0.8521569295589422,0.6771187084473367,1,1
S6,2024-01-15 20:45:00,0.8500128679638013,0.6875966660928781,1,1
S6,2024-01-15 21:00:00,0.9228109060988078,0.0923446047345488,1,0
S6,2024-01-15 21:15:00,0.8910126351432921,0.08066467562849794,1,0
S6,2024-01-15 21:30:00,0.8964816059187048,0.08252258854237945,1,0
S6,2024-01-15 21:45:00,0.8775408416316033,0.08825766344925234,1,0
S6,2024-01-15 22:00:00,0.8447947455938635,0.07751154034650745,1,0
S6,2024-01-15 22:15:00,0.8228089463155956,0.0893473490835779,1,0
S6,2024-01-15 22:30:00,0.727061782625595,0.06371714869137188,1,0
S6,2024-01-15 22:45:00,0.39028721630991303,0.047752028750692614,0,0
S6,2024-01-15 23:00:00,0.3510026118831171,0.05552110695662228,0,0
S6,2024-01-15 23:15:00,0.3004141143350647,0.03084492935408068,0,0
S6,2024-01-15 23:30:00,0.39757348060474634,0.07757897779062133,0,0
S6,2024-01-15 23:45:00,0.36320034312495936,0.05354093080740461,0,0
S6,2024-01-16 00:00:00,0.4889420118320781,0.09744748286911481,0,0
S6,2024-01-16 00:15:00,0.52043904239316,0.07870572801451982,1,0
S6,2024-01-16 00:30:00,0.5001913624445611,0.10800126838166088,1,0
S6,2024-01-16 00:45:00,0.39890077095348503,0.07320215564415153,0,0
S6,2024-01-16 01:00:00,0.32095689301245883,0.08205155696270193,0,0
S6,2024-01-16 01:15:00,0.2621717651363727,0.08703838194503977,0,0
S6,2024-01-16 01:30:00,0.1589505615579133,0.07015419529256502,0,0
S6,2024-01-16 01:45:00,0.13626937086128238,0.09210988099464466,0,0
S6,2024-01-16 02:00:00,0.12022322628939525,0.06732527960416275,0,0
S6,2024-01-16 02:15:00,0.06033622188178164,0.07798267377508107,0,0
S6,2024-01-16 02:30:00,0.2142047106512045,0.09402509627554367,0,0
S6,2024-01-16 02:45:00,0.062499715640890484,0.09402509627554367,0,0
S6,2024-01-16 03:00:00,0.07493600037673484,0.05231034137889331,0,0
S6,2024-01-16 03:15:00,0.06426772329146846,0.07584818764976242,0,0
S6,2024-01-16 03:30:00,0.1980887251864132,0.11976265577728776,0,0
S6,2024-01-16 03:45:00,0.09709085856616191,0.06317972756595487,0,0
S6,2024-01-16 04:00:00,0.09877857961690298,0.083836499194473,0,0
S6,2024-01-16 04:15:00,0.10352409187122014,0.124280780602583,0,0
S6,2024-01-16 04:30:00,0.12515658806498164,0.124280780602583,0,0
S6,2024-01-16 04:45:00,0.13935120624321984,0.07799282447319483,0,0
S6,2024-01-16 05:00:00,0.05197488363204196,0.044222622801664294,0,0
S6,2024-01-16 05:15:00,0.05649124699021311,0.04244671993488834,0,0
S6,2024-01-16 05:30:00,0.1468192815640917,0.0706296916947296,0,0
S6,2024-01-16 05:45:00,0.14961495463149807,0.060023720155140375,0,0
S6,2024-01-16 06:00:00,0.14943839197466138,0.06166291370898505,0,0
S6,2024-01-16 06:15:00,0.2279819315165215,0.11084167435754375,0,0
S6,2024-01-16 06:30:00,0.13990505919610316,0.0548854610543225,0,0
S6,2024-01-16 06:45:00,0.1587025991881834,0.031127034201461335,0,0
S6,2024-01-16 07:00:00,0.1834200796901094,0.04078414677296945,0,0
S6,2024-01-16 07:15:00,0.23742559434449828,0.04843570783989272,0,0
S6,2024-01-16 07:30:00,0.24672801692392418,0.04323174105311351,0,0
S6,2024-01-16 07:45:00,0.29492212849108024,0.10673176343220196,0,0
S6,2024-01-16 08:00:00,0.21824362669135533,0.07238810371548791,0,0
S6,2024-01-16 08:15:00,0.33236415866138497,0.09311041894605758,0,0
S6,2024-01-16 08:30:00,0.23883225411779116,0.05367342561341749,0,0
S6,2024-01-16 08:45:00,0.266214015968529,0.057528443282067944,0,0
S6,2024-01-16 09:00:00,0.27458507679544153,0.05809643091081618,0,0
S6,2024-01-16 09:15:00,0.42910728180086416,0.07693931213755671,0,0
S6,2024-01-16 09:30:00,0.3366824138556732,0.058213785287453086,0,0
S6,2024-01-16 09:45:00,0.3611200734936286,0.05285173939531168,0,0
S6,2024-01-16 10:00:00,0.34280619555364966,0.05225362800235279,0,0
S6,2024-01-16 10:15:00,0.3160150382342914,0.071726443295404,0,0
S6,2024-01-16 10:30:00,0.3086818411278373,0.04509313200931117,0,0
S6,2024-01-16 10:45:00,0.3226861209097884,0.051639074061258436,0,0
S6,2024-01-16 11:00:00,0.3119532804893132,0.05102035183690787,0,0
S6,2024-01-16 11:15:00,0.3349147868557812,0.05078405387185725,0,0
S6,2024-01-16 11:30:00,0.255135354006701,0.04607682351075846,0,0
S6,2024-01-16 11:45:00,0.29629140021386635,0.11405891693102316,0,0
S6,2024-01-16 12:00:00,0.22209164780343402,0.03198373731155136,0,0
S6,2024-01-16 12:15:00,0.18733974624652344,0.0344655221863772,0,0
S6,2024-01-16 12:30:00,0.17240538590502788,0.03351981686669542,0,0
S6,2024-01-16 12:45:00,0.2070959236961933,0.08482510905869713,0,0
S6,2024-01-16 13:00:00,0.21723770695288214,0.06276666026121576,0,0
S6,2024-01-16 13:15:00,0.21513153613246896,0.1374774536327664,0,0
S6,2024-01-16 13:30:00,0.13937601528849525,0.03462776573402656,0,0
S6,2024-01-16 13:45:00,0.12791146324167688,0.058294845649487906,0,0
S6,2024-01-16 14:00:00,0.04377198976645844,0.0350139393550403,0,0
S6,2024-01-16 14:15:00,0.06027668557676539,0.04942626271997321,0,0
S6,2024-01-16 14:30:00,0.09331606635143881,0.09515362332283606,0,0
S6,2024-01-16 14:45:00,0.083314995428308,0.09862964866944965,0,0
S6,2024-01-16 15:00:00,0.11317361978623562,0.053250375060623904,0,0
S6,2024-01-16 15:15:00,0.12439285653961543,0.04660799387352942,0,0
S6,2024-01-16 15:30:00,0.1577427644185231,0.05570131405154752,0,0
S6,2024-01-16 15:45:00,0.11735522100425101,0.054969762848296716,0,0
S6,2024-01-16 16:00:00,0.09276379845982016,0.048461243440143326,0,0
S6,2024-01-16 16:15:00,0.12206723622269487,0.06887637908374429,0,0
S6,2024-01-16 16:30:00,0.10543385033327525,0.06227433000213703,0,0
S6,2024-01-16 16:45:00,0.11887221157028026,0.08350215148792622,0,0
S6,2024-01-16 17:00:00,0.2121396960894698,0.08657313665465795,0,0
S6,2024-01-16 17:15:00,0.18051801547122798,0.040695793457616376,0,0
S6,2024-01-16 17:30:00,0.2811082507447593,0.07319315222797733,0,0
S6,2024-01-16 17:45:00,0.2427925150091451,0.0671076325267185,0,0
S6,2024-01-16 18:00:00,0.3187137824354243,0.06883348920269187,0,0
S6,2024-01-16 18:15:00,0.3417254296298699,0.09031594327199513,0,0
S6,2024-01-16 18:30:00,0.4444586220773468,0.12288201784205546,0,0
S6,2024-01-16 18:45:00,0.41257606864634966,0.07637747918981398,0,0
S6,2024-01-16 19:00:00,0.34895748705458657,0.0796422969786057,0,0
S6,2024-01-16 19:15:00,0.38353095359033673,0.097906312574531,0,0
S6,2024-01-16 19:30:00,0.41386383816162303,0.08718205762430606,0,0
S6,2024-01-16 19:45:00,0.38701598941324206,0.09218448545936653,0,0
S6,2024-01-16 20:00:00,0.4319679708473148,0.09271182718067927,0,0
S6,2024-01-16 20:15:00,0.4620851169432085,0.11645232342510071,0,0
S6,2024-01-16 20:30:00,0.47368950112668096,0.08365378959199701,0,0
S6,2024-01-16 20:45:00,0.47217957119503823,0.09644907328121805,0,0
S6,2024-01-16 21:00:00,0.4488893326274907,0.0867625840619437,0,0
S6,2024-01-16 21:15:00,0.48558854005248536,0.08559913740751587,0,0
S6,2024-01-16 21:30:00,0.467890611282253,0.08879646409017639,0,0
S6,2024-01-16 21:45:00,0.4533368538943859,0.09272328002739699,0,0
S6,2024-01-16 22:00:00,0.42150701399071266,0.07663971970914668,0,0
S6,2024-01-16 22:15:00,0.31819621757765415,0.04748711308046719,0,0
S6,2024-01-16 22:30:00,0.3807328607964439,0.046737298849839175,0,0
S6,2024-01-16 22:45:00,0.44684636812139944,0.07267460247122132,0,0
S6,2024-01-16 23:00:00,0.3629910611106731,0.08137247847957377,0,0
S6,2024-01-16 23:15:00,0.3492290820801147,0.05352887501788394,0,0
S6,2024-01-16 23:30:00,0.2986831307513886,0.06078263629239816,0,0
S6,2024-01-16 23:45:00,0.24831963524576697,0.032541603094498904,0,0
S6,2024-01-17 00:00:00,0.41677497390494234,0.06025307582250804,0,0
S6,2024-01-17 00:15:00,0.5263759308601969,0.0956282794343557,1,0
S6,2024-01-17 00:30:00,0.4777910822790992,0.09571195689979912,0,0
S6,2024-01-17 00:45:00,0.5232912166897227,0.08663575887046394,1,0
S6,2024-01-17 01:00:00,0.399143568584681,0.12284727005014742,0,0
S6,2024-01-17 01:15:00,0.20638520600941004,0.056284546284915096,0,0
S6,2024-01-17 01:30:00,0.14351581328231572,0.08086557915518666,0,0
S6,2024-01-17 01:45:00,0.18271271041036258,0.0821574872407248,0,0
S6,2024-01-17 02:00:00,0.12776871698107076,0.08489151308003628,0,0
S6,2024-01-17 02:15:00,0.13476965121181156,0.0675076799561738,0,0
S6,2024-01-17 02:30:00,0.09166297298547146,0.07190287180838831,0,0
S6,2024-01-17 02:45:00,0.1926025454645619,0.06558775432393629,0,0
S6,2024-01-17 03:00:00,0.15861920309393426,0.05175446203976565,0,0
S6,2024-01-17 03:15:00,0.10339893664491118,0.05474594810941053,0,0
S6,2024-01-17 03:30:00,0.16011967003288793,0.07292600726168143,0,0
S6,2024-01-17 03:45:00,0.12128382860379228,0.06504533283802726,0,0
S6,2024-01-17 04:00:00,0.1184963348702035,0.04347567691322964,0,0
S6,2024-01-17 04:15:00,0.06969828698934791,0.056241677201092244,0,0
S6,2024-01-17 04:30:00,0.13341627744647355,0.07164754538253479,0,0
S6,2024-01-17 04:45:00,0.12548553571452398,0.07381798268283714,0,0
S6,2024-01-17 05:00:00,0.0868254552966621,0.04548794898373083,0,0
S6,2024-01-17 05:15:00,0.11576134092012809,0.0567104000001445,0,0
S6,2024-01-17 05:30:00,0.15729280764186315,0.04929318831553711,0,0
S6,2024-01-17 05:45:00,0.10559864255440068,0.025868771745746404,0,0
S6,2024-01-17 06:00:00,0.16323144389687316,0.11063565597772124,0,0
S6,2024-01-17 06:15:00,0.19066974997837427,0.07401028243896794,0,0
S6,2024-01-17 06:30:00,0.15857128723320965,0.04719390159357799,0,0
S6,2024-01-17 06:45:00,0.17012631994446187,0.050826143103170844,0,0
S6,2024-01-17 07:00:00,0.2052771762927449,0.06042257375550599,0,0
S6,2024-01-17 07:15:00,0.2865194200975017,0.09912950660672676,0,0
S6,2024-01-17 07:30:00,0.24722867531603696,0.059986153684120955,0,0
S6,2024-01-17 07:45:00,0.22419264808136952,0.05912560135282571,0,0
S6,2024-01-17 08:00:00,0.3503518108442075,0.07663192173422081,0,0
S6,2024-01-17 08:15:00,0.2555335220469061,0.07566869606940219,0,0
S6,2024-01-17 08:30:00,0.27214671352734576,0.06387605449595145,0,0
S6,2024-01-17 08:45:00,0.2714556113168141,0.06251766823621373,0,0
S6,2024-01-17 09:00:00,0.31018111760206546,0.06813217434500364,0,0
S6,2024-01-17 09:15:00,0.3997498735035725,0.11686286579819034,0,0
S6,2024-01-17 09:30:00,0.3906622688690273,0.11362749666345995,0,0
S6,2024-01-17 09:45:00,0.3499792346906115,0.06508836130511375,0,0
S6,2024-01-17 10:00:00,0.3658245338384711,0.09305425217378024,0,0
S6,2024-01-17 10:15:00,0.3314773546500968,0.072054274365195,0,0
S6,2024-01-17 10:30:00,0.3168933033204892,0.056182847824265074,0,0
S6,2024-01-17 10:45:00,0.30541584877273675,0.07670160211950983,0,0
S6,2024-01-17 11:00:00,0.31837545834468617,0.04960417427100742,0,0
S6,2024-01-17 11:15:00,0.26045900831655855,0.05135193064791017,0,0
S6,2024-01-17 11:30:00,0.31829554174173835,0.0682211827072183,0,0
S6,2024-01-17 11:45:00,0.26895276315054545,0.02913373483553132,0,0
S6,2024-01-17 12:00:00,0.2562567285829879,0.05197370675410388,0,0
S6,2024-01-17 12:15:00,0.24385334036169046,0.06546440525601223,0,0
S6,2024-01-17 12:30:00,0.2741418737205688,0.08056429667743639,0,0
S6,2024-01-17 12:45:00,0.1674581790385012,0.04904519221861704,0,0
S6,2024-01-17 13:00:00,0.12508851267952978,0.033421348648614006,0,0
S6,2024-01-17 13:15:00,0.20055553977204704,0.04643731485000631,0,0
S6,2024-01-17 13:30:00,0.1156662944675002,0.04161734548371032,0,0
S6,2024-01-17 13:45:00,0.07325369822790952,0.04248372557607883,0,0
S6,2024-01-17 14:00:00,0.032383833342687775,0.03649461959315874,0,0
S6,2024-01-17 14:15:00,0.10126974974285725,0.04790380400862353,0,0
S6,2024-01-17 14:30:00,0.1418317407848223,0.06821856643862165,0,0
S6,2024-01-17 14:45:00,0.08360773878343675,0.03827225557756942,0,0
S6,2024-01-17 15:00:00,0.19523699569007844,0.09325026613955857,0,0
S6,2024-01-17 15:15:00,0.15776757837754288,0.07197702577419485,0,0
S6,2024-01-17 15:30:00,0.15292431703059833,0.02314105489512734,0,0
S6,2024-01-17 15:45:00,0.2011284211976207,0.09367609542344922,0,0
S6,2024-01-17 16:00:00,0.11557176351754513,0.03189485044464724,0,0
S6,2024-01-17 16:15:00,0.15068430838716004,0.03433765189069143,0,0
S6,2024-01-17 16:30:00,0.13725430040532477,0.04590968480743015,0,0
S6,2024-01-17 16:45:00,0.229053579632598,0.15123689882798105,0,0
S6,2024-01-17 17:00:00,0.1812354465938181,0.09019480615840994,0,0
S6,2024-01-17 17:15:00,0.19758940121001878,0.07963296726338522,0,0
S6,2024-01-17 17:30:00,0.21425510368468317,0.06758370335533613,0,0
S6,2024-01-17 17:45:00,0.27107088428933057,0.0474403781112196,0,0
S6,2024-01-17 18:00:00,0.347985507568356,0.08736513447365431,0,0
S6,2024-01-17 18:15:00,0.36135418898376287,0.066083278802691,0,0
S6,2024-01-17 18:30:00,0.41230579838423836,0.06994243576938403,0,0
S6,2024-01-17 18:45:00,0.4175540427777236,0.07846611472616909,0,0
S6,2024-01-17 19:00:00,0.43756437443046303,0.11660754068260783,0,0
S6,2024-01-17 19:15:00,0.42419647861927634,0.0926529301190385,0,0
S6,2024-01-17 19:30:00,0.39485123367257513,0.08927142960069781,0,0
S6,2024-01-17 19:45:00,0.4223026640377295,0.10858052095923582,0,0
S6,2024-01-17 20:00:00,0.3831846138741475,0.09927219594241267,0,0
S6,2024-01-17 20:15:00,0.45005849423447114,0.094178251945586,0,0
S6,2024-01-17 20:30:00,0.4370199195591747,0.094178251945586,0,0
S6,2024-01-17 20:45:00,0.49710910270851755,0.11604605558630093,0,0
S6,2024-01-17 21:00:00,0.5397860156132678,0.10087031714796882,1,0
S6,2024-01-17 21:15:00,0.4591875460718095,0.08030250846566139,0,0
S6,2024-01-17 21:30:00,0.4566006673555453,0.13110000665801227,0,0
S6,2024-01-17 21:45:00,0.4570710762797296,0.0511898970468135,0,0
S6,2024-01-17 22:00:00,0.42257817158923067,0.1274006550326815,0,0
S6,2024-01-17 22:15:00,0.3538352818666609,0.06416011624129733,0,0
S6,2024-01-17 22:30:00,0.3213490366909991,0.06090150383800714,0,0
S6,2024-01-17 22:45:00,0.4111395451070268,0.06361041748401029,0,0
S6,2024-01-17 23:00:00,0.38965301233294053,0.07447388813062585,0,0
S6,2024-01-17 23:15:00,0.37304426109287553,0.0725750682073402,0,0
S6,2024-01-17 23:30:00,0.2983565199962681,0.04009965158721477,0,0
S6,2024-01-17 23:45:00,0.3258862837829632,0.051532671828741404,0,0
S6,2024-01-18 00:00:00,0.4813688845436851,0.08591051502288063,0,0
S6,2024-01-18 00:15:00,0.5433711770463244,0.09002276988164754,1,0
S6,2024-01-18 00:30:00,0.518843420459645,0.06968170738454448,1,0
S6,2024-01-18 00:45:00,0.4278770705448328,0.09582067574821136,0,0
S6,2024-01-18 01:00:00,0.2959737301996117,0.0734580261407116,0,0
S6,2024-01-18 01:15:00,0.2030714168062912,0.08544610742892365,0,0
S6,2024-01-18 01:30:00,0.11874143433423327,0.04671996489488193,0,0
S6,2024-01-18 01:45:00,0.05305399435072646,0.05265719801637809,0,0
S6,2024-01-18 02:00:00,0.10588898340869518,0.07204458870814537,0,0
S6,2024-01-18 02:15:00,0.13946182189916612,0.09298122471277064,0,0
S6,2024-01-18 02:30:00,0.09817565088621334,0.08240246626342042,0,0
S6,2024-01-18 02:45:00,0.07139813295241157,0.05322514610119316,0,0
S6,2024-01-18 03:00:00,0.1699457553862018,0.07263293633396603,0,0
S6,2024-01-18 03:15:00,0.06731183982086596,0.08306601670723601,0,0
S6,2024-01-18 03:30:00,0.08885542542363649,0.05277497515298379,0,0
S6,2024-01-18 03:45:00,0.0909940331214435,0.06966470601938977,0,0
S6,2024-01-18 04:00:00,0.14737003018489697,0.10174655625733266,0,0
S6,2024-01-18 04:15:00,0.08063343076944221,0.10174655625733266,0,0
S6,2024-01-18 04:30:00,0.008213541898153284,0.050934585502557625,0,0
S6,2024-01-18 04:45:00,0.11180851673866275,0.07521222462472621,0,0
S6,2024-01-18 05:00:00,0.08682744627328154,0.07629755996459149,0,0
S6,2024-01-18 05:15:00,0.13674960835773878,0.09011574742442291,0,0
S6,2024-01-18 05:30:00,0.13781547987908047,0.07931736838574481,0,0
S6,2024-01-18 05:45:00,0.07158575493102416,0.031362574931421756,0,0
S6,2024-01-18 06:00:00,0.16148496997261147,0.06514174155477274,0,0
S6,2024-01-18 06:15:00,0.1728924615778831,0.04277427326197495,0,0
S6,2024-01-18 06:30:00,0.16412489518168227,0.051749170154332974,0,0
S6,2024-01-18 06:45:00,0.1579628152236095,0.058436687494504425,0,0
S6,2024-01-18 07:00:00,0.2108146027041478,0.039548158860952906,0,0
S6,2024-01-18 07:15:00,0.3016155267925843,0.10572174660216796,0,0
S6,2024-01-18 07:30:00,0.29448738629302507,0.06921211468360527,0,0
S6,2024-01-18 07:45:00,0.33730792680299176,0.10874069717073342,0,0
S6,2024-01-18 08:00:00,0.3298237062090822,0.11095808353147679,0,0
S6,2024-01-18 08:15:00,0.3678854986934505,0.11818404088644903,0,0
S6,2024-01-18 08:30:00,0.31672095789357885,0.13459042703906687,0,0
S6,2024-01-18 08:45:00,0.35873772577762136,0.10963962731234383,0,0
S6,2024-01-18 09:00:00,0.38940487366990956,0.09436833382109085,0,0
S6,2024-01-18 09:15:00,0.3473176871131141,0.09404687942848054,0,0
S6,2024-01-18 09:30:00,0.5171114539369341,0.18042384501609782,1,0
S6,2024-01-18 09:45:00,0.4995817517073739,0.15083488460047428,0,0
S6,2024-01-18 10:00:00,0.40149500184875436,0.13472316275241164,0,0
S6,2024-01-18 10:15:00,0.4261233820806646,0.1271902851909751,0,0
S6,2024-01-18 10:30:00,0.4156475795063925,0.17079316614503448,0,0
S6,2024-01-18 10:45:00,0.3755746264736529,0.10547218399891649,0,0
S6,2024-01-18 11:00:00,0.29615363935800726,0.15090883229204152,0,0
S6,2024-01-18 11:15:00,0.3155005525210338,0.13827999846236602,0,0
S6,2024-01-18 11:30:00,0.3439885353851313,0.18667230603387436,0,0
S6,2024-01-18 11:45:00,0.3473361226368753,0.22953630296018562,0,0
S6,2024-01-18 12:00:00,0.287345623867044,0.2164987014709353,0,0
S6,2024-01-18 12:15:00,0.27221877173838843,0.17151939893433743,0,0
S6,2024-01-18 12:30:00,0.3053431276621565,0.23820063464132663,0,0
S6,2024-01-18 12:45:00,0.2613630647430483,0.1642044940709237,0,0
S6,2024-01-18 13:00:00,0.2285767713798564,0.2959900011713851,0,0
S6,2024-01-18 13:15:00,0.1766403758761775,0.24937555019769364,0,0
S6,2024-01-18 13:30:00,0.14465394133765136,0.2345626436531016,0,0
S6,2024-01-18 13:45:00,0.17123447531422425,0.3307216070266069,0,0
S6,2024-01-18 14:00:00,0.14006185026673929,0.2154389763229633,0,0
S6,2024-01-18 14:15:00,0.1447717759359955,0.258819565306161,0,0
S6,2024-01-18 14:30:00,0.1066491014698301,0.26911566335390436,0,0
S6,2024-01-18 14:45:00,0.17204870402096487,0.2617686670252636,0,0
S6,2024-01-18 15:00:00,0.1360371611347043,0.2626364224510312,0,0
S6,2024-01-18 15:15:00,0.2384601066054689,0.289612433412529,0,0
S6,2024-01-18 15:30:00,0.17343494228029635,0.25547104187077385,0,0
S6,2024-01-18 15:45:00,0.21726252781540284,0.32785757364962154,0,0
S6,2024-01-18 16:00:00,0.18107349981192103,0.3248863796152273,0,0
S6,2024-01-18 16:15:00,0.3336119391161037,0.24320198161106563,0,0
S6,2024-01-18 16:30:00,0.2538893616976719,0.33815900419709366,0,0
S6,2024-01-18 16:45:00,0.2519296976820442,0.354452939909752,0,0
S6,2024-01-18 17:00:00,0.28272816089958663,0.4015533705124711,0,0
S6,2024-01-18 17:15:00,0.30875304933913117,0.4210573387216789,0,0
S6,2024-01-18 17:30:00,0.26935862357069257,0.42219617032625467,0,0
S6,2024-01-18 17:45:00,0.31034306637013487,0.3756712251450844,0,0
S6,2024-01-18 18:00:00,0.34823631369801716,0.4395210402890703,0,0
S6,2024-01-18 18:15:00,0.4107239360362462,0.38884664189683943,0,0
S6,2024-01-18 18:30:00,0.44738790690003033,0.4907067798164899,0,0
S6,2024-01-18 18:45:00,0.39512853538386344,0.4440181651132639,0,0
S6,2024-01-18 19:00:00,0.4445365527425864,0.4626465459772877,0,0
S6,2024-01-18 19:15:00,0.4637513056105013,0.47573003399146657,0,0
S6,2024-01-18 19:30:00,0.4873078268720958,0.49213835360493535,0,0
S6,2024-01-18 19:45:00,0.49720194559439707,0.49487750219310905,0,0
S6,2024-01-18 20:00:00,0.567440875874591,0.49825079007073536,1,0
S6,2024-01-18 20:15:00,0.5701292712476717,0.5267264230946076,1,0
S6,2024-01-18 20:30:00,0.5573506241729728,0.5201600002951434,1,0
S6,2024-01-18 20:45:00,0.5559706360857445,0.5250320477378447,1,0
S6,2024-01-18 21:00:00,0.5938419329042119,0.48935575433785417,1,0
S6,2024-01-18 21:15:00,0.5730934691148146,0.5042111562324519,1,0
S6,2024-01-18 21:30:00,0.5524589561015668,0.4903843411600781,1,0
S6,2024-01-18 21:45:00,0.5053566874399075,0.5092072302046853,1,0
S6,2024-01-18 22:00:00,0.4358466101404578,0.4829332960202501,0,0
S6,2024-01-18 22:15:00,0.45219712193453576,0.5243575125808213,0,0
S6,2024-01-18 22:30:00,0.45206862463064507,0.5443608388429085,0,0
S6,2024-01-18 22:45:00,0.4102754482177976,0.5784985228645129,0,0
S6,2024-01-18 23:00:00,0.4085962663552191,0.5778886325308064,0,0
S6,2024-01-18 23:15:00,0.4362562304664485,0.5393676470788897,0,0
S6,2024-01-18 23:30:00,0.39410137420383967,0.5772162631271277,0,0
S6,2024-01-18 23:45:00,0.37698488236497885,0.4846381674864802,0,0
S6,2024-01-19 00:00:00,0.5114733375534466,0.5794690615328637,1,0
S6,2024-01-19 00:15:00,0.47733521444635685,0.5384455675994269,0,0
S6,2024-01-19 00:30:00,0.4263064790345357,0.528514641647445,0,0
S6,2024-01-19 00:45:00,0.31921565137460456,0.5122026016300284,0,0
S6,2024-01-19 01:00:00,0.2881772891397664,0.58357901781484,0,0
S6,2024-01-19 01:15:00,0.22387618170869278,0.6298914622323414,0,0
S6,2024-01-19 01:30:00,0.20357314752542738,0.5629398175959753,0,0
S6,2024-01-19 01:45:00,0.2678680835895912,0.6177189384949349,0,0
S6,2024-01-19 02:00:00,0.22195609697187194,0.5930387684606855,0,0
S6,2024-01-19 02:15:00,0.27525684094564956,0.6625393309442213,0,0
S6,2024-01-19 02:30:00,0.2371696440335167,0.5866553544028946,0,0
S6,2024-01-19 02:45:00,0.2793693282861725,0.6300163508596479,0,0
S6,2024-01-19 03:00:00,0.27752003455573415,0.7116800913524499,0,1
S6,2024-01-19 03:15:00,0.21581918588511798,0.6972593867404152,0,1
S6,2024-01-19 03:30:00,0.17097257787303285,0.6612184832843798,0,0
S6,2024-01-19 03:45:00,0.18820403479962688,0.674069422790401,0,1
S6,2024-01-19 04:00:00,0.21021784671521354,0.6186792522233383,0,0
S6,2024-01-19 04:15:00,0.19612500996365903,0.7270148226872613,0,1
S6,2024-01-19 04:30:00,0.20501455324913373,0.7071564673590299,0,1
S6,2024-01-19 04:45:00,0.17094575878637208,0.726794379374437,0,1
S6,2024-01-19 05:00:00,0.17569809228678318,0.6757263183216756,0,1
S6,2024-01-19 05:15:00,0.22483715825336972,0.6719667791662509,0,1
S6,2024-01-19 05:30:00,0.22743613324068693,0.7506524441020034,0,1
S6,2024-01-19 05:45:00,0.2119401737866965,0.7445914208604005,0,1
S6,2024-01-19 06:00:00,0.2599631224550857,0.7395142143897095,0,1
S6,2024-01-19 06:15:00,0.26154589365409747,0.7907066803721723,0,1
S6,2024-01-19 06:30:00,0.24487497902415564,0.7633184698277309,0,1
S6,2024-01-19 06:45:00,0.2890385148795991,0.7855831053297091,0,1
S6,2024-01-19 07:00:00,0.3048002051171086,0.7961441072935321,0,1
S6,2024-01-19 07:15:00,0.3063633737297156,0.790976593846806,0,1
S6,2024-01-19 07:30:00,0.35135534479378144,0.7819914255070481,0,1
S6,2024-01-19 07:45:00,0.44355798675531743,0.8171320858182356,0,1
S6,2024-01-19 08:00:00,0.47316271658410547,0.9047113321028449,0,1
S6,2024-01-19 08:15:00,0.40507897034723866,0.9063599401236092,0,1
S6,2024-01-19 08:30:00,0.4143533561209494,0.8629051316710106,0,1
S6,2024-01-19 08:45:00,0.4504888562217202,0.8898202149534803,0,1
S6,2024-01-19 09:00:00,0.4043307061713154,0.8965000868609825,0,1
S6,2024-01-19 09:15:00,0.46082950669694767,0.923081854211121,0,1
S6,2024-01-19 09:30:00,0.43438124751276413,0.9076762442393611,0,1
S6,2024-01-19 09:45:00,0.4534657689933379,0.9074180030313013,0,1
S6,2024-01-19 10:00:00,0.462418662370518,0.9776416935652243,0,1
S6,2024-01-19 10:15:00,0.4187634074103432,0.9353204396298371,0,1
S6,2024-01-19 10:30:00,0.4118962754535757,0.999999999954004,0,1
S6,2024-01-19 10:45:00,0.40382580525703177,0.8942123158382156,0,1
S6,2024-01-19 11:00:00,0.42912067318724695,0.9586644344651908,0,1
S6,2024-01-19 11:15:00,0.4161552128168293,0.9726957938300423,0,1
S6,2024-01-19 11:30:00,0.3568652202118436,0.9276125552602643,0,1
S6,2024-01-19 11:45:00,0.3639243705151809,0.9413760547885942,0,1
S6,2024-01-19 12:00:00,0.40057798800957556,0.05207513842266234,0,0
S6,2024-01-19 12:15:00,0.42820655667880425,0.1250957696386494,0,0
S6,2024-01-19 12:30:00,0.38448600941015654,0.05543341275716334,0,0
S6,2024-01-19 12:45:00,0.3303257238271144,0.07872655483594489,0,0
S6,2024-01-19 13:00:00,0.2871983469831037,0.04085321473281219,0,0
S6,2024-01-19 13:15:00,0.3434998621501699,0.09330890893973126,0,0
S6,2024-01-19 13:30:00,0.25977722964725897,0.05808057956360749,0,0
S6,2024-01-19 13:45:00,0.16979990439663425,0.07880732892838672,0,0
S6,2024-01-19 14:00:00,0.11660454438063415,0.08657492887007857,0,0
S6,2024-01-19 14:15:00,0.1269005498803823,0.0697414514426175,0,0
S6,2024-01-19 14:30:00,0.05807688163885191,0.054473420836784275,0,0
S6,2024-01-19 14:45:00,0.06247174132454287,0.10237708032487625,0,0
S6,2024-01-19 15:00:00,0.08219349932541463,0.06528742343001528,0,0
S6,2024-01-19 15:15:00,0.09345960924921916,0.06595279687061087,0,0
S6,2024-01-19 15:30:00,0.18532417713856464,0.07028398784330914,0,0
S6,2024-01-19 15:45:00,0.08271191491355724,0.03350156699801766,0,0
S6,2024-01-19 16:00:00,0.10861617478257353,0.042062619912981054,0,0
S6,2024-01-19 16:15:00,0.20508054783244323,0.103053091738091,0,0
S6,2024-01-19 16:30:00,0.08852094693189812,0.05907505083230215,0,0
S6,2024-01-19 16:45:00,0.11030641348034245,0.03835196774904575,0,0
S6,2024-01-19 17:00:00,0.20373493428229827,0.07929461335953195,0,0
S6,2024-01-19 17:15:00,0.1929999892719191,0.04715961915944023,0,0
S6,2024-01-19 17:30:00,0.3228316304659368,0.09715875539940509,0,0
S6,2024-01-19 17:45:00,0.33563548270240556,0.09144375669315301,0,0
S6,2024-01-19 18:00:00,0.33078948292383087,0.05959808924544633,0,0
S6,2024-01-19 18:15:00,0.4080727871768988,0.07253124877986308,0,0
S6,2024-01-19 18:30:00,0.40582580821380404,0.07954450323280945,0,0
S6,2024-01-19 18:45:00,0.37708871825794366,0.0890559855146191,0,0
S6,2024-01-19 19:00:00,0.3364858222327696,0.07589270564894211,0,0
S6,2024-01-19 19:15:00,0.3736740365926327,0.0856368074947012,0,0
S6,2024-01-19 19:30:00,0.46296797346424384,0.10928138761534112,0,0
S6,2024-01-19 19:45:00,0.46802767663440625,0.10520527374546043,0,0
S6,2024-01-19 20:00:00,0.393427218724468,0.09193081198600413,0,0
S6,2024-01-19 20:15:00,0.38685900822376545,0.08033353832566555,0,0
S6,2024-01-19 20:30:00,0.4063958257527037,0.08571937860879426,0,0
S6,2024-01-19 20:45:00,0.4847804273091369,0.10123805609831106,0,0
S6,2024-01-19 21:00:00,0.45182292459907347,0.07789752824371539,0,0
S6,2024-01-19 21:15:00,0.4100936176835856,0.0846758119355885,0,0
S6,2024-01-19 21:30:00,0.5695824675465689,0.12214031748587767,1,0
S6,2024-01-19 21:45:00,0.48546430352008535,0.08993952396487956,0,0
S6,2024-01-19 22:00:00,0.4409858232531706,0.0653085969076274,0,0
S6,2024-01-19 22:15:00,0.3671332861085069,0.09356418305720399,0,0
S6,2024-01-19 22:30:00,0.3120895219311736,0.041929008725549305,0,0
S6,2024-01-19 22:45:00,0.3574509154898806,0.03745044677658244,0,0
S6,2024-01-19 23:00:00,0.41923112578479826,0.05698632014078262,0,0
S6,2024-01-19 23:15:00,0.3976777741554189,0.07892586058337164,0,0
S6,2024-01-19 23:30:00,0.3491948138075762,0.06457136427251917,0,0
S6,2024-01-19 23:45:00,0.36323055194104503,0.06414201267336707,0,0
S6,2024-01-20 00:00:00,0.6110441192849532,0.09700776480256604,1,0
S6,2024-01-20 00:15:00,0.549515644769732,0.10478911205127246,1,0
S6,2024-01-20 00:30:00,0.41025711779348767,0.06157198463807951,0,0
S6,2024-01-20 00:45:00,0.4109739216237278,0.06413593247229306,0,0
S6,2024-01-20 01:00:00,0.3360174019143987,0.06501644154122564,0,0
S6,2024-01-20 01:15:00,0.2706161111537558,0.09189599210514328,0,0
S6,2024-01-20 01:30:00,0.14773293178605862,0.09504713914815043,0,0
S6,2024-01-20 01:45:00,0.09470829213022809,0.08651293510121755,0,0
S6,2024-01-20 02:00:00,0.15257437156156733,0.099482100556486,0,0
S6,2024-01-20 02:15:00,0.14222754988395153,0.08624591958694384,0,0
S6,2024-01-20 02:30:00,0.1175789080598584,0.07350647496058775,0,0
S6,2024-01-20 02:45:00,0.1456253891000838,0.08898838042285953,0,0
S6,2024-01-20 03:00:00,0.1641538154995988,0.09357853817595774,0,0
S6,2024-01-20 03:15:00,0.08604118780454652,0.0769127986130482,0,0
S6,2024-01-20 03:30:00,0.10801781334848733,0.09425743015413976,0,0
S6,2024-01-20 03:45:00,0.09368289271142102,0.061037057844869014,0,0
S6,2024-01-20 04:00:00,0.16081323277348047,0.10262489706044828,0,0
S6,2024-01-20 04:15:00,0.014389318728827002,0.0697392189739829,0,0
S6,2024-01-20 04:30:00,0.0019506000361468527,0.06764518700935641,0,0
S6,2024-01-20 04:45:00,0.0244411553213519,0.06787768722705506,0,0
S6,2024-01-20 05:00:00,0.11263173394686658,0.07174630836801739,0,0
S6,2024-01-20 05:15:00,0.06021565194307693,0.049629624605579736,0,0
S6,2024-01-20 05:30:00,0.07862795210539524,0.056528815051144286,0,0
S6,2024-01-20 05:45:00,0.14204756014471132,0.06548050600026377,0,0
S6,2024-01-20 06:00:00,0.08729699959468488,0.0650877282292932,0,0
S6,2024-01-20 06:15:00,0.07388380883260962,0.025299394160209276,0,0
S6,2024-01-20 06:30:00,0.044708853911678205,0.04544053393822103,0,0
S6,2024-01-20 06:45:00,0.135234629439847,0.09217209372258493,0,0
S6,2024-01-20 07:00:00,0.03840026584390701,0.03666919325442098,0,0
S6,2024-01-20 07:15:00,0.0652320723283007,0.025611746013948267,0,0
S6,2024-01-20 07:30:00,0.13880312048786245,0.05061274410882084,0,0
S6,2024-01-20 07:45:00,0.14343984957622213,0.050637257859527086,0,0
S6,2024-01-20 08:00:00,0.15631489389093836,0.04937720081425121,0,0
S6,2024-01-20 08:15:00,0.11326892131208188,0.045169588593327266,0,0
S6,2024-01-20 08:30:00,0.10746509965302481,0.03112591562204586,0,0
S6,2024-01-20 08:45:00,0.19432841641760426,0.037771269729679154,0,0
S6,2024-01-20 09:00:00,0.15654025795907187,0.03913908916115785,0,0
S6,2024-01-20 09:15:00,0.22276213140177484,0.04410736545380047,0,0
S6,2024-01-20 09:30:00,0.23419714842831751,0.10476653405579507,0,0
S6,2024-01-20 09:45:00,0.20030606761873745,0.06418783320818994,0,0
S6,2024-01-20 10:00:00,0.19956071254237898,0.02835853762385832,0,0
S6,2024-01-20 10:15:00,0.23430877548694592,0.06194518223604924,0,0
S6,2024-01-20 10:30:00,0.17509057317466076,0.05077742703108461,0,0
S6,2024-01-20 10:45:00,0.1571774600184039,0.024536042236190204,0,0
S6,2024-01-20 11:00:00,0.14082725624148212,0.03919423449868983,0,0
S6,2024-01-20 11:15:00,0.19472469323255734,0.07949663554684032,0,0
S6,2024-01-20 11:30:00,0.15303556142401453,0.0386605862068262,0,0
S6,2024-01-20 11:45:00,0.17961932325819968,0.05625892448089227,0,0
S6,2024-01-20 12:00:00,0.17641763734717794,0.05344485994017897,0,0
S6,2024-01-20 12:15:00,0.13230462442938107,0.04996293645244723,0,0
S6,2024-01-20 12:30:00,0.20430601629410708,0.07403472649094625,0,0
S6,2024-01-20 12:45:00,0.18643107395106073,0.06935880930821728,0,0
S6,2024-01-20 13:00:00,0.17576275945283446,0.08855804603509944,0,0
S6,2024-01-20 13:15:00,0.1643150450694521,0.11110562139916715,0,0
S6,2024-01-20 13:30:00,0.16123246528094606,0.0914787364860036,0,0
S6,2024-01-20 13:45:00,0.1196607289860348,0.08022491157780738,0,0
S6,2024-01-20 14:00:00,0.07121848775817406,0.08061126470070755,0,0
S6,2024-01-20 14:15:00,0.073834957873217,0.08989168706469815,0,0
S6,2024-01-20 14:30:00,0.11968627636049595,0.10410975046270725,0,0
S6,2024-01-20 14:45:00,0.08023484692115422,0.06424954857156076,0,0
S6,2024-01-20 15:00:00,0.14243634681139755,0.13307664526658908,0,0
S6,2024-01-20 15:15:00,0.14425013648032764,0.05052509662200828,0,0
S6,2024-01-20 15:30:00,0.18741250671476872,0.07125552632900563,0,0
S6,2024-01-20 15:45:00,0.16454701256691642,0.08188143880034614,0,0
S6,2024-01-20 16:00:00,0.10794574904931531,0.07106666222348333,0,0
S6,2024-01-20 16:15:00,0.10900275468420098,0.07930951840948726,0,0
S6,2024-01-20 16:30:00,0.06818372941209459,0.0646367381481107,0,0
S6,2024-01-20 16:45:00,0.06391917607901003,0.07511945988333964,0,0
S6,2024-01-20 17:00:00,0.06645152169937624,0.022835671170338707,0,0
S6,2024-01-20 17:15:00,0.12057426978779628,0.04207276410054533,0,0
S6,2024-01-20 17:30:00,0.05798513770205607,0.02905391903727533,0,0
S6,2024-01-20 17:45:00,0.1449528299854025,0.059170757090604736,0,0
S6,2024-01-20 18:00:00,0.19184758478185285,0.03618146615484735,0,0
S6,2024-01-20 18:15:00,0.18610761774328574,0.06800875233157093,0,0
S6,2024-01-20 18:30:00,0.19264022026539632,0.05048095663935945,0,0
S6,2024-01-20 18:45:00,0.20148334583802963,0.06704725738190993,0,0
S6,2024-01-20 19:00:00,0.2107456084882241,0.034494966333409594,0,0
S6,2024-01-20 19:15:00,0.19876741902988143,0.04235123595828553,0,0
S6,2024-01-20 19:30:00,0.17303938264943144,0.04474759884838921,0,0
S6,2024-01-20 19:45:00,0.23620860282376932,0.05261961272100267,0,0
S6,2024-01-20 20:00:00,0.2414186937421408,0.07676233800100872,0,0
S6,2024-01-20 20:15:00,0.24842024531091247,0.06172724999795734,0,0
S6,2024-01-20 20:30:00,0.2524276717410512,0.06878693810585979,0,0
S6,2024-01-20 20:45:00,0.27302190505641133,0.06044505559206086,0,0
S6,2024-01-20 21:00:00,0.25312010807790325,0.030753808523974042,0,0
S6,2024-01-20 21:15:00,0.24934564698009284,0.03996252228125219,0,0
S6,2024-01-20 21:30:00,0.29728057917500056,0.06616664654861208,0,0
S6,2024-01-20 21:45:00,0.2295593520269306,0.03075722886028285,0,0
S6,2024-01-20 22:00:00,0.22929454056728252,0.07012392456076223,0,0
S6,2024-01-20 22:15:00,0.22756343103075827,0.06155533719951482,0,0
S6,2024-01-20 22:30:00,0.26702197649502185,0.050857288805907,0,0
S6,2024-01-20 22:45:00,0.2349812691959306,0.05090520769964925,0,0
S6,2024-01-20 23:00:00,0.2210973063546897,0.04978625054512391,0,0
S6,2024-01-20 23:15:00,0.23091598300535127,0.033083090656822696,0,0
S6,2024-01-20 23:30:00,0.19107104557744137,0.05390982983321757,0,0
S6,2024-01-20 23:45:00,0.18795760262089078,0.06067372904172847,0,0
S6,2024-01-21 00:00:00,0.3755920472652046,0.08927882734965295,0,0
S6,2024-01-21 00:15:00,0.32396087668170975,0.08823200712370995,0,0
S6,2024-01-21 00:30:00,0.2737134380772462,0.08518322929719709,0,0
S6,2024-01-21 00:45:00,0.21743964964797205,0.06515355604166596,0,0
S6,2024-01-21 01:00:00,0.22759508353582833,0.08119025550133069,0,0
S6,2024-01-21 01:15:00,0.13539057407007307,0.06297431321028328,0,0
S6,2024-01-21 01:30:00,0.14755354270203402,0.07831014366178947,0,0
S6,2024-01-21 01:45:00,0.19181298121839782,0.07136625239885719,0,0
S6,2024-01-21 02:00:00,0.27481441362451353,0.09353401582938287,0,0
S6,2024-01-21 02:15:00,0.18489111089898405,0.08628549299731897,0,0
S6,2024-01-21 02:30:00,0.16372244757785923,0.06800191362065247,0,0
S6,2024-01-21 02:45:00,0.1363448976128075,0.070722022093636,0,0
S6,2024-01-21 03:00:00,0.1758202860915191,0.07833686321018009,0,0
S6,2024-01-21 03:15:00,0.09926411545691415,0.06323907637604785,0,0
S6,2024-01-21 03:30:00,0.12201879929864128,0.08355563368456441,0,0
S6,2024-01-21 03:45:00,0.13648750732196238,0.08522815515781564,0,0
S6,2024-01-21 04:00:00,0.19123975229175616,0.15904235451973164,0,0
S6,2024-01-21 04:15:00,0.14300076496836844,0.08598524299472286,0,0
S6,2024-01-21 04:30:00,0.08502825517784317,0.06416327225573393,0,0
S6,2024-01-21 04:45:00,0.18732047976541785,0.09602860799464313,0,0
S6,2024-01-21 05:00:00,0.13560930528278128,0.059294741848110906,0,0
S6,2024-01-21 05:15:00,0.1578286758346279,0.07112473557284946,0,0
S6,2024-01-21 05:30:00,0.20082347064765171,0.12353493465925207,0,0
S6,2024-01-21 05:45:00,0.1425719897815705,0.05902338518098068,0,0
S6,2024-01-21 06:00:00,0.10929872765658404,0.06053759602548862,0,0
S6,2024-01-21 06:15:00,0.1821807329536232,0.059071818773665255,0,0
S6,2024-01-21 06:30:00,0.132053191968796,0.046737096277637856,0,0
S6,2024-01-21 06:45:00,0.14733309446576187,0.02173972542440241,0,0
S6,2024-01-21 07:00:00,0.15488375788532024,0.04714716066528015,0,0
S6,2024-01-21 07:15:00,0.11346972057071172,0.056501258555744824,0,0
S6,2024-01-21 07:30:00,0.1791125598538178,0.13525995012223777,0,0
S6,2024-01-21 07:45:00,0.20171583168935137,0.0803905880635617,0,0
S6,2024-01-21 08:00:00,0.2128824922685466,0.06175792990671364,0,0
S6,2024-01-21 08:15:00,0.2494416525397828,0.11282462321114912,0,0
S6,2024-01-21 08:30:00,0.19259631888618733,0.06357668095019278,0,0
S6,2024-01-21 08:45:00,0.19596593291729736,0.056127943685338945,0,0
S6,2024-01-21 09:00:00,0.1898302707147752,0.056127943685338945,0,0
S6,2024-01-21 09:15:00,0.28628954282213864,0.09967915729386059,0,0
S6,2024-01-21 09:30:00,0.15190144690158985,0.02027578015283938,0,0
S6,2024-01-21 09:45:00,0.2216215100507103,0.044505861570196696,0,0
S6,2024-01-21 10:00:00,0.255225124646871,0.08408236386026922,0,0
S6,2024-01-21 10:15:00,0.23710513919106643,0.0552236040172137,0,0
S6,2024-01-21 10:30:00,0.1492542204162727,0.029134149116719636,0,0
S6,2024-01-21 10:45:00,0.2364677829634003,0.06392342467672657,0,0
S6,2024-01-21 11:00:00,0.17507158183410257,0.061357084700731,0,0
S6,2024-01-21 11:15:00,0.25540729839509624,0.09309388206955357,0,0
S6,2024-01-21 11:30:00,0.19678892647943144,0.06570760223802048,0,0
S6,2024-01-21 11:45:00,0.11273115664098388,0.055358936149416886,0,0
S6,2024-01-21 12:00:00,0.21129704466112353,0.08044555912758382,0,0
S6,2024-01-21 12:15:00,0.16843612279092526,0.09202824105604293,0,0
S6,2024-01-21 12:30:00,0.11120218031287506,0.04274809133480922,0,0
S6,2024-01-21 12:45:00,0.14758391260999387,0.07544237574839395,0,0
S6,2024-01-21 13:00:00,0.1270621755104662,0.07941707158460173,0,0
S6,2024-01-21 13:15:00,0.12924499809588394,0.10370276594217508,0,0
S6,2024-01-21 13:30:00,0.046930882944684955,0.06361479088394659,0,0
S6,2024-01-21 13:45:00,0.08885539997094842,0.07133687550731023,0,0
S6,2024-01-21 14:00:00,0.10425981104846341,0.0882845114524554,0,0
S6,2024-01-21 14:15:00,0.12995646324909943,0.09747482591341429,0,0
S6,2024-01-21 14:30:00,0.12178974526714334,0.060214020753922605,0,0
S6,2024-01-21 14:45:00,0.08938035650373276,0.0477905256010052,0,0
S6,2024-01-21 15:00:00,0.19516779433969475,0.08272936951834761,0,0
S6,2024-01-21 15:15:00,0.20387702869607016,0.10197860894959772,0,0
S6,2024-01-21 15:30:00,0.13190561218617491,0.06425705484022975,0,0
S6,2024-01-21 15:45:00,0.1258207809566165,0.1037695962157844,0,0
S6,2024-01-21 16:00:00,0.12248918574100787,0.06125216029850888,0,0
S6,2024-01-21 16:15:00,0.04100634652199134,0.057674758795276636,0,0
S6,2024-01-21 16:30:00,0.13958510752508868,0.07499078817985712,0,0
S6,2024-01-21 16:45:00,0.17442498055930875,0.11805591873193402,0,0
S6,2024-01-21 17:00:00,0.13767074389456269,0.0609078383431654,0,0
S6,2024-01-21 17:15:00,0.1126405655268367,0.07493482666954923,0,0
S6,2024-01-21 17:30:00,0.13155876176463416,0.046283848763922934,0,0
S6,2024-01-21 17:45:00,0.13563231265866996,0.058055956336340066,0,0
S6,2024-01-21 18:00:00,0.16951540791723213,0.04736426261311851,0,0
S6,2024-01-21 18:15:00,0.22908145638734667,0.06068299188291513,0,0
S6,2024-01-21 18:30:00,0.24128769175743434,0.060721411605123406,0,0
S6,2024-01-21 18:45:00,0.29589197858413,0.05652381369625433,0,0
S6,2024-01-21 19:00:00,0.1794495806688103,0.0521602712252515,0,0
S6,2024-01-21 19:15:00,0.1486936779992868,0.035998043372580016,0,0
S6,2024-01-21 19:30:00,0.1823232304863823,0.041250056342341974,0,0
S6,2024-01-21 19:45:00,0.21397012510717117,0.04160015153130528,0,0
S6,2024-01-21 20:00:00,0.24862031430252213,0.05290629123887384,0,0
S6,2024-01-21 20:15:00,0.2655390120911763,0.04370269285089839,0,0
S6,2024-01-21 20:30:00,0.31730104803611175,0.05359178063274052,0,0
S6,2024-01-21 20:45:00,0.298637970695527,0.10028499391590553,0,0
S6,2024-01-21 21:00:00,0.3003543397569443,0.11095411286615513,0,0
S6,2024-01-21 21:15:00,0.27180166999157884,0.03361923724695161,0,0
S6,2024-01-21 21:30:00,0.3113520525849616,0.06562765679396561,0,0
S6,2024-01-21 21:45:00,0.31184578399514656,0.06384707073726331,0,0
S6,2024-01-21 22:00:00,0.32153031423701856,0.06172463783394658,0,0
S6,2024-01-21 22:15:00,0.28390383445239525,0.08654588399405261,0,0
S6,2024-01-21 22:30:00,0.24480656084305247,0.059392740851601525,0,0
S6,2024-01-21 22:45:00,0.26289867734820777,0.09146096989307341,0,0
S6,2024-01-21 23:00:00,0.1467028636698231,0.035333209640449455,0,0
S6,2024-01-21 23:15:00,0.1466301133850011,0.04120738115285691,0,0
S6,2024-01-21 23:30:00,0.1881838907428075,0.06413669574451614,0,0
S6,2024-01-21 23:45:00,0.17520796126371382,0.07580766666169328,0,0
S7,2024-01-11 00:00:00,1.0,0.35932907091421307,1,0
S7,2024-01-11 00:15:00,0.34635656132082815,0.3484155057092912,0,0
S7,2024-01-11 00:30:00,0.2338990529037207,0.38987479625735727,0,0
S7,2024-01-11 00:45:00,0.3278472488028015,0.6347774016625185,0,0
S7,2024-01-11 01:00:00,0.267427125095874,0.45639982258415934,0,0
S7,2024-01-11 01:15:00,0.1985658758895195,0.41202902194721064,0,0
S7,2024-01-11 01:30:00,0.3167165850688578,0.46209854892469926,0,0
S7,2024-01-11 01:45:00,0.1748905573572365,0.39345491732721216,0,0
S7,2024-01-11 02:00:00,0.3239507223970937,0.470114487127076,0,0
S7,2024-01-11 02:15:00,0.18820809116006698,0.4614732628011955,0,0
S7,2024-01-11 02:30:00,0.12340196475313649,0.35895867842494894,0,0
S7,2024-01-11 02:45:00,0.2114972780609806,0.38395626358795987,0,0
S7,2024-01-11 03:00:00,0.23956664850858006,0.5098743280984506,0,0
S7,2024-01-11 03:15:00,0.14004482144357888,0.6028516472410334,0,0
S7,2024-01-11 03:30:00,0.10738103121822835,0.28530236594482805,0,0
S7,2024-01-11 03:45:00,0.1662846580989473,0.27412331501790227,0,0
S7,2024-01-11 04:00:00,0.17030901939369125,0.3320581840681753,0,0
S7,2024-01-11 04:15:00,0.17880521636026164,0.6827896545456189,0,1
S7,2024-01-11 04:30:00,0.11590203343587788,0.3269875059803786,0,0
S7,2024-01-11 04:45:00,0.1299643473891643,0.36185748171132026,0,0
S7,2024-01-11 05:00:00,0.15357606680718858,0.5342473007546263,0,0
S7,2024-01-11 05:15:00,0.12383010695309518,0.3827350707611825,0,0
S7,2024-01-11 05:30:00,0.12275311674283482,0.25758102619257717,0,0
S7,2024-01-11 05:45:00,0.161594177087503,0.4900114749644867,0,0
S7,2024-01-11 06:00:00,0.07627684374002734,0.2004556074897105,0,0
S7,2024-01-11 06:15:00,0.1769497093335976,0.6143515479544742,0,0
S7,2024-01-11 06:30:00,0.23655534457254748,0.31843363758727844,0,0
S7,2024-01-11 06:45:00,0.26093402292119977,0.4600211504822502,0,0
S7,2024-01-11 07:00:00,0.20938946258572028,0.23917234572612284,0,0
S7,2024-01-11 07:15:00,0.2706572604216822,0.35510755789149456,0,0
S7,2024-01-11 07:30:00,0.18589996656849445,0.34775685478783197,0,0
S7,2024-01-11 07:45:00,0.08882077899160948,0.3010184099980492,0,0
S7,2024-01-11 08:00:00,0.27226847216378935,0.557353285663529,0,0
S7,2024-01-11 08:15:00,0.06804589735401456,0.3617756870139992,0,0
S7,2024-01-11 08:30:00,0.2542824612790934,0.4669721277041167,0,0
S7,2024-01-11 08:45:00,0.09837060041817357,0.3985823054041687,0,0
S7,2024-01-11 09:00:00,0.12084345731258075,0.3395704116585615,0,0
S7,2024-01-11 09:15:00,0.1971363294865835,0.43840762308084136,0,0
S7,2024-01-11 09:30:00,0.29211025082017716,0.5593756683475128,0,0
S7,2024-01-11 09:45:00,0.2965355588550684,0.5843845133275433,0,0
S7,2024-01-11 10:00:00,0.1849320847099846,0.34254416695248135,0,0
S7,2024-01-11 10:15:00,0.24244489148765136,0.3817072466140899,0,0
S7,2024-01-11 10:30:00,0.2203369634052486,0.45055282698183163,0,0
S7,2024-01-11 10:45:00,0.19244066668089835,0.37008142531300947,0,0
S7,2024-01-11 11:00:00,0.12400845758058195,0.24185413387830162,0,0
S7,2024-01-11 11:15:00,0.23673120580571969,0.2846978108670109,0,0
S7,2024-01-11 11:30:00,0.16745635693895322,0.3699417678812173,0,0
S7,2024-01-11 11:45:00,0.138939797266666,0.3488229810950023,0,0
S7,2024-01-11 12:00:00,0.12004607672362463,0.18791542123259194,0,0
S7,2024-01-11 12:15:00,0.19541475852757867,0.3233756029804483,0,0
S7,2024-01-11 12:30:00,0.1808731471562475,0.3791066056504503,0,0
S7,2024-01-11 12:45:00,0.14850101839867635,0.57019162460283,0,0
S7,2024-01-11 13:00:00,0.07271929731420897,0.3394062382889117,0,0
S7,2024-01-11 13:15:00,0.10666992470255354,0.46971749295502063,0,0
S7,2024-01-11 13:30:00,0.1727741053302138,0.3148061694409381,0,0
S7,2024-01-11 13:45:00,0.1791059929648948,0.37051850487618626,0,0
S7,2024-01-11 14:00:00,0.12586065533165147,0.3963853660667786,0,0
S7,2024-01-11 14:15:00,0.07577447516546701,0.41298496443627813,0,0
S7,2024-01-11 14:30:00,0.11844606903270748,0.24876321673979573,0,0
S7,2024-01-11 14:45:00,0.0230476932184174,0.20834942052293232,0,0
S7,2024-01-11 15:00:00,0.07361645443146013,0.2683148521377915,0,0
S7,2024-01-11 15:15:00,0.08764574396253288,0.3367278636696232,0,0
S7,2024-01-11 15:30:00,0.22808839971306252,0.5041937581204434,0,0
S7,2024-01-11 15:45:00,0.1578775131668474,0.4425907933053,0,0
S7,2024-01-11 16:00:00,0.0,0.22182032826013437,0,0
S7,2024-01-11 16:15:00,0.10097582801531983,0.3669319616775088,0,0
S7,2024-01-11 16:30:00,0.07750407678557353,0.3700901381944296,0,0
S7,2024-01-11 16:45:00,0.023312397086413552,0.21981131761785214,0,0
S7,2024-01-11 17:00:00,0.08948523116636245,0.47119298837996254,0,0
S7,2024-01-11 17:15:00,0.1364074700208576,0.5444933429225316,0,0
S7,2024-01-11 17:30:00,0.1893084197364826,0.344030098925557,0,0
S7,2024-01-11 17:45:00,0.2425453098770909,0.5355740652700642,0,0
S7,2024-01-11 18:00:00,0.22385952910273535,0.5832815575194291,0,0
S7,2024-01-11 18:15:00,0.20581593239891072,0.3819141781969497,0,0
S7,2024-01-11 18:30:00,0.18841033540415147,0.3819141781969497,0,0
S7,2024-01-11 18:45:00,0.15738983335372153,0.4451391710259355,0,0
S7,2024-01-11 19:00:00,0.127922569993947,0.4200214903580016,0,0
S7,2024-01-11 19:15:00,0.16652485744565143,0.45447463856492665,0,0
S7,2024-01-11 19:30:00,0.25414454775262163,0.43647432071221287,0,0
S7,2024-01-11 19:45:00,0.22878108204013423,0.5233555257146352,0,0
S7,2024-01-11 20:00:00,0.3394502981513081,0.511603320866263,0,0
S7,2024-01-11 20:15:00,0.27386931065903397,0.5847352800187674,0,0
S7,2024-01-11 20:30:00,0.28131217906511174,0.6811975765246471,0,1
S7,2024-01-11 20:45:00,0.27465746137840485,0.5415808239597263,0,0
S7,2024-01-11 21:00:00,0.28648300651823055,0.3881672718413391,0,0
S7,2024-01-11 21:15:00,0.27897933775552025,0.4194347454325632,0,0
S7,2024-01-11 21:30:00,0.3185739155086072,0.5832598503659757,0,0
S7,2024-01-11 21:45:00,0.3319993019174288,0.37918350713291044,0,0
S7,2024-01-11 22:00:00,0.22110180512502914,0.405303049095814,0,0
S7,2024-01-11 22:15:00,0.3311699580211424,0.405303049095814,0,0
S7,2024-01-11 22:30:00,0.30882875578413593,0.39699412470026557,0,0
S7,2024-01-11 22:45:00,0.20478097830976483,0.22994304631330012,0,0
S7,2024-01-11 23:00:00,0.14658891696761936,0.1762253587979016,0,0
S7,2024-01-11 23:15:00,0.17798439774761282,0.26188204141364796,0,0
S7,2024-01-11 23:30:00,0.1411128016354058,0.37048788735388866,0,0
S7,2024-01-11 23:45:00,0.25871239303181554,0.6057991140973589,0,0
S7,2024-01-12 00:00:00,0.42798381657407136,0.442700208552189,0,0
S7,2024-01-12 00:15:00,0.4331951562863795,0.5451414003491808,0,0
S7,2024-01-12 00:30:00,0.25570161746428,0.2804690478535435,0,0
S7,2024-01-12 00:45:00,0.25328267165799095,0.5095664319683738,0,0
S7,2024-01-12 01:00:00,0.29612442271558903,0.789649777571252,0,1
S7,2024-01-12 01:15:00,0.3502110107584687,0.3963100111221803,0,0
S7,2024-01-12 01:30:00,0.2746634975089683,0.43468546603104097,0,0
S7,2024-01-12 01:45:00,0.20043702135833466,0.41938907688015925,0,0
S7,2024-01-12 02:00:00,0.16606598093833677,0.34511983023177417,0,0
S7,2024-01-12 02:15:00,0.22458805852267558,0.5125253627049418,0,0
S7,2024-01-12 02:30:00,0.27212111362470465,0.5383914948756082,0,0
S7,2024-01-12 02:45:00,0.1891717188457701,0.366313132342355,0,0
S7,2024-01-12 03:00:00,0.12547848150474974,0.30712004476706906,0,0
S7,2024-01-12 03:15:00,0.25201426024491996,0.5175990328163097,0,0
S7,2024-01-12 03:30:00,0.21532813364782177,0.5032685742578397,0,0
S7,2024-01-12 03:45:00,0.23533873546773906,0.4544265619934714,0,0
S7,2024-01-12 04:00:00,0.19535126951457682,0.21829636115006254,0,0
S7,2024-01-12 04:15:00,0.10293381777808835,0.2909211967094981,0,0
S7,2024-01-12 04:30:00,0.10467658155526095,0.3239238900813315,0,0
S7,2024-01-12 04:45:00,0.07264707663537916,0.3082460491622273,0,0
S7,2024-01-12 05:00:00,0.03360335036241421,0.2967877841377935,0,0
S7,2024-01-12 05:15:00,0.057593690571935384,0.31521742899345345,0,0
S7,2024-01-12 05:30:00,0.17624870179951957,0.4590548433080504,0,0
S7,2024-01-12 05:45:00,0.15610354777707008,0.2970729030498175,0,0
S7,2024-01-12 06:00:00,0.17015156221950622,0.5098942891613866,0,0
S7,2024-01-12 06:15:00,0.10509403780892697,0.4566532275354386,0,0
S7,2024-01-12 06:30:00,0.21172501924352566,0.648891860786542,0,0
S7,2024-01-12 06:45:00,0.25953872784600934,0.2963385794393698,0,0
S7,2024-01-12 07:00:00,0.18721411690184903,0.31134301045199236,0,0
S7,2024-01-12 07:15:00,0.13763929236647274,0.26542238180230765,0,0
S7,2024-01-12 07:30:00,0.18057279273629231,0.5499621918788209,0,0
S7,2024-01-12 07:45:00,0.2060413733395807,0.3368752608663243,0,0
S7,2024-01-12 08:00:00,0.17938569898900256,0.29834080277656555,0,0
S7,2024-01-12 08:15:00,0.2319116887524383,0.5563250696314473,0,0
S7,2024-01-12 08:30:00,0.21937930892735832,0.30287735237643937,0,0
S7,2024-01-12 08:45:00,0.27837827784916874,0.5148805283753543,0,0
S7,2024-01-12 09:00:00,0.1898692461556834,0.3033159652148921,0,0
S7,2024-01-12 09:15:00,0.16400919826521201,0.4072431887755949,0,0
S7,2024-01-12 09:30:00,0.22447281669713504,0.4594575110414206,0,0
S7,2024-01-12 09:45:00,0.19992186735938564,0.34218087441090306,0,0
S7,2024-01-12 10:00:00,0.20992569666670302,0.3596732296792602,0,0
S7,2024-01-12 10:15:00,0.23599654218663055,0.367474342124228,0,0
S7,2024-01-12 10:30:00,0.21249964939434712,0.3772677537878755,0,0
S7,2024-01-12 10:45:00,0.3968844452438001,0.519551817328919,0,0
S7,2024-01-12 11:00:00,0.31780312503010816,0.4860784238841314,0,0
S7,2024-01-12 11:15:00,0.16539237428694706,0.39412571748750724,0,0
S7,2024-01-12 11:30:00,0.20058902120458114,0.23430597038233605,0,0
S7,2024-01-12 11:45:00,0.23909100647741183,0.29699343262612987,0,0
S7,2024-01-12 12:00:00,0.1794493083439881,0.39272616899558815,0,0
S7,2024-01-12 12:15:00,0.289541845463947,0.4341965479746227,0,0
S7,2024-01-12 12:30:00,0.14343214748123576,0.33462066056471035,0,0
S7,2024-01-12 12:45:00,0.2238197092490575,0.48470841725175534,0,0
S7,2024-01-12 13:00:00,0.20894533751167196,0.5949105504076801,0,0
S7,2024-01-12 13:15:00,0.1498784379876814,0.3325417309643437,0,0
S7,2024-01-12 13:30:00,0.1704434230133771,0.2934932780481074,0,0
S7,2024-01-12 13:45:00,0.15764514102779173,0.3580239100399692,0,0
S7,2024-01-12 14:00:00,0.11542235004170052,0.37259639951556295,0,0
S7,2024-01-12 14:15:00,0.09957025846550947,0.5539673146758037,0,0
S7,2024-01-12 14:30:00,0.10419921078530073,0.37583911197962977,0,0
S7,2024-01-12 14:45:00,0.22361628922224652,0.5690089634765984,0,0
S7,2024-01-12 15:00:00,0.14747845325512834,0.3914846791387682,0,0
S7,2024-01-12 15:15:00,0.18441047774638455,0.3946692719974891,0,0
S7,2024-01-12 15:30:00,0.08547214219926104,0.2280399948940953,0,0
S7,2024-01-12 15:45:00,0.15053343463453828,0.5326624080797976,0,0
S7,2024-01-12 16:00:00,0.09040378408640029,0.4594913912318161,0,0
S7,2024-01-12 16:15:00,0.016695797091242196,0.273278206632697,0,0
S7,2024-01-12 16:30:00,0.06707514876273478,0.12794133303447378,0,0
S7,2024-01-12 16:45:00,0.130570142589819,0.30714874675387127,0,0
S7,2024-01-12 17:00:00,0.2461466046502724,0.46829743090064596,0,0
S7,2024-01-12 17:15:00,0.17899331291607698,0.3936351972872249,0,0
S7,2024-01-12 17:30:00,0.21303803294974116,0.432539708833467,0,0
S7,2024-01-12 17:45:00,0.170291619713414,0.5629033460029179,0,0
S7,2024-01-12 18:00:00,0.17832027119394173,0.3274109051179165,0,0
S7,2024-01-12 18:15:00,0.4189571518661678,0.6298362829638505,0,0
S7,2024-01-12 18:30:00,0.28159703454527923,0.5728612718721167,0,0
S7,2024-01-12 18:45:00,0.25426460693338765,0.5050750062516849,0,0
S7,2024-01-12 19:00:00,0.3953929826158978,0.5728832659846481,0,0
S7,2024-01-12 19:15:00,0.24948069783718996,0.43164437244506804,0,0
S7,2024-01-12 19:30:00,0.293907701466756,0.4688155029829153,0,0
S7,2024-01-12 19:45:00,0.2600965361997729,0.42302343050815894,0,0
S7,2024-01-12 20:00:00,0.2652316696311365,0.5821671046860873,0,0
S7,2024-01-12 20:15:00,0.23280310463004925,0.5759641052536848,0,0
S7,2024-01-12 20:30:00,0.37117090795480107,0.6939891395273518,0,1
S7,2024-01-12 20:45:00,0.1895142115681936,0.4571965322704573,0,0
S7,2024-01-12 21:00:00,0.195890897183673,0.4091914089188233,0,0
S7,2024-01-12 21:15:00,0.3750599178564384,0.5067523571318492,0,0
S7,2024-01-12 21:30:00,0.2961698015358172,0.4592109020181094,0,0
S7,2024-01-12 21:45:00,0.2904540504700641,0.380526894770761,0,0
S7,2024-01-12 22:00:00,0.3300177377079675,0.5918788177877313,0,0
S7,2024-01-12 22:15:00,0.2648340433515197,0.33665030140974894,0,0
S7,2024-01-12 22:30:00,0.309498861031596,0.46803026634845213,0,0
S7,2024-01-12 22:45:00,0.4189078447747577,0.6529697306557495,0,0
S7,2024-01-12 23:00:00,0.24917297870747135,0.4060578049787782,0,0
S7,2024-01-12 23:15:00,0.24348860328925853,0.35090240857067234,0,0
S7,2024-01-12 23:30:00,0.23170773169155026,0.36922987177052924,0,0
S7,2024-01-12 23:45:00,0.15481469414506596,0.30709011164796546,0,0
S7,2024-01-13 00:00:00,0.48321432097843936,0.5829000009366331,0,0
S7,2024-01-13 00:15:00,0.5074187216286071,0.5132549040791358,1,0
S7,2024-01-13 00:30:00,0.31135653633677923,0.3499515359981056,0,0
S7,2024-01-13 00:45:00,0.2768168564225264,0.32510543992142954,0,0
S7,2024-01-13 01:00:00,0.21531283781657606,0.2988814502953823,0,0
S7,2024-01-13 01:15:00,0.38817701149795786,0.5605271947630448,0,0
S7,2024-01-13 01:30:00,0.29687843553555887,0.498802756531397,0,0
S7,2024-01-13 01:45:00,0.40482318169575954,0.7981465574861505,0,1
S7,2024-01-13 02:00:00,0.31587668525919915,0.5711623663508538,0,0
S7,2024-01-13 02:15:00,0.3558417793364019,0.5416664728570736,0,0
S7,2024-01-13 02:30:00,0.2511322594062197,0.39927000560052495,0,0
S7,2024-01-13 02:45:00,0.24856086698389968,0.3694798796108108,0,0
S7,2024-01-13 03:00:00,0.29640224892207967,0.7229442715201712,0,1
S7,2024-01-13 03:15:00,0.3230384576771182,0.5449303725455673,0,0
S7,2024-01-13 03:30:00,0.29015750908830534,0.5656950467024792,0,0
S7,2024-01-13 03:45:00,0.1490729215456162,0.3522893695325977,0,0
S7,2024-01-13 04:00:00,0.2053530492607217,0.4916582285724264,0,0
S7,2024-01-13 04:15:00,0.21068442748905147,0.37877551593390174,0,0
S7,2024-01-13 04:30:00,0.35743234101933175,0.49560482142795353,0,0
S7,2024-01-13 04:45:00,0.2908034403085563,0.3585338297687734,0,0
S7,2024-01-13 05:00:00,0.11970452046264746,0.2623462923386479,0,0
S7,2024-01-13 05:15:00,0.061853130220186216,0.4783736481954868,0,0
S7,2024-01-13 05:30:00,0.1365529999613085,0.3550382426105016,0,0
S7,2024-01-13 05:45:00,0.04793446822054741,0.30198404629189707,0,0
S7,2024-01-13 06:00:00,0.07197890598386456,0.21098783250685385,0,0
S7,2024-01-13 06:15:00,0.12320083844581149,0.30869735591630104,0,0
S7,2024-01-13 06:30:00,0.1421945617977278,0.4591840245616906,0,0
S7,2024-01-13 06:45:00,0.1877077054210239,0.48395066475620097,0,0
S7,2024-01-13 07:00:00,0.07918675645851873,0.2255750973500789,0,0
S7,2024-01-13 07:15:00,0.1391631413050278,0.3616051089762765,0,0
S7,2024-01-13 07:30:00,0.16170919508506648,0.1891526432849729,0,0
S7,2024-01-13 07:45:00,0.0973493008721235,0.23594196094568984,0,0
S7,2024-01-13 08:00:00,0.11306744996938961,0.4513270806011009,0,0
S7,2024-01-13 08:15:00,0.1926571363946486,0.3508086196995893,0,0
S7,2024-01-13 08:30:00,0.07238547309101451,0.2947163553940999,0,0
S7,2024-01-13 08:45:00,0.14808310834445046,0.28072979714322727,0,0
S7,2024-01-13 09:00:00,0.20701183647790147,0.5414066978906423,0,0
S7,2024-01-13 09:15:00,0.15253565236495678,0.2318406566419519,0,0
S7,2024-01-13 09:30:00,0.07023967070499221,0.3551765777568927,0,0
S7,2024-01-13 09:45:00,0.06716751710390079,0.14320010509522102,0,0
S7,2024-01-13 10:00:00,0.15328135063468093,0.19119687097975874,0,0
S7,2024-01-13 10:15:00,0.1648708460538549,0.15103289565198802,0,0
S7,2024-01-13 10:30:00,0.27684684479862015,0.28784942366724686,0,0
S7,2024-01-13 10:45:00,0.11235223902258226,0.24868199642128724,0,0
S7,2024-01-13 11:00:00,0.1477061767630454,0.36529722816963706,0,0
S7,2024-01-13 11:15:00,0.11039781940057622,0.3686771791000642,0,0
S7,2024-01-13 11:30:00,0.143576521385152,0.4281391410710051,0,0
S7,2024-01-13 11:45:00,0.1656933717781674,0.5623317948686076,0,0
S7,2024-01-13 12:00:00,0.08254106550699135,0.2557605596947434,0,0
S7,2024-01-13 12:15:00,0.15319883985592664,0.48697554110144464,0,0
S7,2024-01-13 12:30:00,0.03329031325173233,0.414174065088819,0,0
S7,2024-01-13 12:45:00,0.012743439721016657,0.2495410431634657,0,0
S7,2024-01-13 13:00:00,0.15082815454703336,0.22287395234503415,0,0
S7,2024-01-13 13:15:00,0.18471210587723624,0.49556889524332187,0,0
S7,2024-01-13 13:30:00,0.3264715047297182,0.6511378375801639,0,0
S7,2024-01-13 13:45:00,0.13271698326939593,0.5126342722177084,0,0
S7,2024-01-13 14:00:00,0.11089982774562464,0.30177813862198327,0,0
S7,2024-01-13 14:15:00,0.10582150164498558,0.29403145148662174,0,0
S7,2024-01-13 14:30:00,0.12232389556667266,0.3785265634309614,0,0
S7,2024-01-13 14:45:00,0.14393565771137162,0.4460446575385437,0,0
S7,2024-01-13 15:00:00,0.05462661687472351,0.34571727597681845,0,0
S7,2024-01-13 15:15:00,0.13653558373939303,0.5145350509978643,0,0
S7,2024-01-13 15:30:00,0.1242905532908561,0.2990795140203359,0,0
S7,2024-01-13 15:45:00,0.1670004994013469,0.4061509803188206,0,0
S7,2024-01-13 16:00:00,0.2093221965172103,0.4352647935445499,0,0
S7,2024-01-13 16:15:00,0.25941707700383987,0.25369082330269127,0,0
S7,2024-01-13 16:30:00,0.19222100127981678,0.38563182872103063,0,0
S7,2024-01-13 16:45:00,0.10990130662977246,0.3979548008638029,0,0
S7,2024-01-13 17:00:00,0.17934999005515082,0.32044664652233007,0,0
S7,2024-01-13 17:15:00,0.1709460561214955,0.5577213163987702,0,0
S7,2024-01-13 17:30:00,0.05829466579974966,0.19190457773811956,0,0
S7,2024-01-13 17:45:00,0.1828754871451905,0.5806879476122098,0,0
S7,2024-01-13 18:00:00,0.14324351933740995,0.474938646740201,0,0
S7,2024-01-13 18:15:00,0.1808680237201622,0.2873638519161284,0,0
S7,2024-01-13 18:30:00,0.09462681986163443,0.21000535698896838,0,0
S7,2024-01-13 18:45:00,0.1870370100981345,0.36082156332679943,0,0
S7,2024-01-13 19:00:00,0.196429900644589,0.49679234310789955,0,0
S7,2024-01-13 19:15:00,0.30052831212160724,0.47022153071414147,0,0
S7,2024-01-13 19:30:00,0.2430434293266738,0.41326233665069423,0,0
S7,2024-01-13 19:45:00,0.16254029633502692,0.283218828029633,0,0
S7,2024-01-13 20:00:00,0.14333294042692904,0.3641863436267159,0,0
S7,2024-01-13 20:15:00,0.1667621078239814,0.40527756061573705,0,0
S7,2024-01-13 20:30:00,0.15899590789804438,0.24215627472041512,0,0
S7,2024-01-13 20:45:00,0.1320002457033682,0.38010242873802486,0,0
S7,2024-01-13 21:00:00,0.20354811879593654,0.27951913271272716,0,0
S7,2024-01-13 21:15:00,0.12384281926278752,0.2588533837119384,0,0
S7,2024-01-13 21:30:00,0.2873289835883761,0.6282100757953614,0,0
S7,2024-01-13 21:45:00,0.2810295421567044,0.5190699428718669,0,0
S7,2024-01-13 22:00:00,0.1885945644154573,0.30530617265573534,0,0
S7,2024-01-13 22:15:00,0.2289681681290175,0.47938383198340523,0,0
S7,2024-01-13 22:30:00,0.24199978754215634,0.5480013257559947,0,0
S7,2024-01-13 22:45:00,0.2709451638677436,0.5937531508259871,0,0
S7,2024-01-13 23:00:00,0.12457725038261161,0.20776739048584023,0,0
S7,2024-01-13 23:15:00,0.30373780179360216,0.4088249872941831,0,0
S7,2024-01-13 23:30:00,0.1346822652449059,0.27672115605171826,0,0
S7,2024-01-13 23:45:00,0.17871616335432008,0.3659904097392735,0,0
S7,2024-01-14 00:00:00,0.4176382139178922,0.6208357473207099,0,0
S7,2024-01-14 00:15:00,0.2859580135296761,0.38402025927752376,0,0
S7,2024-01-14 00:30:00,0.19387913170831547,0.467047779436467,0,0
S7,2024-01-14 00:45:00,0.19147803335830701,0.3162229585120283,0,0
S7,2024-01-14 01:00:00,0.19303509853338335,0.5365209156751265,0,0
S7,2024-01-14 01:15:00,0.2083585014833949,0.46063285981119195,0,0
S7,2024-01-14 01:30:00,0.1934267438836961,0.4108114999905608,0,0
S7,2024-01-14 01:45:00,0.24049781604052325,0.35399893743029875,0,0
S7,2024-01-14 02:00:00,0.2511954886312101,0.31008911463195116,0,0
S7,2024-01-14 02:15:00,0.2620047527168746,0.33363463289776885,0,0
S7,2024-01-14 02:30:00,0.30713682357285443,0.6062118406789632,0,0
S7,2024-01-14 02:45:00,0.2186733102080271,0.3365819855420292,0,0
S7,2024-01-14 03:00:00,0.29775910413755713,0.5323815935595101,0,0
S7,2024-01-14 03:15:00,0.21223307751649306,0.42375139576415055,0,0
S7,2024-01-14 03:30:00,0.23438549081790758,0.29160037504627806,0,0
S7,2024-01-14 03:45:00,0.2589722819189026,0.6097219446883757,0,0
S7,2024-01-14 04:00:00,0.3030821762108313,0.45763127985644503,0,0
S7,2024-01-14 04:15:00,0.2662815179587258,0.43146763042274716,0,0
S7,2024-01-14 04:30:00,0.1458715454328591,0.33589509765209297,0,0
S7,2024-01-14 04:45:00,0.20986387048195906,0.4258072357998772,0,0
S7,2024-01-14 05:00:00,0.20438337467895135,0.5242370912976481,0,0
S7,2024-01-14 05:15:00,0.17460471723944887,0.4022518627967113,0,0
S7,2024-01-14 05:30:00,0.11138871635916202,0.39046495369431755,0,0
S7,2024-01-14 05:45:00,0.17833217699042103,0.38120407241010457,0,0
S7,2024-01-14 06:00:00,0.09692634895332221,0.33204961135823674,0,0
S7,2024-01-14 06:15:00,0.15688053247824535,0.2508909806197898,0,0
S7,2024-01-14 06:30:00,0.13324398731189727,0.49544829916683353,0,0
S7,2024-01-14 06:45:00,0.11855610762483225,0.36553659264536104,0,0
S7,2024-01-14 07:00:00,0.19823564237242694,0.3471104080567369,0,0
S7,2024-01-14 07:15:00,0.21621848016368203,0.5720928623331946,0,0
S7,2024-01-14 07:30:00,0.09594344827791666,0.2252783335096035,0,0
S7,2024-01-14 07:45:00,0.17233523370200196,0.371029183178098,0,0
S7,2024-01-14 08:00:00,0.16804811785351892,0.3687322654972242,0,0
S7,2024-01-14 08:15:00,0.11176607463807006,0.22336127178210996,0,0
S7,2024-01-14 08:30:00,0.07516585442066057,0.29891023989251697,0,0
S7,2024-01-14 08:45:00,0.14500444150989156,0.211228790918498,0,0
S7,2024-01-14 09:00:00,0.18729257747783032,0.49665261303751645,0,0
S7,2024-01-14 09:15:00,0.22366970809491918,0.3190897083762986,0,0
S7,2024-01-14 09:30:00,0.06768292652187123,0.21866089343697817,0,0
S7,2024-01-14 09:45:00,0.06282873475428112,0.21491990481316026,0,0
S7,2024-01-14 10:00:00,0.2271920768209902,0.5254236947715891,0,0
S7,2024-01-14 10:15:00,0.28383627876927525,0.5254236947715891,0,0
S7,2024-01-14 10:30:00,0.29144048099130543,0.4242176586281033,0,0
S7,2024-01-14 10:45:00,0.23354374607485626,0.1851694626356228,0,0
S7,2024-01-14 11:00:00,0.21110002540159784,0.34808276905872837,0,0
S7,2024-01-14 11:15:00,0.22838299401874596,0.3414640503732629,0,0
S7,2024-01-14 11:30:00,0.3287269233014902,0.4058445390111439,0,0
S7,2024-01-14 11:45:00,0.2744549641815055,0.45749995291939705,0,0
S7,2024-01-14 12:00:00,0.16230792114960862,0.44212098996414007,0,0
S7,2024-01-14 12:15:00,0.11232800794019304,0.25962287830357944,0,0
S7,2024-01-14 12:30:00,0.13936440235765288,0.38315516670699196,0,0
S7,2024-01-14 12:45:00,0.1443926524443372,0.3189907946341773,0,0
S7,2024-01-14 13:00:00,0.17011573901523716,0.4798651312970642,0,0
S7,2024-01-14 13:15:00,0.18518862523862442,0.5142728076848014,0,0
S7,2024-01-14 13:30:00,0.18320540503698587,0.561362041578301,0,0
S7,2024-01-14 13:45:00,0.08628409721347062,0.3155481515112762,0,0
S7,2024-01-14 14:00:00,0.28692238358654487,0.6022356563858065,0,0
S7,2024-01-14 14:15:00,0.2879002286428989,0.6774874342631778,0,1
S7,2024-01-14 14:30:00,0.17247924341225734,0.4043386038566237,0,0
S7,2024-01-14 14:45:00,0.27975759117152216,0.2945162733395873,0,0
S7,2024-01-14 15:00:00,0.2687059280635293,0.5153121619804572,0,0
S7,2024-01-14 15:15:00,0.18110867302706612,0.3058395354221967,0,0
S7,2024-01-14 15:30:00,0.17311642266002294,0.3280970529594377,0,0
S7,2024-01-14 15:45:00,0.16930241604645813,0.34033833411454506,0,0
S7,2024-01-14 16:00:00,0.06161200146764561,0.35731731470112543,0,0
S7,2024-01-14 16:15:00,0.14508317818114352,0.38117009618633974,0,0
S7,2024-01-14 16:30:00,0.1294370041523489,0.364841688796975,0,0
S7,2024-01-14 16:45:00,0.106459905863741,0.2726028757937069,0,0
S7,2024-01-14 17:00:00,0.27684287721106937,0.3406359497404551,0,0
S7,2024-01-14 17:15:00,0.156098169136805,0.41414474458763756,0,0
S7,2024-01-14 17:30:00,0.11793364314490495,0.24403340666981008,0,0
S7,2024-01-14 17:45:00,0.20332182542690194,0.4305774316173325,0,0
S7,2024-01-14 18:00:00,0.15656659471327392,0.24877652285028806,0,0
S7,2024-01-14 18:15:00,0.155965939898653,0.3778495536529821,0,0
S7,2024-01-14 18:30:00,0.1786975863807669,0.3253071448941637,0,0
S7,2024-01-14 18:45:00,0.2083655176919461,0.3712957495970997,0,0
S7,2024-01-14 19:00:00,0.24683523644137625,0.5206214213033971,0,0
S7,2024-01-14 19:15:00,0.14774562389068605,0.1637003290464292,0,0
S7,2024-01-14 19:30:00,0.2647022534774923,0.46527436992570154,0,0
S7,2024-01-14 19:45:00,0.15462548931076908,0.2479271021809695,0,0
S7,2024-01-14 20:00:00,0.19969792966499664,0.31870891091700126,0,0
S7,2024-01-14 20:15:00,0.1906394736170875,0.26345224278087054,0,0
S7,2024-01-14 20:30:00,0.24807147611746042,0.36982119339665614,0,0
S7,2024-01-14 20:45:00,0.2005582776649332,0.337231228156572,0,0
S7,2024-01-14 21:00:00,0.2373460079286411,0.4185562567240432,0,0
S7,2024-01-14 21:15:00,0.2096087791540175,0.3601385531349361,0,0
S7,2024-01-14 21:30:00,0.21992641527907392,0.29462207310184974,0,0
S7,2024-01-14 21:45:00,0.2320451024335734,0.3414560648122159,0,0
S7,2024-01-14 22:00:00,0.38056680174943763,0.852199504639749,0,1
S7,2024-01-14 22:15:00,0.31991233191836,0.36938704197575367,0,0
S7,2024-01-14 22:30:00,0.22433915084120634,0.19861439583566512,0,0
S7,2024-01-14 22:45:00,0.17669365379716276,0.5572221560789831,0,0
S7,2024-01-14 23:00:00,0.3062939641354483,0.5568445064476898,0,0
S7,2024-01-14 23:15:00,0.24642614623144762,0.33006572205613993,0,0
S7,2024-01-14 23:30:00,0.2611318702264934,0.33161243927867023,0,0
S7,2024-01-14 23:45:00,0.4049753803678793,0.5282263401675035,0,0
S7,2024-01-15 00:00:00,0.27921355502977363,0.4008756325844381,0,0
S7,2024-01-15 00:15:00,0.3561418783934603,0.5599438180141143,0,0
S7,2024-01-15 00:30:00,0.36249121676676804,0.5412933664502201,0,0
S7,2024-01-15 00:45:00,0.23778632079183226,0.6557586779907231,0,0
S7,2024-01-15 01:00:00,0.23534764299851696,0.41295284328308324,0,0
S7,2024-01-15 01:15:00,0.14693532089263314,0.3250452150915498,0,0
S7,2024-01-15 01:30:00,0.2542687508481565,0.383826065667241,0,0
S7,2024-01-15 01:45:00,0.17477820234844046,0.46467320557861536,0,0
S7,2024-01-15 02:00:00,0.17251299056815883,0.4070639913499926,0,0
S7,2024-01-15 02:15:00,0.15402761228733897,0.42875301177533115,0,0
S7,2024-01-15 02:30:00,0.1346339874814182,0.410688353462059,0,0
S7,2024-01-15 02:45:00,0.23237103009302829,0.5077078381749122,0,0
S7,2024-01-15 03:00:00,0.17345729259236575,0.6330035483845712,0,0
S7,2024-01-15 03:15:00,0.09015152408109327,0.46108895631243224,0,0
S7,2024-01-15 03:30:00,0.11090833368912231,0.32838800742021745,0,0
S7,2024-01-15 03:45:00,0.1763266392765937,0.5003092557245297,0,0
S7,2024-01-15 04:00:00,0.04607691284411298,0.2763973500221644,0,0
S7,2024-01-15 04:15:00,0.21792898003802108,0.4487898949590056,0,0
S7,2024-01-15 04:30:00,0.06904567621975334,0.3457335445199927,0,0
S7,2024-01-15 04:45:00,0.06576654483457046,0.3615162648279006,0,0
S7,2024-01-15 05:00:00,0.05859882678785775,0.3615162648279006,0,0
S7,2024-01-15 05:15:00,0.06856165602121173,0.23561048693892525,0,0
S7,2024-01-15 05:30:00,0.14442747084374846,0.349531453657914,0,0
S7,2024-01-15 05:45:00,0.14005370632749023,0.3487713570804328,0,0
S7,2024-01-15 06:00:00,0.12377627849339913,0.36951949935152295,0,0
S7,2024-01-15 06:15:00,0.1773232368348439,0.5066188023747451,0,0
S7,2024-01-15 06:30:00,0.28068318009126864,0.32735007723494824,0,0
S7,2024-01-15 06:45:00,0.04851307095065549,0.1706704683200334,0,0
S7,2024-01-15 07:00:00,0.31398802375692797,0.5478323512417934,0,0
S7,2024-01-15 07:15:00,0.17585519639868438,0.2945386280131051,0,0
S7,2024-01-15 07:30:00,0.08610160763757421,0.43196737402334334,0,0
S7,2024-01-15 07:45:00,0.22538978848011873,0.4307945616866326,0,0
S7,2024-01-15 08:00:00,0.10268787144071477,0.2777389283970276,0,0
S7,2024-01-15 08:15:00,0.2884458275547948,0.6233449219725374,0,0
S7,2024-01-15 08:30:00,0.21103318162091902,0.4431440881538846,0,0
S7,2024-01-15 08:45:00,0.2461272691286234,0.4312650904489334,0,0
S7,2024-01-15 09:00:00,0.11186773132611497,0.4169041995575178,0,0
S7,2024-01-15 09:15:00,0.13026840321386265,0.34739312681745677,0,0
S7,2024-01-15 09:30:00,0.11435336955037767,0.31142023853947687,0,0
S7,2024-01-15 09:45:00,0.17389113754983881,0.43194485692569995,0,0
S7,2024-01-15 10:00:00,0.18634306564738182,0.3792969965123395,0,0
S7,2024-01-15 10:15:00,0.19410253339579384,0.46375188154166586,0,0
S7,2024-01-15 10:30:00,0.20207218083647255,0.5505474282763617,0,0
S7,2024-01-15 10:45:00,0.23895441868941972,0.2922980894968625,0,0
S7,2024-01-15 11:00:00,0.14171113654856457,0.3757187350865256,0,0
S7,2024-01-15 11:15:00,0.21173619555281573,0.3426616610382415,0,0
S7,2024-01-15 11:30:00,0.23634394047443005,0.3438455446870206,0,0
S7,2024-01-15 11:45:00,0.21029946218012385,0.33847492591891176,0,0
S7,2024-01-15 12:00:00,0.14572352408428033,0.4007079660432895,0,0
S7,2024-01-15 12:15:00,0.21045062856561994,0.37779991538945057,0,0
S7,2024-01-15 12:30:00,0.10592231803980644,0.38719454839315903,0,0
S7,2024-01-15 12:45:00,0.21226647040907365,0.41178802385479374,0,0
S7,2024-01-15 13:00:00,0.12636511537387984,0.2735529473265094,0,0
S7,2024-01-15 13:15:00,0.13859472780774437,0.3175143959407363,0,0
S7,2024-01-15 13:30:00,0.19566576679757267,0.3870763311665923,0,0
S7,2024-01-15 13:45:00,0.07919900589404644,0.29274467442920804,0,0
S7,2024-01-15 14:00:00,0.12356871133112723,0.49183617174952327,0,0
S7,2024-01-15 14:15:00,0.1517581153333844,0.3285374253999819,0,0
S7,2024-01-15 14:30:00,0.2013911295363138,0.3789196971818911,0,0
S7,2024-01-15 14:45:00,0.10406978533553055,0.3168509001565123,0,0
S7,2024-01-15 15:00:00,0.09856490799079776,0.39138069034549117,0,0
S7,2024-01-15 15:15:00,0.13848979397368924,0.31430292906547064,0,0
S7,2024-01-15 15:30:00,0.10971799018528454,0.6093390390817754,0,0
S7,2024-01-15 15:45:00,0.19002096129188775,0.4045712059396373,0,0
S7,2024-01-15 16:00:00,0.05840112622749275,0.22530269109932372,0,0
S7,2024-01-15 16:15:00,0.1268577768300065,0.2501855894016698,0,0
S7,2024-01-15 16:30:00,0.06149984590447486,0.31781266045118123,0,0
S7,2024-01-15 16:45:00,0.05981722026425269,0.2488823650602438,0,0
S7,2024-01-15 17:00:00,0.08642275733809478,0.30800629622209275,0,0
S7,2024-01-15 17:15:00,0.18824329511387608,0.27975595326004316,0,0
S7,2024-01-15 17:30:00,0.1417195153421155,0.34181901755939564,0,0
S7,2024-01-15 17:45:00,0.11736217600789657,0.21977535402579457,0,0
S7,2024-01-15 18:00:00,0.09412337038847265,0.26537031649332077,0,0
S7,2024-01-15 18:15:00,0.287128225050853,0.4678372678428839,0,0
S7,2024-01-15 18:30:00,0.21526017604329795,0.35138101728015514,0,0
S7,2024-01-15 18:45:00,0.37007673736723057,0.7088686444521515,0,1
S7,2024-01-15 19:00:00,0.2604261281409993,0.47209998481553994,0,0
S7,2024-01-15 19:15:00,0.25048900491901704,0.41933466321497537,0,0
S7,2024-01-15 19:30:00,0.3203926420289715,0.4625117497520387,0,0
S7,2024-01-15 19:45:00,0.33185786251377775,0.5470060142804365,0,0
S7,2024-01-15 20:00:00,0.23602592807925626,0.4428221450932547,0,0
S7,2024-01-15 20:15:00,0.2400642639824853,0.526398021894615,0,0
S7,2024-01-15 20:30:00,0.38790117386132406,0.5729581573845498,0,0
S7,2024-01-15 20:45:00,0.2739381561678341,0.44743245157001327,0,0
S7,2024-01-15 21:00:00,0.3051951398187753,0.46688536522816754,0,0
S7,2024-01-15 21:15:00,0.28596863506949005,0.4520443061607463,0,0
S7,2024-01-15 21:30:00,0.26433742530143817,0.4424527375105297,0,0
S7,2024-01-15 21:45:00,0.3920774576375384,0.5417084540479162,0,0
S7,2024-01-15 22:00:00,0.3180581390457122,0.5938268162679302,0,0
S7,2024-01-15 22:15:00,0.3288558809633476,0.3258433258032179,0,0
S7,2024-01-15 22:30:00,0.4142572884968788,0.7152678880003959,0,1
S7,2024-01-15 22:45:00,0.4384493665087179,0.42871978970911767,0,0
S7,2024-01-15 23:00:00,0.3171511420588128,0.29882189473658116,0,0
S7,2024-01-15 23:15:00,0.25398205207115043,0.2685986075834811,0,0
S7,2024-01-15 23:30:00,0.24166366272632175,0.37248094274980925,0,0
S7,2024-01-15 23:45:00,0.10312716201291633,0.23728781777872976,0,0
S7,2024-01-16 00:00:00,0.3896920672304422,0.5125205221399496,0,0
S7,2024-01-16 00:15:00,0.2702569788523486,0.35123882790216937,0,0
S7,2024-01-16 00:30:00,0.23553124581322601,0.48463568187675965,0,0
S7,2024-01-16 00:45:00,0.3418314740990713,0.4357324413194235,0,0
S7,2024-01-16 01:00:00,0.2977915422320053,0.5131959654944332,0,0
S7,2024-01-16 01:15:00,0.2214491522992143,0.3999708704426508,0,0
S7,2024-01-16 01:30:00,0.149969566483563,0.5568256802030321,0,0
S7,2024-01-16 01:45:00,0.1706376585991774,0.3264725715356326,0,0
S7,2024-01-16 02:00:00,0.2425490074791412,0.4092955350407801,0,0
S7,2024-01-16 02:15:00,0.20904423092823804,0.468043407182506,0,0
S7,2024-01-16 02:30:00,0.14552964310713218,0.4115883761279881,0,0
S7,2024-01-16 02:45:00,0.15873450405077452,0.4778652566393418,0,0
S7,2024-01-16 03:00:00,0.21046953894414988,0.4178603883906431,0,0
S7,2024-01-16 03:15:00,0.15742214745613778,0.36608978796496455,0,0
S7,2024-01-16 03:30:00,0.14692801714850579,0.3811160618257798,0,0
S7,2024-01-16 03:45:00,0.3389611749502442,0.6353944212079906,0,0
S7,2024-01-16 04:00:00,0.08742490520732621,0.2178530389626886,0,0
S7,2024-01-16 04:15:00,0.20330613313251725,0.3157145714362509,0,0
S7,2024-01-16 04:30:00,0.13516836285549408,0.38401315848136797,0,0
S7,2024-01-16 04:45:00,0.1577338827868921,0.5413098554584199,0,0
S7,2024-01-16 05:00:00,0.07353238933905415,0.2849861802862209,0,0
S7,2024-01-16 05:15:00,0.10052100361556457,0.40764194691604905,0,0
S7,2024-01-16 05:30:00,0.09456838370804854,0.2638126542859853,0,0
S7,2024-01-16 05:45:00,0.11289919958471514,0.30912164469289155,0,0
S7,2024-01-16 06:00:00,0.048202395903122176,0.33271345927218743,0,0
S7,2024-01-16 06:15:00,0.09941654722565314,0.38637175941980734,0,0
S7,2024-01-16 06:30:00,0.08435778286596568,0.27145481181889625,0,0
S7,2024-01-16 06:45:00,0.16627638424913269,0.3861433935626529,0,0
S7,2024-01-16 07:00:00,0.14720085991566645,0.43345656124886484,0,0
S7,2024-01-16 07:15:00,0.10034421397820598,0.44945819231372597,0,0
S7,2024-01-16 07:30:00,0.09922491067635747,0.38540752747416057,0,0
S7,2024-01-16 07:45:00,0.1920545034356381,0.6209470333224403,0,0
S7,2024-01-16 08:00:00,0.21992828990133514,0.4338847039748368,0,0
S7,2024-01-16 08:15:00,0.2749011225114754,0.6217157686317107,0,0
S7,2024-01-16 08:30:00,0.19704961394537,0.43125794902574965,0,0
S7,2024-01-16 08:45:00,0.15792668116340863,0.4954274649386041,0,0
S7,2024-01-16 09:00:00,0.15519798097739357,0.3598506925367621,0,0
S7,2024-01-16 09:15:00,0.11393832362672375,0.2766063802275966,0,0
S7,2024-01-16 09:30:00,0.2135488322157192,0.3451563424256074,0,0
S7,2024-01-16 09:45:00,0.2892924033777693,0.4561688989595285,0,0
S7,2024-01-16 10:00:00,0.15837503581201562,0.2558253168914594,0,0
S7,2024-01-16 10:15:00,0.21646569720662145,0.3026736261112228,0,0
S7,2024-01-16 10:30:00,0.21670642355808112,0.34884039066020617,0,0
S7,2024-01-16 10:45:00,0.22290480663417556,0.43151912573099865,0,0
S7,2024-01-16 11:00:00,0.2509988341255985,0.36387975837552916,0,0
S7,2024-01-16 11:15:00,0.09417411909673487,0.21336638867035643,0,0
S7,2024-01-16 11:30:00,0.08675066010494308,0.12418438589186495,0,0
S7,2024-01-16 11:45:00,0.15431006003194733,0.3303119627701277,0,0
S7,2024-01-16 12:00:00,0.1538669179126253,0.29626712426838725,0,0
S7,2024-01-16 12:15:00,0.16221752052062258,0.23113203119358622,0,0
S7,2024-01-16 12:30:00,0.18957065601166334,0.24415524881843456,0,0
S7,2024-01-16 12:45:00,0.24460558742939126,0.2509946121598661,0,0
S7,2024-01-16 13:00:00,0.21632809018148744,0.4785779603095491,0,0
S7,2024-01-16 13:15:00,0.22774547903892023,0.5188624944453127,0,0
S7,2024-01-16 13:30:00,0.16399324084673894,0.5591856360128865,0,0
S7,2024-01-16 13:45:00,0.09722640679284746,0.41711575468022544,0,0
S7,2024-01-16 14:00:00,0.1992382848768194,0.44312381379519966,0,0
S7,2024-01-16 14:15:00,0.22735507840342598,0.7127891358618635,0,1
S7,2024-01-16 14:30:00,0.1700822170352843,0.7127891358618635,0,1
S7,2024-01-16 14:45:00,0.22595638290496364,0.5393041381938535,0,0
S7,2024-01-16 15:00:00,0.09592129874972258,0.2707957489915469,0,0
S7,2024-01-16 15:15:00,0.09585859534298805,0.3967012498987073,0,0
S7,2024-01-16 15:30:00,0.12997793242065384,0.6524816087636311,0,0
S7,2024-01-16 15:45:00,0.15130835899827924,0.3695249631653155,0,0
S7,2024-01-16 16:00:00,0.09754799878146314,0.4600954549495677,0,0
S7,2024-01-16 16:15:00,0.2053166869160947,0.34820052470782886,0,0
S7,2024-01-16 16:30:00,0.23092871173208468,0.40922538324192104,0,0
S7,2024-01-16 16:45:00,0.20632216540582035,0.6011042092357164,0,0
S7,2024-01-16 17:00:00,0.1239224444875083,0.3764052030278426,0,0
S7,2024-01-16 17:15:00,0.07855055269847674,0.23455525076815736,0,0
S7,2024-01-16 17:30:00,0.16636217108218118,0.44390047593691634,0,0
S7,2024-01-16 17:45:00,0.13772887473805168,0.39653614266352827,0,0
S7,2024-01-16 18:00:00,0.17184889778374035,0.48511999565297176,0,0
S7,2024-01-16 18:15:00,0.15748012063193365,0.44852609317235415,0,0
S7,2024-01-16 18:30:00,0.24359445838605484,0.46119499058239377,0,0
S7,2024-01-16 18:45:00,0.12370236918386968,0.37628827547428356,0,0
S7,2024-01-16 19:00:00,0.26087731081193233,0.4526608982796654,0,0
S7,2024-01-16 19:15:00,0.1968959814413292,0.5252946231492233,0,0
S7,2024-01-16 19:30:00,0.24242507097891983,0.5275133526528423,0,0
S7,2024-01-16 19:45:00,0.30013972286083684,0.6851994423579216,0,1
S7,2024-01-16 20:00:00,0.3173070655524731,0.6310305233035562,0,0
S7,2024-01-16 20:15:00,0.1595989427279545,0.4106711501846104,0,0
S7,2024-01-16 20:30:00,0.20540866772521635,0.43934022707616693,0,0
S7,2024-01-16 20:45:00,0.2563922715130322,0.4146427979529811,0,0
S7,2024-01-16 21:00:00,0.25017339059009436,0.4579783560241069,0,0
S7,2024-01-16 21:15:00,0.2484317248945034,0.4300843961541296,0,0
S7,2024-01-16 21:30:00,0.20327412903213904,0.3575462125651125,0,0
S7,2024-01-16 21:45:00,0.2108858701168643,0.37957158904118415,0,0
S7,2024-01-16 22:00:00,0.21910029854545618,0.3274234663813656,0,0
S7,2024-01-16 22:15:00,0.189924589222635,0.3563027800203866,0,0
S7,2024-01-16 22:30:00,0.1506453981032843,0.33892314102847104,0,0
S7,2024-01-16 22:45:00,0.19219756586582523,0.24319165695240869,0,0
S7,2024-01-16 23:00:00,0.2126177471691021,0.28839515088539075,0,0
S7,2024-01-16 23:15:00,0.2768216356804583,0.42100414087266685,0,0
S7,2024-01-16 23:30:00,0.20486259089518483,0.23011292611025633,0,0
S7,2024-01-16 23:45:00,0.3568175596888922,0.5537857093533965,0,0
S7,2024-01-17 00:00:00,0.3791701511875601,0.33979783356395765,0,0
S7,2024-01-17 00:15:00,0.37799679744376374,0.388043516617953,0,0
S7,2024-01-17 00:30:00,0.19264647049606237,0.25197430942162174,0,0
S7,2024-01-17 00:45:00,0.28151016189153694,0.4197112650288037,0,0
S7,2024-01-17 01:00:00,0.35563290632750283,0.47234524416001483,0,0
S7,2024-01-17 01:15:00,0.2636640013337497,0.3845086590433904,0,0
S7,2024-01-17 01:30:00,0.15113853335078584,0.32046586267783334,0,0
S7,2024-01-17 01:45:00,0.16914243147356284,0.25472338012034446,0,0
S7,2024-01-17 02:00:00,0.16505305874818502,0.4810986605804834,0,0
S7,2024-01-17 02:15:00,0.14595433759933393,0.3607620432208521,0,0
S7,2024-01-17 02:30:00,0.2649873064001814,0.4271680921372455,0,0
S7,2024-01-17 02:45:00,0.10042037050140758,0.3632819843396321,0,0
S7,2024-01-17 03:00:00,0.1154038853493515,0.2818191824525678,0,0
S7,2024-01-17 03:15:00,0.15850512226377725,0.3639479534371548,0,0
S7,2024-01-17 03:30:00,0.18989770244505275,0.35811767933594707,0,0
S7,2024-01-17 03:45:00,0.12169727122842536,0.42038270945100686,0,0
S7,2024-01-17 04:00:00,0.18239842378209878,0.36832667272254327,0,0
S7,2024-01-17 04:15:00,0.13792173942550154,0.47906142934227636,0,0
S7,2024-01-17 04:30:00,0.1453855788705269,0.5540271585355842,0,0
S7,2024-01-17 04:45:00,0.07923483767768874,0.24363499014242937,0,0
S7,2024-01-17 05:00:00,0.10565374456201487,0.2658611572176019,0,0
S7,2024-01-17 05:15:00,0.14534704163700793,0.44142181928965707,0,0
S7,2024-01-17 05:30:00,0.13887455872594276,0.30014758057446883,0,0
S7,2024-01-17 05:45:00,0.13306446693195367,0.2690290511788315,0,0
S7,2024-01-17 06:00:00,0.19420095630198325,0.44057519100307196,0,0
S7,2024-01-17 06:15:00,0.18571401325198092,0.5487976762981334,0,0
S7,2024-01-17 06:30:00,0.12149296833874329,0.2749066960970586,0,0
S7,2024-01-17 06:45:00,0.11207244413587204,0.3500973692600801,0,0
S7,2024-01-17 07:00:00,0.09563035044704685,0.23071407929808194,0,0
S7,2024-01-17 07:15:00,0.2437411916145793,0.4617876003794172,0,0
S7,2024-01-17 07:30:00,0.291738528975067,0.7431058567647492,0,1
S7,2024-01-17 07:45:00,0.11296463533786687,0.3195286660200264,0,0
S7,2024-01-17 08:00:00,0.16451366178335466,0.380043357949212,0,0
S7,2024-01-17 08:15:00,0.23179974644686557,0.4071244657102278,0,0
S7,2024-01-17 08:30:00,0.1867825387837113,0.5752492059376021,0,0
S7,2024-01-17 08:45:00,0.2305003676979416,0.3639665433058719,0,0
S7,2024-01-17 09:00:00,0.18194630706721632,0.3927460365725085,0,0
S7,2024-01-17 09:15:00,0.10877331978693892,0.41552274743946543,0,0
S7,2024-01-17 09:30:00,0.13641253122329514,0.39616231513904393,0,0
S7,2024-01-17 09:45:00,0.2187076920856049,0.3951389025417681,0,0
S7,2024-01-17 10:00:00,0.1542318244150065,0.4750863287113121,0,0
S7,2024-01-17 10:15:00,0.23240161800281767,0.35372156537746907,0,0
S7,2024-01-17 10:30:00,0.1432059334319673,0.26801192702495336,0,0
S7,2024-01-17 10:45:00,0.16819088805965965,0.2579839360419524,0,0
S7,2024-01-17 11:00:00,0.13364998081228302,0.2539529459594745,0,0
S7,2024-01-17 11:15:00,0.1727469816341527,0.32319912479523644,0,0
S7,2024-01-17 11:30:00,0.13817668960697171,0.46506283875816523,0,0
S7,2024-01-17 11:45:00,0.18391077269042516,0.4662024540646415,0,0
S7,2024-01-17 12:00:00,0.18778769352934305,0.4662024540646415,0,0
S7,2024-01-17 12:15:00,0.08846392360494142,0.3922902571353623,0,0
S7,2024-01-17 12:30:00,0.14352985502715399,0.41565504967365324,0,0
S7,2024-01-17 12:45:00,0.14254026420341115,0.4262474005866232,0,0
S7,2024-01-17 13:00:00,0.12165072446114716,0.2968714505765987,0,0
S7,2024-01-17 13:15:00,0.07327559857675159,0.24560244502703735,0,0
S7,2024-01-17 13:30:00,0.15107781028284242,0.24574697665732914,0,0
S7,2024-01-17 13:45:00,0.1694092421463486,0.352358091983659,0,0
S7,2024-01-17 14:00:00,0.10676399028290397,0.27766135335285963,0,0
S7,2024-01-17 14:15:00,0.12215513433698126,0.4416523573986813,0,0
S7,2024-01-17 14:30:00,0.047650162617744164,0.379589281599102,0,0
S7,2024-01-17 14:45:00,0.1015099308765637,0.4243729526362948,0,0
S7,2024-01-17 15:00:00,0.10581021735764526,0.32101544078395483,0,0
S7,2024-01-17 15:15:00,0.09797971059151007,0.20311998819527688,0,0
S7,2024-01-17 15:30:00,0.09859922342189298,0.32909413017827477,0,0
S7,2024-01-17 15:45:00,0.15936803116863033,0.44370916402410987,0,0
S7,2024-01-17 16:00:00,0.06912126195827055,0.44370916402410987,0,0
S7,2024-01-17 16:15:00,0.14022851876817347,0.2285881921442347,0,0
S7,2024-01-17 16:30:00,0.09136090057798682,0.26162791934869273,0,0
S7,2024-01-17 16:45:00,0.23610074153886132,0.5478955088493527,0,0
S7,2024-01-17 17:00:00,0.1727739137437399,0.4016861727605172,0,0
S7,2024-01-17 17:15:00,0.139484348425946,0.3357803110833655,0,0
S7,2024-01-17 17:30:00,0.16555925392344653,0.38901100594203963,0,0
S7,2024-01-17 17:45:00,0.2564901102993165,0.6014760059412207,0,0
S7,2024-01-17 18:00:00,0.18633739404810276,0.5194483155869661,0,0
S7,2024-01-17 18:15:00,0.281295915106102,0.5264166350699095,0,0
S7,2024-01-17 18:30:00,0.18131779244761048,0.3706457703723087,0,0
S7,2024-01-17 18:45:00,0.23714862182312554,0.522766248752895,0,0
S7,2024-01-17 19:00:00,0.15389315404113485,0.42573580647919085,0,0
S7,2024-01-17 19:15:00,0.23193099323802616,0.39756303785726715,0,0
S7,2024-01-17 19:30:00,0.20827217173910123,0.5759786365464016,0,0
S7,2024-01-17 19:45:00,0.26843536427094666,0.467673800398823,0,0
S7,2024-01-17 20:00:00,0.24255162128506957,0.6100964327403108,0,0
S7,2024-01-17 20:15:00,0.3008241884511187,0.6192423623594546,0,0
S7,2024-01-17 20:30:00,0.22230777795308024,0.4958301069476971,0,0
S7,2024-01-17 20:45:00,0.2896808769902266,0.5167907389417945,0,0
S7,2024-01-17 21:00:00,0.2353548363961183,0.5661354749389741,0,0
S7,2024-01-17 21:15:00,0.24598027284976914,0.3461387962210513,0,0
S7,2024-01-17 21:30:00,0.24545436735974957,0.39800036602672934,0,0
S7,2024-01-17 21:45:00,0.28534275447426366,0.4522872012400719,0,0
S7,2024-01-17 22:00:00,0.3284841910363379,0.49412149837046776,0,0
S7,2024-01-17 22:15:00,0.29345966002327073,0.36275689139814543,0,0
S7,2024-01-17 22:30:00,0.3347121288244825,0.524845786385913,0,0
S7,2024-01-17 22:45:00,0.28612799113351395,0.4669145592244528,0,0
S7,2024-01-17 23:00:00,0.16540654427866003,0.3372721991441603,0,0
S7,2024-01-17 23:15:00,0.13691118766889177,0.2723724510233139,0,0
S7,2024-01-17 23:30:00,0.10592539832988498,0.34577573310730303,0,0
S7,2024-01-17 23:45:00,0.10374776502025239,0.2659165474367813,0,0
S7,2024-01-18 00:00:00,0.2911011922133809,0.33567731009963864,0,0
S7,2024-01-18 00:15:00,0.20815317186643442,0.394957045638827,0,0
S7,2024-01-18 00:30:00,0.34609466186962884,0.5292242453791571,0,0
S7,2024-01-18 00:45:00,0.31070003563544235,0.4721937777734688,0,0
S7,2024-01-18 01:00:00,0.12141149507698269,0.29350899108843737,0,0
S7,2024-01-18 01:15:00,0.14315925603809757,0.34155825315187716,0,0
S7,2024-01-18 01:30:00,0.1820575219425273,0.24230744875327737,0,0
S7,2024-01-18 01:45:00,0.17200034944116988,0.4108410984679163,0,0
S7,2024-01-18 02:00:00,0.2086783354155279,0.5563971919211729,0,0
S7,2024-01-18 02:15:00,0.25152093996819347,0.40241892340334234,0,0
S7,2024-01-18 02:30:00,0.14214952323327879,0.46569775829146537,0,0
S7,2024-01-18 02:45:00,0.08234427391183988,0.29915231051758867,0,0
S7,2024-01-18 03:00:00,0.24005280223344633,0.4658286857159146,0,0
S7,2024-01-18 03:15:00,0.12812906102329288,0.5147848544799735,0,0
S7,2024-01-18 03:30:00,0.13423729772864626,0.5147848544799735,0,0
S7,2024-01-18 03:45:00,0.1444387746889962,0.3928296357840465,0,0
S7,2024-01-18 04:00:00,0.18927145521513095,0.48571424760476656,0,0
S7,2024-01-18 04:15:00,0.21449753805143174,0.5219176280623002,0,0
S7,2024-01-18 04:30:00,0.20275903579965285,0.34405141399272365,0,0
S7,2024-01-18 04:45:00,0.11900468125672416,0.4101761964606185,0,0
S7,2024-01-18 05:00:00,0.21983157806198914,0.7181323492670906,0,1
S7,2024-01-18 05:15:00,0.1911328183174615,0.3796326640963818,0,0
S7,2024-01-18 05:30:00,0.07244561562175059,0.23038906353957422,0,0
S7,2024-01-18 05:45:00,0.07471041803314508,0.21660092351675198,0,0
S7,2024-01-18 06:00:00,0.15845400313686786,0.5096517693993811,0,0
S7,2024-01-18 06:15:00,0.19419977796212912,0.3651277336934351,0,0
S7,2024-01-18 06:30:00,0.08475051856314618,0.23711964638540264,0,0
S7,2024-01-18 06:45:00,0.1587420084086133,0.294284367792363,0,0
S7,2024-01-18 07:00:00,0.10395830146664613,0.25201514721920726,0,0
S7,2024-01-18 07:15:00,0.19758504280915734,0.4505772366955356,0,0
S7,2024-01-18 07:30:00,0.1728429254851156,0.4321234583195978,0,0
S7,2024-01-18 07:45:00,0.17427218096337724,0.5125829465173889,0,0
S7,2024-01-18 08:00:00,0.1043112726724332,0.28768496385143005,0,0
S7,2024-01-18 08:15:00,0.1792425205521991,0.528994089431247,0,0
S7,2024-01-18 08:30:00,0.13632336622710986,0.3629023004906769,0,0
S7,2024-01-18 08:45:00,0.16695239141685572,0.45244710202314464,0,0
S7,2024-01-18 09:00:00,0.21059786082709742,0.44427600609455953,0,0
S7,2024-01-18 09:15:00,0.24619361232220993,0.4593299881024451,0,0
S7,2024-01-18 09:30:00,0.23619834013588664,0.3945203689514476,0,0
S7,2024-01-18 09:45:00,0.18309295754562044,0.30752323995467923,0,0
S7,2024-01-18 10:00:00,0.35066125323333225,0.6997253218278265,0,1
S7,2024-01-18 10:15:00,0.26825901728129875,0.4050656090990334,0,0
S7,2024-01-18 10:30:00,0.2137478815612165,0.45191749540123605,0,0
S7,2024-01-18 10:45:00,0.23711364776427768,0.4217374718918532,0,0
S7,2024-01-18 11:00:00,0.21427371011308446,0.5882288022358861,0,0
S7,2024-01-18 11:15:00,0.20804793785079317,0.39251311210348,0,0
S7,2024-01-18 11:30:00,0.1867482977895731,0.39687088321831027,0,0
S7,2024-01-18 11:45:00,0.2336649693458163,0.32857833849932777,0,0
S7,2024-01-18 12:00:00,0.20570840909782087,0.3527116080655977,0,0
S7,2024-01-18 12:15:00,0.20563163033636983,0.32781965552157344,0,0
S7,2024-01-18 12:30:00,0.06859646982087933,0.14205294885578149,0,0
S7,2024-01-18 12:45:00,0.2413924484129323,0.47393401155463527,0,0
S7,2024-01-18 13:00:00,0.20865181076844713,0.7195590697055613,0,1
S7,2024-01-18 13:15:00,0.18374015940264526,0.3001905414406278,0,0
S7,2024-01-18 13:30:00,0.20040855136661867,0.5006502106107678,0,0
S7,2024-01-18 13:45:00,0.0568342993234988,0.2950845949416026,0,0
S7,2024-01-18 14:00:00,0.13381128748746451,0.3619187549393403,0,0
S7,2024-01-18 14:15:00,0.0896884044754757,0.21644198253630834,0,0
S7,2024-01-18 14:30:00,0.1302842532575974,0.22672983401420177,0,0
S7,2024-01-18 14:45:00,0.16945200626376722,0.617331287375734,0,0
S7,2024-01-18 15:00:00,0.035684285599770764,0.17323067173447587,0,0
S7,2024-01-18 15:15:00,0.09344338715635032,0.3161790128812741,0,0
S7,2024-01-18 15:30:00,0.11384669467454747,0.26710021499336184,0,0
S7,2024-01-18 15:45:00,0.20307795257590625,0.42003112039979623,0,0
S7,2024-01-18 16:00:00,0.18999707221382406,0.5947224446883457,0,0
S7,2024-01-18 16:15:00,0.2841810083637195,0.6450823749835349,0,0
S7,2024-01-18 16:30:00,0.1645563271471136,0.5668362814374568,0,0
S7,2024-01-18 16:45:00,0.1694278539315645,0.36773116163688485,0,0
S7,2024-01-18 17:00:00,0.17197504962207022,0.39526075013354683,0,0
S7,2024-01-18 17:15:00,0.23696288821532016,0.41053124726395707,0,0
S7,2024-01-18 17:30:00,0.2806533185081239,0.3425007420756204,0,0
S7,2024-01-18 17:45:00,0.19013320113742033,0.39023806763854924,0,0
S7,2024-01-18 18:00:00,0.26357702630190605,0.4975953070727672,0,0
S7,2024-01-18 18:15:00,0.11903507980741057,0.35210008271026566,0,0
S7,2024-01-18 18:30:00,0.15816417663695348,0.39007779962745465,0,0
S7,2024-01-18 18:45:00,0.2070647440006406,0.448697578691203,0,0
S7,2024-01-18 19:00:00,0.2992046864675412,0.8086445696960575,0,1
S7,2024-01-18 19:15:00,0.3190935112376517,0.5654832183717545,0,0
S7,2024-01-18 19:30:00,0.2842403296486386,0.5524802523652961,0,0
S7,2024-01-18 19:45:00,0.23443978009292912,0.39703304411153745,0,0
S7,2024-01-18 20:00:00,0.22723278368176045,0.5986649206125241,0,0
S7,2024-01-18 20:15:00,0.2148130908251133,0.45731585333325364,0,0
S7,2024-01-18 20:30:00,0.3560789301937242,0.41654526962278554,0,0
S7,2024-01-18 20:45:00,0.32910675959316826,0.6715224325529406,0,1
S7,2024-01-18 21:00:00,0.21632805520897194,0.5004973543412737,0,0
S7,2024-01-18 21:15:00,0.2861242203724743,0.4202515587284689,0,0
S7,2024-01-18 21:30:00,0.20833914267232215,0.40065792277120016,0,0
S7,2024-01-18 21:45:00,0.20694226850474073,0.34284442012355204,0,0
S7,2024-01-18 22:00:00,0.2611151206362365,0.7553248060954209,0,1
S7,2024-01-18 22:15:00,0.1893843229652038,0.39349343596888725,0,0
S7,2024-01-18 22:30:00,0.20404470257292995,0.5088656573710217,0,0
S7,2024-01-18 22:45:00,0.21226020446770266,0.18760862416954913,0,0
S7,2024-01-18 23:00:00,0.3017130290745311,0.6383845476943875,0,0
S7,2024-01-18 23:15:00,0.257462734948356,0.29724102722933704,0,0
S7,2024-01-18 23:30:00,0.25063508595745176,0.26749955404838205,0,0
S7,2024-01-18 23:45:00,0.2782343845781261,0.3178626269223346,0,0
S7,2024-01-19 00:00:00,0.2912042443276597,0.31837604700782113,0,0
S7,2024-01-19 00:15:00,0.2169268692291379,0.4437040305122673,0,0
S7,2024-01-19 00:30:00,0.23204039816972116,0.4410397904764387,0,0
S7,2024-01-19 00:45:00,0.32755790404857793,0.5435711154590808,0,0
S7,2024-01-19 01:00:00,0.27519866100615586,0.4836774211865771,0,0
S7,2024-01-19 01:15:00,0.3464038945534748,0.42389587710510124,0,0
S7,2024-01-19 01:30:00,0.2144900227866928,0.3650785698513855,0,0
S7,2024-01-19 01:45:00,0.364599037968578,0.5159332526208565,0,0
S7,2024-01-19 02:00:00,0.3017155777137632,0.39011970979968363,0,0
S7,2024-01-19 02:15:00,0.20685887512118759,0.3510663317742605,0,0
S7,2024-01-19 02:30:00,0.22615282326259664,0.35031774252952824,0,0
S7,2024-01-19 02:45:00,0.2094327669811759,0.35024362545977195,0,0
S7,2024-01-19 03:00:00,0.22196228937557072,0.34977430726329684,0,0
S7,2024-01-19 03:15:00,0.37452727465091223,0.49798256598429447,0,0
S7,2024-01-19 03:30:00,0.2403683070233412,0.37808772135679086,0,0
S7,2024-01-19 03:45:00,0.28115703862735697,0.3995706859919434,0,0
S7,2024-01-19 04:00:00,0.36747244618280467,0.44338975632068833,0,0
S7,2024-01-19 04:15:00,0.21870794480713523,0.3449762317608632,0,0
S7,2024-01-19 04:30:00,0.32389186468328124,0.42374770679373636,0,0
S7,2024-01-19 04:45:00,0.2823202090114274,0.5523281666221844,0,0
S7,2024-01-19 05:00:00,0.3172753503328765,0.4010938275762616,0,0
S7,2024-01-19 05:15:00,0.2764396933091703,0.33762188575572527,0,0
S7,2024-01-19 05:30:00,0.382738252720161,0.5763441100387905,0,0
S7,2024-01-19 05:45:00,0.3465554623595278,0.5769267836658402,0,0
S7,2024-01-19 06:00:00,0.32096234965646947,0.28827905334725057,0,0
S7,2024-01-19 06:15:00,0.3587387576978792,0.5626192119229156,0,0
S7,2024-01-19 06:30:00,0.32966640321821894,0.529679023923992,0,0
S7,2024-01-19 06:45:00,0.32812479435845054,0.4663491441155198,0,0
S7,2024-01-19 07:00:00,0.27225431670399663,0.45229044505315585,0,0
S7,2024-01-19 07:15:00,0.2816566579642867,0.22694834745296746,0,0
S7,2024-01-19 07:30:00,0.2419840212784325,0.30770220081820804,0,0
S7,2024-01-19 07:45:00,0.23793600246929208,0.32783752617006234,0,0
S7,2024-01-19 08:00:00,0.23578601060302207,0.3953420178713337,0,0
S7,2024-01-19 08:15:00,0.13829622333008842,0.3422089450245386,0,0
S7,2024-01-19 08:30:00,0.17309059729316154,0.2978443033490323,0,0
S7,2024-01-19 08:45:00,0.18137412790603347,0.33790644204799586,0,0
S7,2024-01-19 09:00:00,0.21191834586357194,0.3642755438655849,0,0
S7,2024-01-19 09:15:00,0.11091652016468312,0.3198243028479231,0,0
S7,2024-01-19 09:30:00,0.17425647384575654,0.5725289187847543,0,0
S7,2024-01-19 09:45:00,0.2798994954568107,0.5879465178525277,0,0
S7,2024-01-19 10:00:00,0.2768110177163688,0.5223239868871317,0,0
S7,2024-01-19 10:15:00,0.21329862089736795,0.4125527356522442,0,0
S7,2024-01-19 10:30:00,0.2413560046235148,0.672031112816214,0,1
S7,2024-01-19 10:45:00,0.14471439574400025,0.27357455161472616,0,0
S7,2024-01-19 11:00:00,0.32073347267111385,0.5111191553599841,0,0
S7,2024-01-19 11:15:00,0.250969401354106,0.5111191553599841,0,0
S7,2024-01-19 11:30:00,0.1730960655872703,0.2858082464780065,0,0
S7,2024-01-19 11:45:00,0.14659395005819997,0.24249206722878966,0,0
S7,2024-01-19 12:00:00,0.12797285860084318,0.13733876360322125,0,0
S7,2024-01-19 12:15:00,0.183404227400421,0.4233849479480516,0,0
S7,2024-01-19 12:30:00,0.1791462601602138,0.2849080485219074,0,0
S7,2024-01-19 12:45:00,0.30489405683640347,0.40036306194966426,0,0
S7,2024-01-19 13:00:00,0.24924123305356385,0.5133959916829781,0,0
S7,2024-01-19 13:15:00,0.18550978893706405,0.41476005072507754,0,0
S7,2024-01-19 13:30:00,0.26466957059543766,0.4742355157648273,0,0
S7,2024-01-19 13:45:00,0.12441924098140014,0.3794953415075049,0,0
S7,2024-01-19 14:00:00,0.14421652900552095,0.39755970723908707,0,0
S7,2024-01-19 14:15:00,0.16013896931291402,0.24965513004616646,0,0
S7,2024-01-19 14:30:00,0.1430746633031965,0.25289516978271653,0,0
S7,2024-01-19 14:45:00,0.09307816348846738,0.46279364723273936,0,0
S7,2024-01-19 15:00:00,0.07522955804201559,0.2589974256374382,0,0
S7,2024-01-19 15:15:00,0.0969231468473751,0.3419683057645242,0,0
S7,2024-01-19 15:30:00,0.17547851310076518,0.3095278211471261,0,0
S7,2024-01-19 15:45:00,0.07162553370647569,0.25218739081541725,0,0
S7,2024-01-19 16:00:00,0.14245169313614287,0.6587154167441956,0,0
S7,2024-01-19 16:15:00,0.14214049720795668,0.28072819534009985,0,0
S7,2024-01-19 16:30:00,0.11093526871471959,0.2578814402986049,0,0
S7,2024-01-19 16:45:00,0.2703961291552629,0.409903293911437,0,0
S7,2024-01-19 17:00:00,0.15632212982781785,0.181861044451193,0,0
S7,2024-01-19 17:15:00,0.17891281014809376,0.5369795494998774,0,0
S7,2024-01-19 17:30:00,0.09067289123136581,0.20722794620227594,0,0
S7,2024-01-19 17:45:00,0.09184769669099725,0.279442905300177,0,0
S7,2024-01-19 18:00:00,0.24007466770540506,0.5397999459866264,0,0
S7,2024-01-19 18:15:00,0.30119386025423617,0.5465613245171782,0,0
S7,2024-01-19 18:30:00,0.2041343317750958,0.4192944125262305,0,0
S7,2024-01-19 18:45:00,0.1599822075455731,0.5269684154765703,0,0
S7,2024-01-19 19:00:00,0.21566469072331046,0.42452223081969126,0,0
S7,2024-01-19 19:15:00,0.20347872117596036,0.4961545902640885,0,0
S7,2024-01-19 19:30:00,0.2946448307292465,0.6017899832954136,0,0
S7,2024-01-19 19:45:00,0.2509192641825521,0.550264109125523,0,0
S7,2024-01-19 20:00:00,0.26169975801282086,0.48248156580505946,0,0
S7,2024-01-19 20:15:00,0.3555616184717614,0.8562156846428642,0,1
S7,2024-01-19 20:30:00,0.2873168744545216,0.6523425191716392,0,0
S7,2024-01-19 20:45:00,0.2847529376964249,0.4184642638634603,0,0
S7,2024-01-19 21:00:00,0.361793254966998,0.40694118010252356,0,0
S7,2024-01-19 21:15:00,0.3407868757449649,0.44027520857041785,0,0
S7,2024-01-19 21:30:00,0.4206399732871463,0.7308654933758646,0,1
S7,2024-01-19 21:45:00,0.32170631009798856,0.3173967556303844,0,0
S7,2024-01-19 22:00:00,0.3089425859740866,0.44196990703059796,0,0
S7,2024-01-19 22:15:00,0.34310345066880726,0.5962103103865461,0,0
S7,2024-01-19 22:30:00,0.20262099914302725,0.2572502213798536,0,0
S7,2024-01-19 22:45:00,0.24805864455070575,0.4338556118456275,0,0
S7,2024-01-19 23:00:00,0.18474950505100396,0.33709571677448497,0,0
S7,2024-01-19 23:15:00,0.18210886983450528,0.18009972639664848,0,0
S7,2024-01-19 23:30:00,0.3148581741402755,0.47517496973175266,0,0
S7,2024-01-19 23:45:00,0.27248501868138747,0.349807209488476,0,0
S7,2024-01-20 00:00:00,0.5796508836002103,0.42920190831359734,1,0
S7,2024-01-20 00:15:00,0.33792806564457645,0.3896253207563563,0,0
S7,2024-01-20 00:30:00,0.4535148898465781,0.5282792635010475,0,0
S7,2024-01-20 00:45:00,0.4397796615795182,0.5015210176562039,0,0
S7,2024-01-20 01:00:00,0.40618552309420014,0.5405284836915503,0,0
S7,2024-01-20 01:15:00,0.410870175237398,0.6316805522896527,0,0
S7,2024-01-20 01:30:00,0.2475732220287459,0.45473937474592835,0,0
S7,2024-01-20 01:45:00,0.3566968285317248,0.494729145518547,0,0
S7,2024-01-20 02:00:00,0.4274928877178201,0.9999999997621403,0,1
S7,2024-01-20 02:15:00,0.3453427509481542,0.4374099470720911,0,0
S7,2024-01-20 02:30:00,0.312029165214275,0.46865761522764143,0,0
S7,2024-01-20 02:45:00,0.43344331752556675,0.9579307854138391,0,1
S7,2024-01-20 03:00:00,0.31133798463529566,0.4434273091946939,0,0
S7,2024-01-20 03:15:00,0.34508204594945735,0.41134559467486387,0,0
S7,2024-01-20 03:30:00,0.3154740512759484,0.4980205019449587,0,0
S7,2024-01-20 03:45:00,0.22125762145836322,0.3168985920602218,0,0
S7,2024-01-20 04:00:00,0.16608869796663098,0.3060548786644095,0,0
S7,2024-01-20 04:15:00,0.1782051566058094,0.4673796443835582,0,0
S7,2024-01-20 04:30:00,0.15809760751463386,0.27505271267576803,0,0
S7,2024-01-20 04:45:00,0.1719370613308962,0.3332724770309588,0,0
S7,2024-01-20 05:00:00,0.2238020105602372,0.5020951205106629,0,0
S7,2024-01-20 05:15:00,0.18569393392564124,0.3540990923043016,0,0
S7,2024-01-20 05:30:00,0.1665758416227398,0.38396635947036684,0,0
S7,2024-01-20 05:45:00,0.2406933524016723,0.3175178964637049,0,0
S7,2024-01-20 06:00:00,0.272512887441971,0.5109171471190209,0,0
S7,2024-01-20 06:15:00,0.33056121295198815,0.5095644556303212,0,0
S7,2024-01-20 06:30:00,0.08632798778982878,0.44274989657722247,0,0
S7,2024-01-20 06:45:00,0.20676383307276536,0.47198002480319123,0,0
S7,2024-01-20 07:00:00,0.19060348173216105,0.6208151252842581,0,0
S7,2024-01-20 07:15:00,0.0597242501387885,0.21931595756451364,0,0
S7,2024-01-20 07:30:00,0.032976939145929404,0.16996240794603554,0,0
S7,2024-01-20 07:45:00,0.03774990686432779,0.3231028453079467,0,0
S7,2024-01-20 08:00:00,0.1945628717998611,0.37781097012001175,0,0
S7,2024-01-20 08:15:00,0.199466132624056,0.34181050972478494,0,0
S7,2024-01-20 08:30:00,0.09560639056841529,0.29178852738290656,0,0
S7,2024-01-20 08:45:00,0.1576798424340146,0.32202592420299786,0,0
S7,2024-01-20 09:00:00,0.09624225029593199,0.22603175007063409,0,0
S7,2024-01-20 09:15:00,0.0614229702987444,0.25465524403901363,0,0
S7,2024-01-20 09:30:00,0.09713671571945844,0.19007827797207763,0,0
S7,2024-01-20 09:45:00,0.18724243361322904,0.3807802831763627,0,0
S7,2024-01-20 10:00:00,0.21501672270402233,0.3981375629332246,0,0
S7,2024-01-20 10:15:00,0.0816734221973713,0.149901858991794,0,0
S7,2024-01-20 10:30:00,0.1712119048052321,0.36252357321858375,0,0
S7,2024-01-20 10:45:00,0.10152526954596108,0.19335266513171426,0,0
S7,2024-01-20 11:00:00,0.09571097977349116,0.22130322773789077,0,0
S7,2024-01-20 11:15:00,0.18177348296498588,0.23066823087514166,0,0
S7,2024-01-20 11:30:00,0.20952831164947944,0.4327892311256671,0,0
S7,2024-01-20 11:45:00,0.1764537696267896,0.4135788615530624,0,0
S7,2024-01-20 12:00:00,0.20501637356991015,0.38668258872747435,0,0
S7,2024-01-20 12:15:00,0.1670458168990915,0.41790973745796406,0,0
S7,2024-01-20 12:30:00,0.10449950044819183,0.2594153474668912,0,0
S7,2024-01-20 12:45:00,0.2072077851747684,0.514589350507371,0,0
S7,2024-01-20 13:00:00,0.23531132766211885,0.7844668833775148,0,1
S7,2024-01-20 13:15:00,0.2772357315721764,0.6461119136963862,0,0
S7,2024-01-20 13:30:00,0.19150833792931582,0.42475097682643165,0,0
S7,2024-01-20 13:45:00,0.18323364052522145,0.5604255017431535,0,0
S7,2024-01-20 14:00:00,0.2077189563576986,0.5568335869243939,0,0
S7,2024-01-20 14:15:00,0.29504087053311356,0.48175156545141146,0,0
S7,2024-01-20 14:30:00,0.24393657205093433,0.3713701762621906,0,0
S7,2024-01-20 14:45:00,0.3624874488533378,0.5257933333943572,0,0
S7,2024-01-20 15:00:00,0.23696080060657698,0.5062464061878694,0,0
S7,2024-01-20 15:15:00,0.2294648844511229,0.6593551485250422,0,0
S7,2024-01-20 15:30:00,0.332839592546298,0.5723535039402883,0,0
S7,2024-01-20 15:45:00,0.11387806804117091,0.41070438140949267,0,0
S7,2024-01-20 16:00:00,0.18641135813277895,0.45942120404773557,0,0
S7,2024-01-20 16:15:00,0.17283887579158438,0.40727591798079027,0,0
S7,2024-01-20 16:30:00,0.14941425544894218,0.3914709152830636,0,0
S7,2024-01-20 16:45:00,0.1355017078354013,0.3343195279079389,0,0
S7,2024-01-20 17:00:00,0.08771169676083945,0.20869892861009862,0,0
S7,2024-01-20 17:15:00,0.19585030882847101,0.4035921019695941,0,0
S7,2024-01-20 17:30:00,0.13694253780558113,0.35355902974488174,0,0
S7,2024-01-20 17:45:00,0.13859144667600354,0.3130835869392787,0,0
S7,2024-01-20 18:00:00,0.11149900004619369,0.2915209346177492,0,0
S7,2024-01-20 18:15:00,0.23479975597850997,0.564947335895656,0,0
S7,2024-01-20 18:30:00,0.2428868632218516,0.38851557092910216,0,0
S7,2024-01-20 18:45:00,0.261641464125215,0.39555493573034156,0,0
S7,2024-01-20 19:00:00,0.1793910504526317,0.5080260132607829,0,0
S7,2024-01-20 19:15:00,0.23085303043620686,0.6129472264957062,0,0
S7,2024-01-20 19:30:00,0.18261580443772765,0.255927007348885,0,0
S7,2024-01-20 19:45:00,0.17419029114598636,0.3074554387237827,0,0
S7,2024-01-20 20:00:00,0.15031714110371258,0.2391813594354451,0,0
S7,2024-01-20 20:15:00,0.1577503166453986,0.622814402698014,0,0
S7,2024-01-20 20:30:00,0.10276960373908459,0.26098166518477106,0,0
S7,2024-01-20 20:45:00,0.19131655819870694,0.3550284774050195,0,0
S7,2024-01-20 21:00:00,0.15993886687879058,0.281199229276267,0,0
S7,2024-01-20 21:15:00,0.13971860369231678,0.23698853981527104,0,0
S7,2024-01-20 21:30:00,0.2083540657988623,0.584408872903857,0,0
S7,2024-01-20 21:45:00,0.22858572572127037,0.36224331153678613,0,0
S7,2024-01-20 22:00:00,0.2826820993444647,0.4700281989534241,0,0
S7,2024-01-20 22:15:00,0.4617678935658573,0.7799884318333012,0,1
S7,2024-01-20 22:30:00,0.3218990200051806,0.2810642070467706,0,0
S7,2024-01-20 22:45:00,0.246284189560872,0.2456760444614136,0,0
S7,2024-01-20 23:00:00,0.20924242955524003,0.28719432222453883,0,0
S7,2024-01-20 23:15:00,0.25470013789486157,0.5278326030185096,0,0
S7,2024-01-20 23:30:00,0.1466198328442573,0.35481830455708835,0,0
S7,2024-01-20 23:45:00,0.08459435609480564,0.28545627869454615,0,0
S7,2024-01-21 00:00:00,0.36080046001183086,0.37822171124707976,0,0
S7,2024-01-21 00:15:00,0.39852455108715035,0.5375963981798211,0,0
S7,2024-01-21 00:30:00,0.2754461577367337,0.45898936206094004,0,0
S7,2024-01-21 00:45:00,0.2478113497229349,0.3507512892622458,0,0
S7,2024-01-21 01:00:00,0.23474363701242043,0.5093410652211665,0,0
S7,2024-01-21 01:15:00,0.34363061768637454,0.5485226761900912,0,0
S7,2024-01-21 01:30:00,0.26042665194550346,0.484571511381964,0,0
S7,2024-01-21 01:45:00,0.21997965607462547,0.3854193048769504,0,0
S7,2024-01-21 02:00:00,0.3058582978519517,0.6584318318059609,0,0
S7,2024-01-21 02:15:00,0.4335866092489657,0.7465352892637076,0,1
S7,2024-01-21 02:30:00,0.29551440043621374,0.5973884236165812,0,0
S7,2024-01-21 02:45:00,0.2571775232015478,0.39359639886898284,0,0
S7,2024-01-21 03:00:00,0.28048994225135804,0.41078629039770376,0,0
S7,2024-01-21 03:15:00,0.22719832929119332,0.2630260812523722,0,0
S7,2024-01-21 03:30:00,0.2598519199405741,0.4626786379371621,0,0
S7,2024-01-21 03:45:00,0.14860171477701176,0.25221491226936876,0,0
S7,2024-01-21 04:00:00,0.144888637802281,0.3142101522890757,0,0
S7,2024-01-21 04:15:00,0.2685366890724572,0.287731252708579,0,0
S7,2024-01-21 04:30:00,0.21906349690178242,0.47384169431357775,0,0
S7,2024-01-21 04:45:00,0.337685488785102,0.6806230179097208,0,1
S7,2024-01-21 05:00:00,0.10953314473355477,0.4140515665949223,0,0
S7,2024-01-21 05:15:00,0.13006299071515004,0.4865757758191212,0,0
S7,2024-01-21 05:30:00,0.10119458326452037,0.3037458787318076,0,0
S7,2024-01-21 05:45:00,0.07809436438436078,0.27776982685625096,0,0
S7,2024-01-21 06:00:00,0.1119950076241621,0.493600922750145,0,0
S7,2024-01-21 06:15:00,0.11728171780064069,0.4391511559571738,0,0
S7,2024-01-21 06:30:00,0.10249206443430414,0.16995624641665286,0,0
S7,2024-01-21 06:45:00,0.21685117301293086,0.3648508668001634,0,0
S7,2024-01-21 07:00:00,0.10401890916046957,0.2630063662915486,0,0
S7,2024-01-21 07:15:00,0.10148502058233813,0.4628616182700207,0,0
S7,2024-01-21 07:30:00,0.22740028927438394,0.4381026845359986,0,0
S7,2024-01-21 07:45:00,0.18685450060239744,0.4105247832988805,0,0
S7,2024-01-21 08:00:00,0.17480563734123994,0.32998350871321885,0,0
S7,2024-01-21 08:15:00,0.12340278092265197,0.26021938946203327,0,0
S7,2024-01-21 08:30:00,0.11373774415720632,0.2815800034096914,0,0
S7,2024-01-21 08:45:00,0.14592455286570064,0.17441687307411535,0,0
S7,2024-01-21 09:00:00,0.11817853537831484,0.17572684170558597,0,0
S7,2024-01-21 09:15:00,0.08207368216778478,0.20219139783615464,0,0
S7,2024-01-21 09:30:00,0.29305298860154116,0.46734204909444993,0,0
S7,2024-01-21 09:45:00,0.08802829023991136,0.2796575009255231,0,0
S7,2024-01-21 10:00:00,0.08921808514418844,0.23972238791571052,0,0
S7,2024-01-21 10:15:00,0.21892789766207482,0.30655344050710903,0,0
S7,2024-01-21 10:30:00,0.17372318298430525,0.26686576018730906,0,0
S7,2024-01-21 10:45:00,0.2449898480137547,0.644949448342182,0,0
S7,2024-01-21 11:00:00,0.10820720049267522,0.20158713355064728,0,0
S7,2024-01-21 11:15:00,0.09190182628909582,0.18277536633137492,0,0
S7,2024-01-21 11:30:00,0.2170509668882558,0.4339490490821698,0,0
S7,2024-01-21 11:45:00,0.14328653445034048,0.34860207412767175,0,0
S7,2024-01-21 12:00:00,0.21328912699691235,0.45242831258595456,0,0
S7,2024-01-21 12:15:00,0.21003046821605725,0.6522227801002467,0,0
S7,2024-01-21 12:30:00,0.1185670249136307,0.35505621895727824,0,0
S7,2024-01-21 12:45:00,0.15764450775881475,0.4024737513942405,0,0
S7,2024-01-21 13:00:00,0.0667298254099206,0.2598885567408925,0,0
S7,2024-01-21 13:15:00,0.11951214658315669,0.4297134970710311,0,0
S7,2024-01-21 13:30:00,0.22638648646778994,0.3857912781835389,0,0
S7,2024-01-21 13:45:00,0.1714575958203359,0.5129804432161464,0,0
S7,2024-01-21 14:00:00,0.20931214366007825,0.35139541113474987,0,0
S7,2024-01-21 14:15:00,0.15164286478465683,0.4066402555678557,0,0
S7,2024-01-21 14:30:00,0.25585159006508185,0.571871693644095,0,0
S7,2024-01-21 14:45:00,0.10878286049491437,0.40385857884885,0,0
S7,2024-01-21 15:00:00,0.1714941308346815,0.4035415126387497,0,0
S7,2024-01-21 15:15:00,0.15839964149333044,0.45253831187641597,0,0
S7,2024-01-21 15:30:00,0.10477882333817418,0.41886054579997556,0,0
S7,2024-01-21 15:45:00,0.20444130775644154,0.48178405349046677,0,0
S7,2024-01-21 16:00:00,0.10749718665683453,0.40359913066802944,0,0
S7,2024-01-21 16:15:00,0.1674266140017374,0.37884524523313673,0,0
S7,2024-01-21 16:30:00,0.23016901523966515,0.7274694014552959,0,1
S7,2024-01-21 16:45:00,0.14573653666705713,0.29433901666460033,0,0
S7,2024-01-21 17:00:00,0.17371775072189746,0.37457592305209364,0,0
S7,2024-01-21 17:15:00,0.24681486685349555,0.4716560416691242,0,0
S7,2024-01-21 17:30:00,0.12543716637098723,0.23304331636716585,0,0
S7,2024-01-21 17:45:00,0.07897807870521842,0.2338289026709017,0,0
S7,2024-01-21 18:00:00,0.06880849572318781,0.08940060504116734,0,0
S7,2024-01-21 18:15:00,0.1956719395240268,0.389242747216647,0,0
S7,2024-01-21 18:30:00,0.10042749049254322,0.44681058720663014,0,0
S7,2024-01-21 18:45:00,0.09596523751292027,0.2915965162880547,0,0
S7,2024-01-21 19:00:00,0.24722775264091099,0.41495503441796633,0,0
S7,2024-01-21 19:15:00,0.1400788487240541,0.35837919571477295,0,0
S7,2024-01-21 19:30:00,0.18053346835590509,0.4307657411725272,0,0
S7,2024-01-21 19:45:00,0.11986484577346329,0.26345202670018836,0,0
S7,2024-01-21 20:00:00,0.10391388306066705,0.22778424392805946,0,0
S7,2024-01-21 20:15:00,0.20668097960998047,0.5976587235799969,0,0
S7,2024-01-21 20:30:00,0.18365418712360845,0.36946932240752584,0,0
S7,2024-01-21 20:45:00,0.186666257804631,0.3920736405517088,0,0
S7,2024-01-21 21:00:00,0.29781329270179957,0.4033061302373159,0,0
S7,2024-01-21 21:15:00,0.15800968700931606,0.1850845525846908,0,0
S7,2024-01-21 21:30:00,0.21961214531729006,0.3771786285773009,0,0
S7,2024-01-21 21:45:00,0.2301003101150313,0.30018942372448143,0,0
S7,2024-01-21 22:00:00,0.23540372037625626,0.2894551541325998,0,0
S7,2024-01-21 22:15:00,0.2263882911315698,0.2560076555391494,0,0
S7,2024-01-21 22:30:00,0.3174969430720268,0.4525809850035791,0,0
S7,2024-01-21 22:45:00,0.17209286336515114,0.2579744849551358,0,0
S7,2024-01-21 23:00:00,0.2196101110115039,0.37463687747589786,0,0
S7,2024-01-21 23:15:00,0.32931430529343864,0.6297788049093289,0,0
S7,2024-01-21 23:30:00,0.11856636838668864,0.15061785390813334,0,0
S7,2024-01-21 23:45:00,0.16269847336830773,0.27783182506406023,0,0
S8,2024-01-11 00:00:00,0.9345951081470769,0.06980623533164275,1,0
S8,2024-01-11 00:15:00,0.4181878200976903,0.058249258948230534,0,0
S8,2024-01-11 00:30:00,0.4903937606204503,0.0953038425068081,0,0
S8,2024-01-11 00:45:00,0.300787318930547,0.07219181908625034,0,0
S8,2024-01-11 01:00:00,0.3513236284305924,0.09616439464755905,0,0
S8,2024-01-11 01:15:00,0.37899510402847775,0.12670618302625425,0,0
S8,2024-01-11 01:30:00,0.4020401769079724,0.09159090974301588,0,0
S8,2024-01-11 01:45:00,0.30402258525374243,0.08513590543134693,0,0
S8,2024-01-11 02:00:00,0.3725125142142041,0.1399700596924192,0,0
S8,2024-01-11 02:15:00,0.38325141768750637,0.11806023992557015,0,0
S8,2024-01-11 02:30:00,0.23413698556611912,0.08203713828696127,0,0
S8,2024-01-11 02:45:00,0.32229062481857024,0.1081859005519357,0,0
S8,2024-01-11 03:00:00,0.26606682326565156,0.05985901945037701,0,0
S8,2024-01-11 03:15:00,0.3205439433032488,0.08029919381506925,0,0
S8,2024-01-11 03:30:00,0.2323605591118068,0.06990674958518826,0,0
S8,2024-01-11 03:45:00,0.26166010489670305,0.09157432196909693,0,0
S8,2024-01-11 04:00:00,0.298938222825321,0.13875288273852832,0,0
S8,2024-01-11 04:15:00,0.24202963505287348,0.08952645453084508,0,0
S8,2024-01-11 04:30:00,0.10697332327343748,0.06780570546804937,0,0
S8,2024-01-11 04:45:00,0.17882293937048707,0.07811167369114368,0,0
S8,2024-01-11 05:00:00,0.18478441739445042,0.099419878341997,0,0
S8,2024-01-11 05:15:00,0.10599507792328683,0.05833563080508751,0,0
S8,2024-01-11 05:30:00,0.22341976940840916,0.08244415273131642,0,0
S8,2024-01-11 05:45:00,0.17632014044054278,0.06313771632576341,0,0
S8,2024-01-11 06:00:00,0.19627874961231018,0.08477712494710701,0,0
S8,2024-01-11 06:15:00,0.10897373902406375,0.09540209236837069,0,0
S8,2024-01-11 06:30:00,0.1893815738925832,0.13060902097681257,0,0
S8,2024-01-11 06:45:00,0.24522179983428824,0.11762506936704412,0,0
S8,2024-01-11 07:00:00,0.11386516215730594,0.08204062194602327,0,0
S8,2024-01-11 07:15:00,0.07622088918633214,0.05932701034938604,0,0
S8,2024-01-11 07:30:00,0.1510901125233856,0.08507533492026512,0,0
S8,2024-01-11 07:45:00,0.05299452549081602,0.08116457990270443,0,0
S8,2024-01-11 08:00:00,0.10904769031024761,0.06101877562601722,0,0
S8,2024-01-11 08:15:00,0.1716491965550316,0.09718878014061821,0,0
S8,2024-01-11 08:30:00,0.06751508231926762,0.09795311887697815,0,0
S8,2024-01-11 08:45:00,0.14095676293983753,0.09735268459124316,0,0
S8,2024-01-11 09:00:00,0.12431414763471164,0.1434058041473258,0,0
S8,2024-01-11 09:15:00,0.11020238742740268,0.0926318065958682,0,0
S8,2024-01-11 09:30:00,0.1251768471737878,0.1280927942017224,0,0
S8,2024-01-11 09:45:00,0.12253583010633584,0.07674278564167493,0,0
S8,2024-01-11 10:00:00,0.10424936313108367,0.12421352129487975,0,0
S8,2024-01-11 10:15:00,0.16114813999484168,0.07539191953519785,0,0
S8,2024-01-11 10:30:00,0.08636332402800144,0.08336951415693143,0,0
S8,2024-01-11 10:45:00,0.05781640001267948,0.062308869326846046,0,0
S8,2024-01-11 11:00:00,0.3055409095988562,0.1216767355044937,0,0
S8,2024-01-11 11:15:00,0.14741141248220418,0.06678649570560927,0,0
S8,2024-01-11 11:30:00,0.16224195405747166,0.07377559961433847,0,0
S8,2024-01-11 11:45:00,0.2097013845670727,0.06948246161511844,0,0
S8,2024-01-11 12:00:00,0.15477119896040825,0.06499415481572517,0,0
S8,2024-01-11 12:15:00,0.22560293665372805,0.11805680078887897,0,0
S8,2024-01-11 12:30:00,0.12128203145272656,0.0992920853873132,0,0
S8,2024-01-11 12:45:00,0.15644733372705372,0.07391002307228131,0,0
S8,2024-01-11 13:00:00,0.18222109391671126,0.09621555589166102,0,0
S8,2024-01-11 13:15:00,0.18768170180289817,0.06257955259068444,0,0
S8,2024-01-11 13:30:00,0.14943142492647904,0.06752430154433743,0,0
S8,2024-01-11 13:45:00,0.18638924851356095,0.06384691115103734,0,0
S8,2024-01-11 14:00:00,0.1803687146961206,0.10834637409961277,0,0
S8,2024-01-11 14:15:00,0.2704669717255621,0.1539588596420182,0,0
S8,2024-01-11 14:30:00,0.23266985264307538,0.09469831361473686,0,0
S8,2024-01-11 14:45:00,0.12486167523365732,0.06886287947702081,0,0
S8,2024-01-11 15:00:00,0.22154107155399577,0.08405335323148092,0,0
S8,2024-01-11 15:15:00,0.3219611962704527,0.09780170744359568,0,0
S8,2024-01-11 15:30:00,0.2825949822210691,0.0633586110921564,0,0
S8,2024-01-11 15:45:00,0.1739460913983622,0.09178108347690808,0,0
S8,2024-01-11 16:00:00,0.3588600112546792,0.09978029143732886,0,0
S8,2024-01-11 16:15:00,0.09503951372793483,0.06348019640609087,0,0
S8,2024-01-11 16:30:00,0.06403717691563997,0.07088202507180967,0,0
S8,2024-01-11 16:45:00,0.09740010467799953,0.08339216467540056,0,0
S8,2024-01-11 17:00:00,0.10499855517051415,0.10949925506124622,0,0
S8,2024-01-11 17:15:00,0.26958438196731227,0.17655787804356168,0,0
S8,2024-01-11 17:30:00,0.22638358161944028,0.12823188531589944,0,0
S8,2024-01-11 17:45:00,0.27946725807726663,0.10775757516610569,0,0
S8,2024-01-11 18:00:00,0.18246791003141516,0.1098579555062625,0,0
S8,2024-01-11 18:15:00,0.20371169710080128,0.09855151742861394,0,0
S8,2024-01-11 18:30:00,0.248615564673187,0.12725972043540876,0,0
S8,2024-01-11 18:45:00,0.19920024130948039,0.16616488047738456,0,0
S8,2024-01-11 19:00:00,0.2471165113157011,0.12976647792002127,0,0
S8,2024-01-11 19:15:00,0.2767765893374704,0.11511167961610322,0,0
S8,2024-01-11 19:30:00,0.17330055003078576,0.09946964658087731,0,0
S8,2024-01-11 19:45:00,0.18131601513677145,0.10355268336624701,0,0
S8,2024-01-11 20:00:00,0.3385325402333475,0.15338922629033142,0,0
S8,2024-01-11 20:15:00,0.13234703617876778,0.093437149078663,0,0
S8,2024-01-11 20:30:00,0.20408800891201903,0.17458720478644507,0,0
S8,2024-01-11 20:45:00,0.18238574820950337,0.0969313296376494,0,0
S8,2024-01-11 21:00:00,0.07602746779457484,0.09842519265381186,0,0
S8,2024-01-11 21:15:00,0.15748603189529287,0.1284829081001579,0,0
S8,2024-01-11 21:30:00,0.1964011116875047,0.11477471823316207,0,0
S8,2024-01-11 21:45:00,0.10401876979386777,0.07898726249975067,0,0
S8,2024-01-11 22:00:00,0.1809667279513238,0.10542950254612304,0,0
S8,2024-01-11 22:15:00,0.18451486058822394,0.05944677609745692,0,0
S8,2024-01-11 22:30:00,0.21461827529211938,0.1688336663558971,0,0
S8,2024-01-11 22:45:00,0.19824781567359986,0.07323416655112117,0,0
S8,2024-01-11 23:00:00,0.18729782347112908,0.07898016763985376,0,0
S8,2024-01-11 23:15:00,0.17636341007364337,0.07583462053504093,0,0
S8,2024-01-11 23:30:00,0.19039247901003514,0.07167396673369741,0,0
S8,2024-01-11 23:45:00,0.12542211417736682,0.07360138349046567,0,0
S8,2024-01-12 00:00:00,0.2763626461361454,0.12774969504230674,0,0
S8,2024-01-12 00:15:00,0.2679757950479804,0.10842220300946566,0,0
S8,2024-01-12 00:30:00,0.3502945030050229,0.12313608097196507,0,0
S8,2024-01-12 00:45:00,0.19421776392539064,0.11394811565348245,0,0
S8,2024-01-12 01:00:00,0.2507561358462751,0.11929168555332276,0,0
S8,2024-01-12 01:15:00,0.29014791868912054,0.11780431339289081,0,0
S8,2024-01-12 01:30:00,0.33591447026117616,0.1077352844690801,0,0
S8,2024-01-12 01:45:00,0.32581421347858824,0.07536681510836739,0,0
S8,2024-01-12 02:00:00,0.3619813191285774,0.0739787178421145,0,0
S8,2024-01-12 02:15:00,0.39887554864294483,0.10968413349661137,0,0
S8,2024-01-12 02:30:00,0.1871146862234089,0.05562875246285833,0,0
S8,2024-01-12 02:45:00,0.3117443981505838,0.15605787721552816,0,0
S8,2024-01-12 03:00:00,0.34980764607723214,0.11809539428645417,0,0
S8,2024-01-12 03:15:00,0.2938229227058727,0.08757049956834977,0,0
S8,2024-01-12 03:30:00,0.24444189406964967,0.08461826767776724,0,0
S8,2024-01-12 03:45:00,0.2329389630618632,0.07177100789848051,0,0
S8,2024-01-12 04:00:00,0.22411787749178175,0.10948540368287868,0,0
S8,2024-01-12 04:15:00,0.3464434006659881,0.08454914026909223,0,0
S8,2024-01-12 04:30:00,0.24113830556075627,0.10450763302427478,0,0
S8,2024-01-12 04:45:00,0.3958845791682572,0.10093127620132827,0,0
S8,2024-01-12 05:00:00,0.4426158862245973,0.12139807654448219,0,0
S8,2024-01-12 05:15:00,0.2889312303498493,0.11695850215465425,0,0
S8,2024-01-12 05:30:00,0.22027901736095845,0.06479363134534549,0,0
S8,2024-01-12 05:45:00,0.152117798748396,0.0665053232481268,0,0
S8,2024-01-12 06:00:00,0.15038884432195732,0.07353159995394788,0,0
S8,2024-01-12 06:15:00,0.12896406899687926,0.05414230959955446,0,0
S8,2024-01-12 06:30:00,0.1798813542970662,0.07298331772204374,0,0
S8,2024-01-12 06:45:00,0.2578359218743382,0.09395785709685632,0,0
S8,2024-01-12 07:00:00,0.12055340407957478,0.0804974789917687,0,0
S8,2024-01-12 07:15:00,0.21311227952735218,0.09031887789955802,0,0
S8,2024-01-12 07:30:00,0.22242794889917436,0.14485343861828387,0,0
S8,2024-01-12 07:45:00,0.08394430719790925,0.09835698931811296,0,0
S8,2024-01-12 08:00:00,0.0953324376676179,0.10574223237586246,0,0
S8,2024-01-12 08:15:00,0.03797315223272664,0.0746496928125843,0,0
S8,2024-01-12 08:30:00,0.10488069080131839,0.11910074325674067,0,0
S8,2024-01-12 08:45:00,0.043986875091781334,0.06012124324668531,0,0
S8,2024-01-12 09:00:00,0.14273548665695215,0.0965580749345863,0,0
S8,2024-01-12 09:15:00,0.18348926981805622,0.07752858802020816,0,0
S8,2024-01-12 09:30:00,0.11738847878271201,0.1827117748054195,0,0
S8,2024-01-12 09:45:00,0.07523392598451924,0.1019014930433826,0,0
S8,2024-01-12 10:00:00,0.2255235749675956,0.13477174409768708,0,0
S8,2024-01-12 10:15:00,0.12486701596042227,0.09948091754009607,0,0
S8,2024-01-12 10:30:00,0.18900895637010354,0.08190100540818152,0,0
S8,2024-01-12 10:45:00,0.13988651629398546,0.04951156329530875,0,0
S8,2024-01-12 11:00:00,0.13898212418520065,0.06378912812831802,0,0
S8,2024-01-12 11:15:00,0.21296575971831536,0.13375736908534563,0,0
S8,2024-01-12 11:30:00,0.15128014294326136,0.09916906527580385,0,0
S8,2024-01-12 11:45:00,0.11864466109699333,0.10160434177228446,0,0
S8,2024-01-12 12:00:00,0.2803452339270359,0.09886802313722695,0,0
S8,2024-01-12 12:15:00,0.17058752551893736,0.09106742413775747,0,0
S8,2024-01-12 12:30:00,0.18734773356179057,0.10517737389606084,0,0
S8,2024-01-12 12:45:00,0.21076512728497449,0.08607537165194257,0,0
S8,2024-01-12 13:00:00,0.24595139550563846,0.10629312189861097,0,0
S8,2024-01-12 13:15:00,0.2370220641965418,0.1357295576517804,0,0
S8,2024-01-12 13:30:00,0.28929057361136046,0.07757643759567939,0,0
S8,2024-01-12 13:45:00,0.23940346032181167,0.06424591056536076,0,0
S8,2024-01-12 14:00:00,0.22344104079350594,0.07946944873654185,0,0
S8,2024-01-12 14:15:00,0.2538931946707876,0.05618970556328863,0,0
S8,2024-01-12 14:30:00,0.31517915667116864,0.09423237855423808,0,0
S8,2024-01-12 14:45:00,0.27019814862422126,0.11480930546400799,0,0
S8,2024-01-12 15:00:00,0.3406862522165408,0.11480930546400799,0,0
S8,2024-01-12 15:15:00,0.213362006485166,0.03945220716434991,0,0
S8,2024-01-12 15:30:00,0.29091840439034994,0.0856220555250635,0,0
S8,2024-01-12 15:45:00,0.20468142775798903,0.08753024058086853,0,0
S8,2024-01-12 16:00:00,0.29696679650171703,0.09080323411600331,0,0
S8,2024-01-12 16:15:00,0.21194380653204214,0.06710943860279432,0,0
S8,2024-01-12 16:30:00,0.3131007145225266,0.12399447681576906,0,0
S8,2024-01-12 16:45:00,0.2839954318838795,0.1117452595329728,0,0
S8,2024-01-12 17:00:00,0.17990611249357777,0.09732643676960784,0,0
S8,2024-01-12 17:15:00,0.15267349557905663,0.1251305178420755,0,0
S8,2024-01-12 17:30:00,0.15396473061761082,0.05302616313790406,0,0
S8,2024-01-12 17:45:00,0.2779969090398207,0.13204656458114936,0,0
S8,2024-01-12 18:00:00,0.2136612833117649,0.10180386160271748,0,0
S8,2024-01-12 18:15:00,0.28924020984862203,0.108553804653197,0,0
S8,2024-01-12 18:30:00,0.12694304622089161,0.08008428173288258,0,0
S8,2024-01-12 18:45:00,0.058298964062144756,0.08639441114353902,0,0
S8,2024-01-12 19:00:00,0.08786602124551286,0.1319708993653386,0,0
S8,2024-01-12 19:15:00,0.08937454069810148,0.11608930557905507,0,0
S8,2024-01-12 19:30:00,0.17527048772974443,0.10199326193437264,0,0
S8,2024-01-12 19:45:00,0.10539868792311963,0.08795859918579231,0,0
S8,2024-01-12 20:00:00,0.04930412640749269,0.08666483838307289,0,0
S8,2024-01-12 20:15:00,0.1423958550565439,0.10633973352887843,0,0
S8,2024-01-12 20:30:00,0.14741543469926816,0.1319288688823492,0,0
S8,2024-01-12 20:45:00,0.17725125452109422,0.08257485969968464,0,0
S8,2024-01-12 21:00:00,0.32688518840881875,0.12463292789971384,0,0
S8,2024-01-12 21:15:00,0.2069788048029325,0.1061751366870778,0,0
S8,2024-01-12 21:30:00,0.1841075501823416,0.1657375704753053,0,0
S8,2024-01-12 21:45:00,0.22166774409633308,0.11333909868908053,0,0
S8,2024-01-12 22:00:00,0.21603978261090678,0.07562520898565693,0,0
S8,2024-01-12 22:15:00,0.19588269104361805,0.11840393365572996,0,0
S8,2024-01-12 22:30:00,0.3221623945343721,0.1174436234390664,0,0
S8,2024-01-12 22:45:00,0.13935183448083974,0.06744054238768044,0,0
S8,2024-01-12 23:00:00,0.10809960510622074,0.04149644395048951,0,0
S8,2024-01-12 23:15:00,0.20611515137423822,0.07363610860110606,0,0
S8,2024-01-12 23:30:00,0.15696340087358632,0.06100949295267001,0,0
S8,2024-01-12 23:45:00,0.29286601769678827,0.06856079706537445,0,0
S8,2024-01-13 00:00:00,0.23860608508165357,0.10502587596126046,0,0
S8,2024-01-13 00:15:00,0.321245043441024,0.10863250161078603,0,0
S8,2024-01-13 00:30:00,0.33827759591433143,0.11625722649789766,0,0
S8,2024-01-13 00:45:00,0.23869599524946056,0.06474491524152166,0,0
S8,2024-01-13 01:00:00,0.44682285052494736,0.1078018009012202,0,0
S8,2024-01-13 01:15:00,0.41565038532651827,0.10877259658379368,0,0
S8,2024-01-13 01:30:00,0.4169381196237928,0.10062016559644085,0,0
S8,2024-01-13 01:45:00,0.3155794745514854,0.11083109920600671,0,0
S8,2024-01-13 02:00:00,0.36930818263126325,0.0835973483685362,0,0
S8,2024-01-13 02:15:00,0.4361966218177752,0.11361728772935498,0,0
S8,2024-01-13 02:30:00,0.3328784332342212,0.106608666444453,0,0
S8,2024-01-13 02:45:00,0.44359769035025814,0.11751704915273173,0,0
S8,2024-01-13 03:00:00,0.368950819222338,0.10236563404000659,0,0
S8,2024-01-13 03:15:00,0.3541968743056251,0.10377348410715162,0,0
S8,2024-01-13 03:30:00,0.42266910489348847,0.12655055188901626,0,0
S8,2024-01-13 03:45:00,0.3414313469652057,0.08723504201342777,0,0
S8,2024-01-13 04:00:00,0.3665235043571056,0.11604585917664385,0,0
S8,2024-01-13 04:15:00,0.3625506736111051,0.11604585917664385,0,0
S8,2024-01-13 04:30:00,0.30231322058540616,0.07046778725460198,0,0
S8,2024-01-13 04:45:00,0.32582096951525946,0.12315714886176013,0,0
S8,2024-01-13 05:00:00,0.2433859691517888,0.07222342586597853,0,0
S8,2024-01-13 05:15:00,0.21708706191477098,0.07447152496898433,0,0
S8,2024-01-13 05:30:00,0.25390136447912276,0.11239826353346427,0,0
S8,2024-01-13 05:45:00,0.25464973606874824,0.11974239712787103,0,0
S8,2024-01-13 06:00:00,0.31258898730734674,0.11290243355309341,0,0
S8,2024-01-13 06:15:00,0.1976672951627596,0.10983341571045543,0,0
S8,2024-01-13 06:30:00,0.17605825865383512,0.07961048535875377,0,0
S8,2024-01-13 06:45:00,0.23208521980090713,0.10573369692894743,0,0
S8,2024-01-13 07:00:00,0.20339336414506776,0.14974919498352102,0,0
S8,2024-01-13 07:15:00,0.17852623729540065,0.04965173645278515,0,0
S8,2024-01-13 07:30:00,0.26816009128114754,0.1851699124513947,0,0
S8,2024-01-13 07:45:00,0.24058466635639672,0.13449683134383986,0,0
S8,2024-01-13 08:00:00,0.17974526768817892,0.06164736114790968,0,0
S8,2024-01-13 08:15:00,0.33045601953375714,0.1035875544390243,0,0
S8,2024-01-13 08:30:00,0.18333034378879756,0.11113976295173664,0,0
S8,2024-01-13 08:45:00,0.2032886157822401,0.07493105354941036,0,0
S8,2024-01-13 09:00:00,0.1289755188491013,0.06331457872473378,0,0
S8,2024-01-13 09:15:00,0.1322274107469084,0.10156356181023223,0,0
S8,2024-01-13 09:30:00,0.17671851539485645,0.09862790378084611,0,0
S8,2024-01-13 09:45:00,0.12558814956614395,0.08072970558835812,0,0
S8,2024-01-13 10:00:00,0.19961527385693514,0.07822267090937027,0,0
S8,2024-01-13 10:15:00,0.1261076109014551,0.06246130874891283,0,0
S8,2024-01-13 10:30:00,0.21232486524689065,0.08974752855258904,0,0
S8,2024-01-13 10:45:00,0.2305427834121028,0.08560278334849045,0,0
S8,2024-01-13 11:00:00,0.1019757328970018,0.06319536549174032,0,0
S8,2024-01-13 11:15:00,0.19545672609798553,0.08608863774580947,0,0
S8,2024-01-13 11:30:00,0.16256793795126795,0.09846720256378082,0,0
S8,2024-01-13 11:45:00,0.13555417266255088,0.06222437652157983,0,0
S8,2024-01-13 12:00:00,0.14319207910855833,0.10090851423660963,0,0
S8,2024-01-13 12:15:00,0.19505739238281086,0.07845354532524625,0,0
S8,2024-01-13 12:30:00,0.2860503344520643,0.11767763237486738,0,0
S8,2024-01-13 12:45:00,0.2873345901479774,0.09327930810827222,0,0
S8,2024-01-13 13:00:00,0.2108162792073792,0.08473869709402033,0,0
S8,2024-01-13 13:15:00,0.24987678045520872,0.0980998893341544,0,0
S8,2024-01-13 13:30:00,0.3547479939595484,0.09300048324661385,0,0
S8,2024-01-13 13:45:00,0.328759911009422,0.08688275827416325,0,0
S8,2024-01-13 14:00:00,0.2156175691075957,0.06402233453147575,0,0
S8,2024-01-13 14:15:00,0.25379912962939427,0.08194679446642994,0,0
S8,2024-01-13 14:30:00,0.3398926320297336,0.09070035648714557,0,0
S8,2024-01-13 14:45:00,0.21970646300170962,0.06713671158640906,0,0
S8,2024-01-13 15:00:00,0.20976085546784026,0.06533843573307434,0,0
S8,2024-01-13 15:15:00,0.25468291029630585,0.055009119059827145,0,0
S8,2024-01-13 15:30:00,0.3230578550785535,0.08436223315184177,0,0
S8,2024-01-13 15:45:00,0.2494704253882721,0.07348693254663974,0,0
S8,2024-01-13 16:00:00,0.2165563736078235,0.1115534654113878,0,0
S8,2024-01-13 16:15:00,0.21180535952217694,0.057749577941518325,0,0
S8,2024-01-13 16:30:00,0.1538001593860609,0.0559209333985442,0,0
S8,2024-01-13 16:45:00,0.335897460434968,0.097637587994968,0,0
S8,2024-01-13 17:00:00,0.23813491327202052,0.09130388583142522,0,0
S8,2024-01-13 17:15:00,0.1510943088307698,0.05827286457392487,0,0
S8,2024-01-13 17:30:00,0.14691141758698342,0.08666223396813426,0,0
S8,2024-01-13 17:45:00,0.18385778126323707,0.09895003339679335,0,0
S8,2024-01-13 18:00:00,0.13668492745400068,0.08462833133080953,0,0
S8,2024-01-13 18:15:00,0.22769389721862696,0.12555821402871406,0,0
S8,2024-01-13 18:30:00,0.2707520854750504,0.08896792873425421,0,0
S8,2024-01-13 18:45:00,0.09084239647412125,0.030402238676856284,0,0
S8,2024-01-13 19:00:00,0.2039649133030866,0.10190692777484123,0,0
S8,2024-01-13 19:15:00,0.10729821904708023,0.10603050168346498,0,0
S8,2024-01-13 19:30:00,0.15352841202844586,0.08584072882844054,0,0
S8,2024-01-13 19:45:00,0.15065437443788382,0.09575106563537977,0,0
S8,2024-01-13 20:00:00,0.18476024136907562,0.073233701737953,0,0
S8,2024-01-13 20:15:00,0.19114999848763153,0.0879882456718373,0,0
S8,2024-01-13 20:30:00,0.20401005190796068,0.08615423235083204,0,0
S8,2024-01-13 20:45:00,0.14183068013229294,0.051532111838353,0,0
S8,2024-01-13 21:00:00,0.13508409300305008,0.0667114073546597,0,0
S8,2024-01-13 21:15:00,0.05219839439658075,0.0667114073546597,0,0
S8,2024-01-13 21:30:00,0.11288282334873018,0.06623834695996221,0,0
S8,2024-01-13 21:45:00,0.1657243633255649,0.09721186708249158,0,0
S8,2024-01-13 22:00:00,0.2956639290580827,0.1409192487138682,0,0
S8,2024-01-13 22:15:00,0.21501863284259642,0.1409192487138682,0,0
S8,2024-01-13 22:30:00,0.2892346135863585,0.13185581814659716,0,0
S8,2024-01-13 22:45:00,0.32321954476124504,0.08943518241100938,0,0
S8,2024-01-13 23:00:00,0.3029546526008536,0.07743167531892407,0,0
S8,2024-01-13 23:15:00,0.34578093759723433,0.0799656032229073,0,0
S8,2024-01-13 23:30:00,0.36625982832974074,0.10733431383999674,0,0
S8,2024-01-13 23:45:00,0.3821472710350962,0.09902290001001213,0,0
S8,2024-01-14 00:00:00,0.3600313184062087,0.07668583638075467,0,0
S8,2024-01-14 00:15:00,0.28983149433545047,0.08034002740236394,0,0
S8,2024-01-14 00:30:00,0.3222809359998776,0.10855022099899536,0,0
S8,2024-01-14 00:45:00,0.3334776524744722,0.10881870974732472,0,0
S8,2024-01-14 01:00:00,0.4568597106140884,0.15710612931109189,0,0
S8,2024-01-14 01:15:00,0.40337222003103135,0.08491940290444007,0,0
S8,2024-01-14 01:30:00,0.37874786525322107,0.08926210310947162,0,0
S8,2024-01-14 01:45:00,0.34142394236083906,0.0870910618577049,0,0
S8,2024-01-14 02:00:00,0.2680608165818544,0.06941846548703738,0,0
S8,2024-01-14 02:15:00,0.38881995483996246,0.11238331966646634,0,0
S8,2024-01-14 02:30:00,0.3652160476668111,0.09356319855079513,0,0
S8,2024-01-14 02:45:00,0.3954360194664234,0.10049022287227137,0,0
S8,2024-01-14 03:00:00,0.27916655455463607,0.09447544146623445,0,0
S8,2024-01-14 03:15:00,0.3413334083014222,0.09327169846485793,0,0
S8,2024-01-14 03:30:00,0.2874215470357287,0.06476265045936755,0,0
S8,2024-01-14 03:45:00,0.34351276462072977,0.080620671007329,0,0
S8,2024-01-14 04:00:00,0.3274521126782894,0.09695637154264572,0,0
S8,2024-01-14 04:15:00,0.2818817517871141,0.08845450713621389,0,0
S8,2024-01-14 04:30:00,0.36728496313025555,0.1130408858369511,0,0
S8,2024-01-14 04:45:00,0.3217473419128363,0.13364000749865187,0,0
S8,2024-01-14 05:00:00,0.362031381919473,0.10180060422233093,0,0
S8,2024-01-14 05:15:00,0.23533341118819212,0.10912129178928492,0,0
S8,2024-01-14 05:30:00,0.30362822901368025,0.06417989896044182,0,0
S8,2024-01-14 05:45:00,0.317198283216764,0.08063045981868594,0,0
S8,2024-01-14 06:00:00,0.28031219417972814,0.09497226045168643,0,0
S8,2024-01-14 06:15:00,0.3139938564214561,0.12153922532504934,0,0
S8,2024-01-14 06:30:00,0.2412837116623657,0.09141737074023136,0,0
S8,2024-01-14 06:45:00,0.21608546888114996,0.1130548244992653,0,0
S8,2024-01-14 07:00:00,0.17608854142399183,0.06796402920914556,0,0
S8,2024-01-14 07:15:00,0.11500789371275576,0.04805754095161041,0,0
S8,2024-01-14 07:30:00,0.2288316544153204,0.1118027154156733,0,0
S8,2024-01-14 07:45:00,0.18986407716984166,0.08840015179034608,0,0
S8,2024-01-14 08:00:00,0.19433066358090642,0.10571310132437785,0,0
S8,2024-01-14 08:15:00,0.27182158398926315,0.07961377696447493,0,0
S8,2024-01-14 08:30:00,0.25092565900814895,0.07469313388978222,0,0
S8,2024-01-14 08:45:00,0.24182649652691238,0.0626177802902239,0,0
S8,2024-01-14 09:00:00,0.20858684945364311,0.06905374607166047,0,0
S8,2024-01-14 09:15:00,0.13988235034819743,0.06858452589376517,0,0
S8,2024-01-14 09:30:00,0.30533865656316106,0.11073609947396426,0,0
S8,2024-01-14 09:45:00,0.2693629705954737,0.10388003763416633,0,0
S8,2024-01-14 10:00:00,0.2671560715887681,0.1216109177464184,0,0
S8,2024-01-14 10:15:00,0.2759283162075446,0.09879707117389955,0,0
S8,2024-01-14 10:30:00,0.31058189545709686,0.1196699518175927,0,0
S8,2024-01-14 10:45:00,0.24170089994356672,0.09437488735236285,0,0
S8,2024-01-14 11:00:00,0.28711374808436807,0.0903148200745325,0,0
S8,2024-01-14 11:15:00,0.3382830914805146,0.07641865933064068,0,0
S8,2024-01-14 11:30:00,0.2524537575467494,0.0639227859876211,0,0
S8,2024-01-14 11:45:00,0.3341787894795456,0.11842026315385229,0,0
S8,2024-01-14 12:00:00,0.28448868120513165,0.10154430045842397,0,0
S8,2024-01-14 12:15:00,0.22404766897963432,0.07577140692754761,0,0
S8,2024-01-14 12:30:00,0.3286975361784647,0.0879886741119563,0,0
S8,2024-01-14 12:45:00,0.2613771133642678,0.07840321458183237,0,0
S8,2024-01-14 13:00:00,0.37785869499483427,0.13596899272591453,0,0
S8,2024-01-14 13:15:00,0.2570727907585458,0.05924546738741833,0,0
S8,2024-01-14 13:30:00,0.32387962944696314,0.08440388808099009,0,0
S8,2024-01-14 13:45:00,0.3399865831917576,0.0925027312611799,0,0
S8,2024-01-14 14:00:00,0.3454447322062645,0.09561970131703469,0,0
S8,2024-01-14 14:15:00,0.5174818142834542,0.10407385388234469,1,0
S8,2024-01-14 14:30:00,0.3523914047675262,0.069201660934038,0,0
S8,2024-01-14 14:45:00,0.4000653759460357,0.06780284388544383,0,0
S8,2024-01-14 15:00:00,0.521870684328032,0.10308845144077827,1,0
S8,2024-01-14 15:15:00,0.40340115440404656,0.13386045199401828,0,0
S8,2024-01-14 15:30:00,0.401328567541005,0.13033851046569908,0,0
S8,2024-01-14 15:45:00,0.30014087152176283,0.07393018331445445,0,0
S8,2024-01-14 16:00:00,0.30157522350565064,0.10981474668078023,0,0
S8,2024-01-14 16:15:00,0.334040425064864,0.09687772864454439,0,0
S8,2024-01-14 16:30:00,0.3524564324553356,0.09334819525035369,0,0
S8,2024-01-14 16:45:00,0.1995953421540029,0.06610308725012023,0,0
S8,2024-01-14 17:00:00,0.20229246802855866,0.08311810851679477,0,0
S8,2024-01-14 17:15:00,0.24074752674152594,0.09565169330532622,0,0
S8,2024-01-14 17:30:00,0.22836670201241002,0.071888735179996,0,0
S8,2024-01-14 17:45:00,0.20941083951155992,0.0809049868974963,0,0
S8,2024-01-14 18:00:00,0.18372943241152662,0.09637211376622533,0,0
S8,2024-01-14 18:15:00,0.08498027374332781,0.07321150105301737,0,0
S8,2024-01-14 18:30:00,0.2335329457002043,0.117402747905514,0,0
S8,2024-01-14 18:45:00,0.16605793647419878,0.07314989423638021,0,0
S8,2024-01-14 19:00:00,0.139714677322952,0.0979857407653266,0,0
S8,2024-01-14 19:15:00,0.16491293770246715,0.07957105349047347,0,0
S8,2024-01-14 19:30:00,0.2657745809408211,0.08056513901304242,0,0
S8,2024-01-14 19:45:00,0.15276297125294191,0.06392431686132942,0,0
S8,2024-01-14 20:00:00,0.15702181180233485,0.08394206974066858,0,0
S8,2024-01-14 20:15:00,0.12786837619358163,0.07260569918079594,0,0
S8,2024-01-14 20:30:00,0.131232065590448,0.06997718121326744,0,0
S8,2024-01-14 20:45:00,0.19366456373004393,0.06817133495208497,0,0
S8,2024-01-14 21:00:00,0.15014423747163744,0.06946605994319563,0,0
S8,2024-01-14 21:15:00,0.1763690194058702,0.09893404910819435,0,0
S8,2024-01-14 21:30:00,0.19464338137616902,0.07729615858663547,0,0
S8,2024-01-14 21:45:00,0.2673457171293807,0.12134684455701811,0,0
S8,2024-01-14 22:00:00,0.19077597133252866,0.09518074969761217,0,0
S8,2024-01-14 22:15:00,0.1259613198447304,0.060566856744979115,0,0
S8,2024-01-14 22:30:00,0.3149875871176306,0.08867356696379759,0,0
S8,2024-01-14 22:45:00,0.2737719856078955,0.1308668945408845,0,0
S8,2024-01-14 23:00:00,0.2806486111196404,0.06041360145417791,0,0
S8,2024-01-14 23:15:00,0.21145348206531187,0.06643386453894408,0,0
S8,2024-01-14 23:30:00,0.30334020369382486,0.10206295971356345,0,0
S8,2024-01-14 23:45:00,0.2974487932552386,0.15967141556136497,0,0
S8,2024-01-15 00:00:00,0.18339127965720697,0.06874389868629652,0,0
S8,2024-01-15 00:15:00,0.2373625720702339,0.06541532060108586,0,0
S8,2024-01-15 00:30:00,0.36681184351092305,0.1230541969465714,0,0
S8,2024-01-15 00:45:00,0.22562900052629042,0.07234495643063685,0,0
S8,2024-01-15 01:00:00,0.335259214332807,0.09757242340383122,0,0
S8,2024-01-15 01:15:00,0.35272125370197793,0.09803675836055144,0,0
S8,2024-01-15 01:30:00,0.3144652192216001,0.07616256728084074,0,0
S8,2024-01-15 01:45:00,0.2716507771471647,0.06610981734189092,0,0
S8,2024-01-15 02:00:00,0.24117424408685553,0.15629266922662421,0,0
S8,2024-01-15 02:15:00,0.2723219533490148,0.07616003125844649,0,0
S8,2024-01-15 02:30:00,0.2530043448685466,0.08350775560310693,0,0
S8,2024-01-15 02:45:00,0.34726799654412677,0.11349753883969345,0,0
S8,2024-01-15 03:00:00,0.41374819556130005,0.09527399896292024,0,0
S8,2024-01-15 03:15:00,0.32260713252519374,0.10676447955196351,0,0
S8,2024-01-15 03:30:00,0.28602468361826805,0.1231165579174553,0,0
S8,2024-01-15 03:45:00,0.29667949814746425,0.07772737325784833,0,0
S8,2024-01-15 04:00:00,0.15849307818392966,0.06485229686500382,0,0
S8,2024-01-15 04:15:00,0.294254877671197,0.0951397604273809,0,0
S8,2024-01-15 04:30:00,0.2687438231051639,0.10317617925352757,0,0
S8,2024-01-15 04:45:00,0.2321110361208664,0.08640008954562953,0,0
S8,2024-01-15 05:00:00,0.18764527200358386,0.06490396208768923,0,0
S8,2024-01-15 05:15:00,0.20511554330248913,0.0986776970909488,0,0
S8,2024-01-15 05:30:00,0.18698360220661162,0.11374932148750043,0,0
S8,2024-01-15 05:45:00,0.12376743078511618,0.12199381541654132,0,0
S8,2024-01-15 06:00:00,0.16507255085751693,0.09047250704646906,0,0
S8,2024-01-15 06:15:00,0.09476175343257469,0.06053557412013553,0,0
S8,2024-01-15 06:30:00,0.11157624497767124,0.1362082423101497,0,0
S8,2024-01-15 06:45:00,0.11778017792517308,0.05353399405551267,0,0
S8,2024-01-15 07:00:00,0.15981347249989544,0.10988526145083916,0,0
S8,2024-01-15 07:15:00,0.12918437255625617,0.06680177690186104,0,0
S8,2024-01-15 07:30:00,0.16934815616661622,0.11691024547199401,0,0
S8,2024-01-15 07:45:00,0.09898512995346931,0.0866473261943398,0,0
S8,2024-01-15 08:00:00,0.02854616390204919,0.05731676664499653,0,0
S8,2024-01-15 08:15:00,0.04336732676197494,0.06598539452334543,0,0
S8,2024-01-15 08:30:00,0.16048247254223202,0.12018938721805265,0,0
S8,2024-01-15 08:45:00,0.06347367937409458,0.07930334773992243,0,0
S8,2024-01-15 09:00:00,0.05886365287702222,0.09029958519881273,0,0
S8,2024-01-15 09:15:00,0.10529409959869018,0.0708529701944459,0,0
S8,2024-01-15 09:30:00,0.08647669155186653,0.10521210513767089,0,0
S8,2024-01-15 09:45:00,0.24765726620968662,0.11168948876913315,0,0
S8,2024-01-15 10:00:00,0.17327684940306587,0.11953614789418429,0,0
S8,2024-01-15 10:15:00,0.1720469270529756,0.07343820924745381,0,0
S8,2024-01-15 10:30:00,0.1513897021293363,0.09641100671210216,0,0
S8,2024-01-15 10:45:00,0.19141059433896304,0.09570228784711042,0,0
S8,2024-01-15 11:00:00,0.18980219101079754,0.13419651261109514,0,0
S8,2024-01-15 11:15:00,0.28264194606854653,0.07350102869647311,0,0
S8,2024-01-15 11:30:00,0.23033117063140401,0.1102132150939544,0,0
S8,2024-01-15 11:45:00,0.1424100628363487,0.05727309084319777,0,0
S8,2024-01-15 12:00:00,0.24937680009899266,0.10913994806924254,0,0
S8,2024-01-15 12:15:00,0.1381142739142927,0.0899268634442564,0,0
S8,2024-01-15 12:30:00,0.2711480758392312,0.09731478608971396,0,0
S8,2024-01-15 12:45:00,0.29853928305746585,0.11463923293139093,0,0
S8,2024-01-15 13:00:00,0.32669810713687225,0.1056089311231329,0,0
S8,2024-01-15 13:15:00,0.24137289308989096,0.09630126700250101,0,0
S8,2024-01-15 13:30:00,0.2145763857342211,0.08445954835533351,0,0
S8,2024-01-15 13:45:00,0.2857494864941303,0.10145470747803849,0,0
S8,2024-01-15 14:00:00,0.16732399260686018,0.09569287995558885,0,0
S8,2024-01-15 14:15:00,0.20610808562359093,0.06888395730144871,0,0
S8,2024-01-15 14:30:00,0.23843184724877253,0.0771798601340404,0,0
S8,2024-01-15 14:45:00,0.2757756373581768,0.13596206561739207,0,0
S8,2024-01-15 15:00:00,0.25951550092123365,0.10705677915804757,0,0
S8,2024-01-15 15:15:00,0.21145250185007283,0.08640274745817399,0,0
S8,2024-01-15 15:30:00,0.15720435416472558,0.06775902713732466,0,0
S8,2024-01-15 15:45:00,0.1710985728997211,0.09252555834465435,0,0
S8,2024-01-15 16:00:00,0.13598136422646506,0.059399008423193865,0,0
S8,2024-01-15 16:15:00,0.18772700672501647,0.058966760929167535,0,0
S8,2024-01-15 16:30:00,0.2046944617068079,0.07720612793349123,0,0
S8,2024-01-15 16:45:00,0.28920214870113786,0.09493141548858906,0,0
S8,2024-01-15 17:00:00,0.17789177933904413,0.08174686424964804,0,0
S8,2024-01-15 17:15:00,0.16731115168155097,0.10593825451942353,0,0
S8,2024-01-15 17:30:00,0.1861384437838851,0.0893242587525297,0,0
S8,2024-01-15 17:45:00,0.12049227700172059,0.07433707025256547,0,0
S8,2024-01-15 18:00:00,0.19976391523406734,0.07804225040025814,0,0
S8,2024-01-15 18:15:00,0.22862310864783258,0.14809677380005629,0,0
S8,2024-01-15 18:30:00,0.07234777897121811,0.07268993731244248,0,0
S8,2024-01-15 18:45:00,0.1071264403331384,0.07475279308344297,0,0
S8,2024-01-15 19:00:00,0.07357552480148544,0.07861658292525853,0,0
S8,2024-01-15 19:15:00,0.08901784202512038,0.1282238218030102,0,0
S8,2024-01-15 19:30:00,0.2094540692471856,0.12318593532030135,0,0
S8,2024-01-15 19:45:00,0.08159569443378874,0.13664951325803912,0,0
S8,2024-01-15 20:00:00,0.0951725789313978,0.12446417282252442,0,0
S8,2024-01-15 20:15:00,0.12022390998888906,0.12995905603974028,0,0
S8,2024-01-15 20:30:00,0.09918726745737352,0.09801989073291477,0,0
S8,2024-01-15 20:45:00,0.22894972055283264,0.1265147660402372,0,0
S8,2024-01-15 21:00:00,0.1696248155367774,0.13563882241003872,0,0
S8,2024-01-15 21:15:00,0.12780840960195974,0.07710836172399836,0,0
S8,2024-01-15 21:30:00,0.1585886645583773,0.10234980864167258,0,0
S8,2024-01-15 21:45:00,0.16765431260812919,0.11478072281094552,0,0
S8,2024-01-15 22:00:00,0.17906075161670632,0.08267093202995947,0,0
S8,2024-01-15 22:15:00,0.18334016760228902,0.1119334097846909,0,0
S8,2024-01-15 22:30:00,0.10753468325902574,0.0643276182481174,0,0
S8,2024-01-15 22:45:00,0.21138165024729433,0.08348224037136999,0,0
S8,2024-01-15 23:00:00,0.07159708033101093,0.06475500561353159,0,0
S8,2024-01-15 23:15:00,0.18912373875311522,0.07110398993557475,0,0
S8,2024-01-15 23:30:00,0.3575301511965663,0.14974662990264648,0,0
S8,2024-01-15 23:45:00,0.3335742168695516,0.11563037856992481,0,0
S8,2024-01-16 00:00:00,0.2441408223914968,0.08276775954598072,0,0
S8,2024-01-16 00:15:00,0.2849698592044495,0.12279331868132758,0,0
S8,2024-01-16 00:30:00,0.23920182209487995,0.06812292386348232,0,0
S8,2024-01-16 00:45:00,0.28149360468562556,0.1000408627330206,0,0
S8,2024-01-16 01:00:00,0.3211920148876404,0.15753234881711362,0,0
S8,2024-01-16 01:15:00,0.31024937120840607,0.10146571904243944,0,0
S8,2024-01-16 01:30:00,0.4339625273521545,0.14095176640906842,0,0
S8,2024-01-16 01:45:00,0.41968999834729476,0.13220939647504612,0,0
S8,2024-01-16 02:00:00,0.3896338942462644,0.12157925810430792,0,0
S8,2024-01-16 02:15:00,0.2969598930239515,0.06826629094801992,0,0
S8,2024-01-16 02:30:00,0.3475555676588735,0.10667971627314622,0,0
S8,2024-01-16 02:45:00,0.3898628856785328,0.09736552101548558,0,0
S8,2024-01-16 03:00:00,0.28985504543700297,0.0917657913228403,0,0
S8,2024-01-16 03:15:00,0.3288659102117914,0.13068261057351813,0,0
S8,2024-01-16 03:30:00,0.3575055017289544,0.15506667065012847,0,0
S8,2024-01-16 03:45:00,0.20776634974386723,0.09373688580243295,0,0
S8,2024-01-16 04:00:00,0.19030042816938983,0.0715588232958821,0,0
S8,2024-01-16 04:15:00,0.24809484442076318,0.07130176880057905,0,0
S8,2024-01-16 04:30:00,0.27256520761027125,0.1357716873495001,0,0
S8,2024-01-16 04:45:00,0.19555773041279229,0.0876307659823829,0,0
S8,2024-01-16 05:00:00,0.3106642213161756,0.10432289374534463,0,0
S8,2024-01-16 05:15:00,0.19841561756634557,0.08522741875500713,0,0
S8,2024-01-16 05:30:00,0.262891692094407,0.08686265888025099,0,0
S8,2024-01-16 05:45:00,0.18532709289626773,0.08534008265960692,0,0
S8,2024-01-16 06:00:00,0.17942342049260113,0.06368154743608045,0,0
S8,2024-01-16 06:15:00,0.1562007643923223,0.10249112430180027,0,0
S8,2024-01-16 06:30:00,0.20918062039277255,0.11217126344863305,0,0
S8,2024-01-16 06:45:00,0.1618844819183849,0.0654580036030188,0,0
S8,2024-01-16 07:00:00,0.05274080937947643,0.0736195587748617,0,0
S8,2024-01-16 07:15:00,0.11474379096961818,0.0784388909655123,0,0
S8,2024-01-16 07:30:00,0.14942237874857697,0.07827654520149983,0,0
S8,2024-01-16 07:45:00,0.05828604613979108,0.09118875279170287,0,0
S8,2024-01-16 08:00:00,0.07536936165368942,0.08752916787000621,0,0
S8,2024-01-16 08:15:00,0.011417426997118259,0.06615341444254391,0,0
S8,2024-01-16 08:30:00,0.0591853733278549,0.08489143866558158,0,0
S8,2024-01-16 08:45:00,0.04496305399891562,0.0961113781576616,0,0
S8,2024-01-16 09:00:00,0.06753271574529944,0.14444098875794123,0,0
S8,2024-01-16 09:15:00,0.07625193257725438,0.09279959129180657,0,0
S8,2024-01-16 09:30:00,0.09763020503450648,0.0628391499501113,0,0
S8,2024-01-16 09:45:00,0.06686743094591538,0.07453887946173017,0,0
S8,2024-01-16 10:00:00,0.19259309738646946,0.0902533167394011,0,0
S8,2024-01-16 10:15:00,0.12704797269394583,0.08300762541245328,0,0
S8,2024-01-16 10:30:00,0.12031725159531124,0.07235985461689805,0,0
S8,2024-01-16 10:45:00,0.0876747608336419,0.09494616406692405,0,0
S8,2024-01-16 11:00:00,0.0,0.0508217308442844,0,0
S8,2024-01-16 11:15:00,0.14455215981143482,0.11446928298519744,0,0
S8,2024-01-16 11:30:00,0.05242505835434278,0.0830129669163287,0,0
S8,2024-01-16 11:45:00,0.05347703720850447,0.07870378388719541,0,0
S8,2024-01-16 12:00:00,0.09860142817655673,0.09942375904837356,0,0
S8,2024-01-16 12:15:00,0.045664908635095786,0.06770753667506117,0,0
S8,2024-01-16 12:30:00,0.23635274861031574,0.11587113327874342,0,0
S8,2024-01-16 12:45:00,0.12891815870625897,0.07310654591720815,0,0
S8,2024-01-16 13:00:00,0.13161435081966597,0.056529741956537594,0,0
S8,2024-01-16 13:15:00,0.15685951995200526,0.07297879545882963,0,0
S8,2024-01-16 13:30:00,0.17444189180786493,0.09438598592772184,0,0
S8,2024-01-16 13:45:00,0.28516713589255055,0.08398539861182062,0,0
S8,2024-01-16 14:00:00,0.18098101875693814,0.04805358448161566,0,0
S8,2024-01-16 14:15:00,0.1497118352813527,0.06276275085032061,0,0
S8,2024-01-16 14:30:00,0.24930425818097385,0.0936521669104424,0,0
S8,2024-01-16 14:45:00,0.06004690120164867,0.05627205929205654,0,0
S8,2024-01-16 15:00:00,0.23145208552730592,0.09366063855990264,0,0
S8,2024-01-16 15:15:00,0.16137807184870404,0.06718486114867349,0,0
S8,2024-01-16 15:30:00,0.18083180699397394,0.05806879814131636,0,0
S8,2024-01-16 15:45:00,0.21967256913762337,0.07093079837383538,0,0
S8,2024-01-16 16:00:00,0.2012019047286446,0.092285152939077,0,0
S8,2024-01-16 16:15:00,0.14526573810916174,0.0906330143857504,0,0
S8,2024-01-16 16:30:00,0.17563804119526358,0.0812057410383118,0,0
S8,2024-01-16 16:45:00,0.1391402291124816,0.07141123494915697,0,0
S8,2024-01-16 17:00:00,0.11208281166292448,0.09577821823105856,0,0
S8,2024-01-16 17:15:00,0.12063307332685733,0.10466457887331167,0,0
S8,2024-01-16 17:30:00,0.11737450609510464,0.11804920717008845,0,0
S8,2024-01-16 17:45:00,0.1772763483039844,0.09345984644587603,0,0
S8,2024-01-16 18:00:00,0.14394508677001416,0.11006106938026697,0,0
S8,2024-01-16 18:15:00,0.07469117540655464,0.07803143065574047,0,0
S8,2024-01-16 18:30:00,0.21186548742395897,0.10196116788963555,0,0
S8,2024-01-16 18:45:00,0.09946641837662727,0.0708001199022845,0,0
S8,2024-01-16 19:00:00,0.12900473706031473,0.13004289078166342,0,0
S8,2024-01-16 19:15:00,0.19703668622270765,0.09076054232263557,0,0
S8,2024-01-16 19:30:00,0.11333662140270499,0.09466962180104348,0,0
S8,2024-01-16 19:45:00,0.08115825488700783,0.1147848706638614,0,0
S8,2024-01-16 20:00:00,0.1796744379215273,0.10307611087221726,0,0
S8,2024-01-16 20:15:00,0.17518057614026217,0.13728393957958523,0,0
S8,2024-01-16 20:30:00,0.1676928111886265,0.10295453471381913,0,0
S8,2024-01-16 20:45:00,0.13251467161338337,0.09713359283355427,0,0
S8,2024-01-16 21:00:00,0.15836225415601318,0.09505027358706221,0,0
S8,2024-01-16 21:15:00,0.08839446282394893,0.06883056113636242,0,0
S8,2024-01-16 21:30:00,0.2696991613281989,0.13418655309824437,0,0
S8,2024-01-16 21:45:00,0.3230342121610584,0.13418655309824437,0,0
S8,2024-01-16 22:00:00,0.2706411178204454,0.08815510221542616,0,0
S8,2024-01-16 22:15:00,0.1781185011572373,0.07944138520390538,0,0
S8,2024-01-16 22:30:00,0.2708761031329724,0.07662385347695763,0,0
S8,2024-01-16 22:45:00,0.1946202506611519,0.08745079262357933,0,0
S8,2024-01-16 23:00:00,0.16870641355405805,0.09186086302968847,0,0
S8,2024-01-16 23:15:00,0.18879102314863144,0.06133184582284946,0,0
S8,2024-01-16 23:30:00,0.15159127045133225,0.06853163133780223,0,0
S8,2024-01-16 23:45:00,0.264767022874305,0.12992352465616708,0,0
S8,2024-01-17 00:00:00,0.24105131525111634,0.06490050260453892,0,0
S8,2024-01-17 00:15:00,0.3191852560158268,0.08866425806167748,0,0
S8,2024-01-17 00:30:00,0.2891423930823538,0.1371342355203082,0,0
S8,2024-01-17 00:45:00,0.29144332302229636,0.1029330079721816,0,0
S8,2024-01-17 01:00:00,0.30064025172766873,0.1041609977273227,0,0
S8,2024-01-17 01:15:00,0.2772425206475304,0.09404598351853342,0,0
S8,2024-01-17 01:30:00,0.2896326735221175,0.11724296854775967,0,0
S8,2024-01-17 01:45:00,0.2905195931140307,0.0789956994727511,0,0
S8,2024-01-17 02:00:00,0.2967863443989377,0.06148552330893204,0,0
S8,2024-01-17 02:15:00,0.24696339227282688,0.0628288479542183,0,0
S8,2024-01-17 02:30:00,0.26222407329898534,0.10626145572820891,0,0
S8,2024-01-17 02:45:00,0.2967392977843947,0.09408311141708386,0,0
S8,2024-01-17 03:00:00,0.31416387110198263,0.1098479751024411,0,0
S8,2024-01-17 03:15:00,0.2597708576214635,0.1001819875759897,0,0
S8,2024-01-17 03:30:00,0.2677399342082528,0.08577628585080092,0,0
S8,2024-01-17 03:45:00,0.30739131815065,0.09969928562907629,0,0
S8,2024-01-17 04:00:00,0.2233202098432744,0.0927567332717688,0,0
S8,2024-01-17 04:15:00,0.19190961746237073,0.08849809449249277,0,0
S8,2024-01-17 04:30:00,0.16242458316206626,0.12510158498494245,0,0
S8,2024-01-17 04:45:00,0.17425859858870504,0.07707961037849492,0,0
S8,2024-01-17 05:00:00,0.11654578592504643,0.04393425748623678,0,0
S8,2024-01-17 05:15:00,0.19741796589757546,0.10416719990876108,0,0
S8,2024-01-17 05:30:00,0.10048779703257453,0.06950703489005035,0,0
S8,2024-01-17 05:45:00,0.2545607473555398,0.15846721084512685,0,0
S8,2024-01-17 06:00:00,0.26614418250542166,0.15293946985783682,0,0
S8,2024-01-17 06:15:00,0.3122297707404829,0.16134441200938232,0,0
S8,2024-01-17 06:30:00,0.20230496781442625,0.0805855317835641,0,0
S8,2024-01-17 06:45:00,0.18010631566127772,0.048898110499129135,0,0
S8,2024-01-17 07:00:00,0.22587954941069238,0.1306838307336236,0,0
S8,2024-01-17 07:15:00,0.145534052481631,0.08626680306819816,0,0
S8,2024-01-17 07:30:00,0.09949661082167648,0.08875597207536784,0,0
S8,2024-01-17 07:45:00,0.3357002635469034,0.14576506732511582,0,0
S8,2024-01-17 08:00:00,0.19237429231161388,0.10308284117863116,0,0
S8,2024-01-17 08:15:00,0.12112318739016516,0.10887798152598774,0,0
S8,2024-01-17 08:30:00,0.040098918419527604,0.07013340952402637,0,0
S8,2024-01-17 08:45:00,0.11578038340165649,0.06693914511427278,0,0
S8,2024-01-17 09:00:00,0.14298756997094658,0.11153245467349189,0,0
S8,2024-01-17 09:15:00,0.1026315871803599,0.11936760419375332,0,0
S8,2024-01-17 09:30:00,0.12413100358604488,0.08923444480636682,0,0
S8,2024-01-17 09:45:00,0.1990106584060076,0.1146722695813553,0,0
S8,2024-01-17 10:00:00,0.09693672670261368,0.05868625242723748,0,0
S8,2024-01-17 10:15:00,0.2203277281091914,0.1198082201077879,0,0
S8,2024-01-17 10:30:00,0.12185796129248691,0.07211329881064081,0,0
S8,2024-01-17 10:45:00,0.19085390081565337,0.12460418908045734,0,0
S8,2024-01-17 11:00:00,0.21760054396444686,0.0997654500521655,0,0
S8,2024-01-17 11:15:00,0.19510121396017854,0.08097486889212596,0,0
S8,2024-01-17 11:30:00,0.1775966113370333,0.06830519684494159,0,0
S8,2024-01-17 11:45:00,0.07663215827399442,0.07849344392089687,0,0
S8,2024-01-17 12:00:00,0.2331579050484488,0.17127874407839858,0,0
S8,2024-01-17 12:15:00,0.14863163604562638,0.045752260923155486,0,0
S8,2024-01-17 12:30:00,0.18748407422255806,0.07764843215314986,0,0
S8,2024-01-17 12:45:00,0.2088469418127864,0.08633896286819491,0,0
S8,2024-01-17 13:00:00,0.27079620317155456,0.10106350552933495,0,0
S8,2024-01-17 13:15:00,0.2825245302560768,0.12820027013366672,0,0
S8,2024-01-17 13:30:00,0.22773516620995832,0.09476065090525614,0,0
S8,2024-01-17 13:45:00,0.2595114821667394,0.08689685848292335,0,0
S8,2024-01-17 14:00:00,0.2481245147332418,0.06953152490115119,0,0
S8,2024-01-17 14:15:00,0.208937172703797,0.12484039092007584,0,0
S8,2024-01-17 14:30:00,0.1746996316184544,0.10096381343038173,0,0
S8,2024-01-17 14:45:00,0.16023900200517624,0.08749473816363909,0,0
S8,2024-01-17 15:00:00,0.28887071934256303,0.10675707630723087,0,0
S8,2024-01-17 15:15:00,0.2274632757362655,0.07478685283481548,0,0
S8,2024-01-17 15:30:00,0.19233886223576258,0.09315341851617807,0,0
S8,2024-01-17 15:45:00,0.15155397041786337,0.05811493520636507,0,0
S8,2024-01-17 16:00:00,0.298865994191066,0.10422183343230415,0,0
S8,2024-01-17 16:15:00,0.21218537598769005,0.0715317906357814,0,0
S8,2024-01-17 16:30:00,0.21625292785325226,0.18420853145122984,0,0
S8,2024-01-17 16:45:00,0.16126493072728054,0.06447750909678629,0,0
S8,2024-01-17 17:00:00,0.09910727476607394,0.08709544008751517,0,0
S8,2024-01-17 17:15:00,0.1404893098755661,0.07122661722327993,0,0
S8,2024-01-17 17:30:00,0.21051121333624445,0.11258720231386427,0,0
S8,2024-01-17 17:45:00,0.18242751239340832,0.09156212010473597,0,0
S8,2024-01-17 18:00:00,0.2895458599779947,0.09825587995351331,0,0
S8,2024-01-17 18:15:00,0.2556666061399822,0.07865258789497959,0,0
S8,2024-01-17 18:30:00,0.08875593807791052,0.12102688751375143,0,0
S8,2024-01-17 18:45:00,0.08133438630574849,0.08510952467643505,0,0
S8,2024-01-17 19:00:00,0.07358881269000753,0.0883513487798042,0,0
S8,2024-01-17 19:15:00,0.037179661007863296,0.09456999540412166,0,0
S8,2024-01-17 19:30:00,0.17065095044972944,0.16605658689213923,0,0
S8,2024-01-17 19:45:00,0.0967587650120676,0.09045270251452409,0,0
S8,2024-01-17 20:00:00,0.1873099350366709,0.11270156413424426,0,0
S8,2024-01-17 20:15:00,0.17924058048085859,0.0876241719926312,0,0
S8,2024-01-17 20:30:00,0.07546463722374697,0.08329862281646547,0,0
S8,2024-01-17 20:45:00,0.2791934744324744,0.13267333948580673,0,0
S8,2024-01-17 21:00:00,0.12867466383371054,0.12144507645156981,0,0
S8,2024-01-17 21:15:00,0.22816854273247494,0.10364471248871748,0,0
S8,2024-01-17 21:30:00,0.04433867072505782,0.07677186796402233,0,0
S8,2024-01-17 21:45:00,0.27504191551724516,0.1313714080727037,0,0
S8,2024-01-17 22:00:00,0.19153557249188247,0.06805061421977227,0,0
S8,2024-01-17 22:15:00,0.3719625375021967,0.586811039045101,0,0
S8,2024-01-17 22:30:00,0.33897320180946594,0.24613026472487146,0,0
S8,2024-01-17 22:45:00,0.32721842049890626,0.5270292220105115,0,0
S8,2024-01-17 23:00:00,0.36935187273217734,0.32291223659586243,0,0
S8,2024-01-17 23:15:00,0.41604694558285915,0.42258269564909656,0,0
S8,2024-01-17 23:30:00,0.41669061107188393,0.27327243440466065,0,0
S8,2024-01-17 23:45:00,0.3939392740046465,0.45858426358024174,0,0
S8,2024-01-18 00:00:00,0.46276974431846624,0.41832545522453585,0,0
S8,2024-01-18 00:15:00,0.37044361207920695,0.3122660005655183,0,0
S8,2024-01-18 00:30:00,0.38345313974306977,0.4931621300212805,0,0
S8,2024-01-18 00:45:00,0.35984746966527753,0.28514567450488304,0,0
S8,2024-01-18 01:00:00,0.2907770316017645,0.546502643264529,0,0
S8,2024-01-18 01:15:00,0.35247267568766216,0.12009196891789475,0,0
S8,2024-01-18 01:30:00,0.551640777873821,0.5936104470428125,1,0
S8,2024-01-18 01:45:00,0.35744447286340597,0.20682605007852903,0,0
S8,2024-01-18 02:00:00,0.4004710364479409,0.0919823588293639,0,0
S8,2024-01-18 02:15:00,0.46044552728339966,0.10620055588734426,0,0
S8,2024-01-18 02:30:00,0.45787836488232114,0.10683955056960648,0,0
S8,2024-01-18 02:45:00,0.2667364558905407,0.05156779054777152,0,0
S8,2024-01-18 03:00:00,0.4544063206242517,0.08900305216045148,0,0
S8,2024-01-18 03:15:00,0.4491822500860796,0.09672170719460624,0,0
S8,2024-01-18 03:30:00,0.49029536381156325,0.12407753367674544,0,0
S8,2024-01-18 03:45:00,0.37175431799656117,0.07613699387437238,0,0
S8,2024-01-18 04:00:00,0.1990010704868542,0.06652319308425332,0,0
S8,2024-01-18 04:15:00,0.14290184441359988,0.04847538228443488,0,0
S8,2024-01-18 04:30:00,0.24576174207793602,0.1001890583210912,0,0
S8,2024-01-18 04:45:00,0.2799456056724505,0.14628299974756243,0,0
S8,2024-01-18 05:00:00,0.2727418186713818,0.08200398543767255,0,0
S8,2024-01-18 05:15:00,0.26639339261513045,0.1165330850229026,0,0
S8,2024-01-18 05:30:00,0.27174134059930916,0.09597101321256549,0,0
S8,2024-01-18 05:45:00,0.25058650538498095,0.0870420975457478,0,0
S8,2024-01-18 06:00:00,0.19550518021684,0.07435199192795063,0,0
S8,2024-01-18 06:15:00,0.15276108508782393,0.0838252593281892,0,0
S8,2024-01-18 06:30:00,0.16248076283048776,0.10185414509895703,0,0
S8,2024-01-18 06:45:00,0.23984671903828916,0.12504165041266954,0,0
S8,2024-01-18 07:00:00,0.1038255837202172,0.10928327242250577,0,0
S8,2024-01-18 07:15:00,0.23010172229664413,0.0946561451752705,0,0
S8,2024-01-18 07:30:00,0.16680733656853006,0.11388687698357787,0,0
S8,2024-01-18 07:45:00,0.19595307113126834,0.11299342435546642,0,0
S8,2024-01-18 08:00:00,0.1219335389045367,0.07206012420291216,0,0
S8,2024-01-18 08:15:00,0.20160849468613218,0.11812357482516041,0,0
S8,2024-01-18 08:30:00,0.17250303990435736,0.07495316139018489,0,0
S8,2024-01-18 08:45:00,0.21710971618599986,0.0879420612434739,0,0
S8,2024-01-18 09:00:00,0.2218403528929881,0.11562262359926481,0,0
S8,2024-01-18 09:15:00,0.24233560031468251,0.159373432796872,0,0
S8,2024-01-18 09:30:00,0.2735251465447671,0.09704240574490923,0,0
S8,2024-01-18 09:45:00,0.17826332660271924,0.09552170370933584,0,0
S8,2024-01-18 10:00:00,0.14614973225403322,0.061358176338572434,0,0
S8,2024-01-18 10:15:00,0.11244093817918945,0.07187612999845439,0,0
S8,2024-01-18 10:30:00,0.1985173598110917,0.08567280675297362,0,0
S8,2024-01-18 10:45:00,0.26862521005165146,0.15812942243524103,0,0
S8,2024-01-18 11:00:00,0.09098711752468071,0.05035934126516054,0,0
S8,2024-01-18 11:15:00,0.1706558437789319,0.08858813931754432,0,0
S8,2024-01-18 11:30:00,0.24725242174232145,0.12872820947904445,0,0
S8,2024-01-18 11:45:00,0.1587826842900449,0.09239298983899553,0,0
S8,2024-01-18 12:00:00,0.14252178815879635,0.10202320253316928,0,0
S8,2024-01-18 12:15:00,0.1296124496414523,0.1090582472127938,0,0
S8,2024-01-18 12:30:00,0.2876459876302869,0.10196572584236155,0,0
S8,2024-01-18 12:45:00,0.23504411971653774,0.15824047210250008,0,0
S8,2024-01-18 13:00:00,0.19537262951065645,0.08268799321483404,0,0
S8,2024-01-18 13:15:00,0.19419039765663057,0.05354471276309601,0,0
S8,2024-01-18 13:30:00,0.2547284089031652,0.08922871066613937,0,0
S8,2024-01-18 13:45:00,0.29048395327930404,0.07742593047861043,0,0
S8,2024-01-18 14:00:00,0.17413454931154265,0.0458066320238368,0,0
S8,2024-01-18 14:15:00,0.3990963906376751,0.12397441359892526,0,0
S8,2024-01-18 14:30:00,0.22529793734683648,0.08567574075004276,0,0
S8,2024-01-18 14:45:00,0.20718530758602632,0.12094173661852092,0,0
S8,2024-01-18 15:00:00,0.26052943881335505,0.10824026458528566,0,0
S8,2024-01-18 15:15:00,0.1983430858998992,0.09480014601042977,0,0
S8,2024-01-18 15:30:00,0.15478593541145771,0.1007954725842424,0,0
S8,2024-01-18 15:45:00,0.1695655569160102,0.08474582417718494,0,0
S8,2024-01-18 16:00:00,0.17859258697262365,0.08396136280949937,0,0
S8,2024-01-18 16:15:00,0.12720439152522514,0.07495958382681843,0,0
S8,2024-01-18 16:30:00,0.21141210836216728,0.10860888516658616,0,0
S8,2024-01-18 16:45:00,0.12549319688276978,0.10039315133512017,0,0
S8,2024-01-18 17:00:00,0.22582208548313645,0.10991277949587495,0,0
S8,2024-01-18 17:15:00,0.08309685589180099,0.07897690940622587,0,0
S8,2024-01-18 17:30:00,0.09556660843987055,0.05109816605941832,0,0
S8,2024-01-18 17:45:00,0.05624451699124794,0.051944945170951086,0,0
S8,2024-01-18 18:00:00,0.15451551061704077,0.11365752056429305,0,0
S8,2024-01-18 18:15:00,0.04024400718887005,0.10883634394503724,0,0
S8,2024-01-18 18:30:00,0.1570909864914712,0.10989022951430796,0,0
S8,2024-01-18 18:45:00,0.09349812778106226,0.15862935143431253,0,0
S8,2024-01-18 19:00:00,0.16786529868746902,0.12081946371876764,0,0
S8,2024-01-18 19:15:00,0.14555365609970272,0.13587263733531624,0,0
S8,2024-01-18 19:30:00,0.15860630042954676,0.14776074611361553,0,0
S8,2024-01-18 19:45:00,0.13055055717540628,0.09830143176072552,0,0
S8,2024-01-18 20:00:00,0.10933175651791113,0.1369795430612205,0,0
S8,2024-01-18 20:15:00,0.12345617797810993,0.10148813898765097,0,0
S8,2024-01-18 20:30:00,0.1875428046570453,0.13605094916105018,0,0
S8,2024-01-18 20:45:00,0.07640134760130783,0.11214240541409354,0,0
S8,2024-01-18 21:00:00,0.16578737047364744,0.07454633481023719,0,0
S8,2024-01-18 21:15:00,0.2656615201895437,0.16727790523546865,0,0
S8,2024-01-18 21:30:00,0.11803585129438393,0.11417807635303161,0,0
S8,2024-01-18 21:45:00,0.1771028692144185,0.11716649689660992,0,0
S8,2024-01-18 22:00:00,0.1434632989806873,0.06077998874803319,0,0
S8,2024-01-18 22:15:00,0.2702770270521426,0.11123924350327224,0,0
S8,2024-01-18 22:30:00,0.3118786601539499,0.08242731333510425,0,0
S8,2024-01-18 22:45:00,0.19095613241911988,0.050978117946818086,0,0
S8,2024-01-18 23:00:00,0.23443757600539858,0.07224492788100836,0,0
S8,2024-01-18 23:15:00,0.2245155205097721,0.07228456350392144,0,0
S8,2024-01-18 23:30:00,0.27093917197744083,0.1173692360441943,0,0
S8,2024-01-18 23:45:00,0.22083001757446516,0.10061123683600272,0,0
S8,2024-01-19 00:00:00,0.30376134970849394,0.08921110724255019,0,0
S8,2024-01-19 00:15:00,0.399953665998636,0.15430920104908527,0,0
S8,2024-01-19 00:30:00,0.4693093295820297,0.13465313407693283,0,0
S8,2024-01-19 00:45:00,0.413004401395293,0.08893533909940851,0,0
S8,2024-01-19 01:00:00,0.3749077198517116,0.05687656126781131,0,0
S8,2024-01-19 01:15:00,0.42447854609727154,0.08992537801063884,0,0
S8,2024-01-19 01:30:00,0.35695516023128143,0.06537853960203241,0,0
S8,2024-01-19 01:45:00,0.39866757484674964,0.09722419161662835,0,0
S8,2024-01-19 02:00:00,0.4302950694915496,0.12825690747923968,0,0
S8,2024-01-19 02:15:00,0.41208544411362275,0.08007641468924342,0,0
S8,2024-01-19 02:30:00,0.29459004945036404,0.09956472497711791,0,0
S8,2024-01-19 02:45:00,0.2881684592400087,0.06210021098310197,0,0
S8,2024-01-19 03:00:00,0.2931907556591501,0.089123463500903,0,0
S8,2024-01-19 03:15:00,0.43825151579828514,0.12591504572001685,0,0
S8,2024-01-19 03:30:00,0.2291381691026536,0.056803137608090144,0,0
S8,2024-01-19 03:45:00,0.24167592499569318,0.07819506493946324,0,0
S8,2024-01-19 04:00:00,0.2784413893063498,0.09123156381136349,0,0
S8,2024-01-19 04:15:00,0.24318499817326306,0.057381914501961534,0,0
S8,2024-01-19 04:30:00,0.27225165559623166,0.1004989271000735,0,0
S8,2024-01-19 04:45:00,0.18934765427701908,0.0787312265650966,0,0
S8,2024-01-19 05:00:00,0.2652146662260807,0.09204081044009794,0,0
S8,2024-01-19 05:15:00,0.17816861045885216,0.08119386676897217,0,0
S8,2024-01-19 05:30:00,0.34825567822336984,0.15438520494756633,0,0
S8,2024-01-19 05:45:00,0.3601873050698136,0.12134564663420372,0,0
S8,2024-01-19 06:00:00,0.37374365239708995,0.10969306535010745,0,0
S8,2024-01-19 06:15:00,0.2563277825800758,0.0981964616284891,0,0
S8,2024-01-19 06:30:00,0.19175234356965,0.07067688262801801,0,0
S8,2024-01-19 06:45:00,0.1982335953686279,0.07314086028326237,0,0
S8,2024-01-19 07:00:00,0.23207968779978053,0.10105162013129758,0,0
S8,2024-01-19 07:15:00,0.2835215740288119,0.1410001710535452,0,0
S8,2024-01-19 07:30:00,0.13909213134877044,0.09961389540874356,0,0
S8,2024-01-19 07:45:00,0.11705826290611536,0.07269181512326002,0,0
S8,2024-01-19 08:00:00,0.0637181415680166,0.10439124090124156,0,0
S8,2024-01-19 08:15:00,0.08720246766815637,0.11567112828540929,0,0
S8,2024-01-19 08:30:00,0.10591239132174615,0.07023499798910811,0,0
S8,2024-01-19 08:45:00,0.15024048469327128,0.11785686217396428,0,0
S8,2024-01-19 09:00:00,0.25392948200328086,0.1278213820716707,0,0
S8,2024-01-19 09:15:00,0.12969464397707928,0.06674579576155465,0,0
S8,2024-01-19 09:30:00,0.11446557852534436,0.11231342330576922,0,0
S8,2024-01-19 09:45:00,0.2599212366026215,0.12060731905985904,0,0
S8,2024-01-19 10:00:00,0.03703628370627723,0.09394514607324578,0,0
S8,2024-01-19 10:15:00,0.09923738362917014,0.09165231096305786,0,0
S8,2024-01-19 10:30:00,0.053876454943992305,0.06965137380091763,0,0
S8,2024-01-19 10:45:00,0.097553598538885,0.06217396713108497,0,0
S8,2024-01-19 11:00:00,0.33271242232299797,0.12355822839714196,0,0
S8,2024-01-19 11:15:00,0.192965654143447,0.1504659746374177,0,0
S8,2024-01-19 11:30:00,0.3295456090569758,0.14421583430782622,0,0
S8,2024-01-19 11:45:00,0.2359830487322622,0.060821010415858585,0,0
S8,2024-01-19 12:00:00,0.2113446300345594,0.11456431759659531,0,0
S8,2024-01-19 12:15:00,0.16383663757512137,0.05081485601726958,0,0
S8,2024-01-19 12:30:00,0.26130612955074645,0.0750398524250992,0,0
S8,2024-01-19 12:45:00,0.08592966294551538,0.05660119700284962,0,0
S8,2024-01-19 13:00:00,0.22083593928255194,0.11979179471205888,0,0
S8,2024-01-19 13:15:00,0.27428541336453344,0.11844886096428416,0,0
S8,2024-01-19 13:30:00,0.18769508368223278,0.09403288062212048,0,0
S8,2024-01-19 13:45:00,0.2034683864960904,0.06392599234626614,0,0
S8,2024-01-19 14:00:00,0.14118484994427516,0.08648525119927962,0,0
S8,2024-01-19 14:15:00,0.14560354448177248,0.05819068188204393,0,0
S8,2024-01-19 14:30:00,0.08222096333727533,0.08358175279180874,0,0
S8,2024-01-19 14:45:00,0.15925468911957474,0.06487126910736765,0,0
S8,2024-01-19 15:00:00,0.24847823710665654,0.07969533117836408,0,0
S8,2024-01-19 15:15:00,0.2465386970771975,0.07712276203001804,0,0
S8,2024-01-19 15:30:00,0.28821164249264647,0.10150932517770238,0,0
S8,2024-01-19 15:45:00,0.156302227988716,0.06728551339282479,0,0
S8,2024-01-19 16:00:00,0.37643491856608047,0.12059501817045828,0,0
S8,2024-01-19 16:15:00,0.23441973655118775,0.07056874250001402,0,0
S8,2024-01-19 16:30:00,0.2756326532635201,0.08286157792383585,0,0
S8,2024-01-19 16:45:00,0.1213011785735904,0.05610349630386904,0,0
S8,2024-01-19 17:00:00,0.2175163726481291,0.06961999231867115,0,0
S8,2024-01-19 17:15:00,0.12747118534397273,0.08122476109220234,0,0
S8,2024-01-19 17:30:00,0.13580030715330987,0.10048273651052646,0,0
S8,2024-01-19 17:45:00,0.0978610818411898,0.09813361750796429,0,0
S8,2024-01-19 18:00:00,0.2107851282268234,0.0842627495884539,0,0
S8,2024-01-19 18:15:00,0.11684283052380952,0.0878243423178923,0,0
S8,2024-01-19 18:30:00,0.0907574641567801,0.15984010014935074,0,0
S8,2024-01-19 18:45:00,0.04221871214371062,0.08337248603271517,0,0
S8,2024-01-19 19:00:00,0.06827539355152695,0.08515771728756626,0,0
S8,2024-01-19 19:15:00,0.15858643811459933,0.11054958021471285,0,0
S8,2024-01-19 19:30:00,0.17333145785506743,0.10871207898333224,0,0
S8,2024-01-19 19:45:00,0.1704823950333842,0.12970955057112837,0,0
S8,2024-01-19 20:00:00,0.16992914958075037,0.09679655675664131,0,0
S8,2024-01-19 20:15:00,0.12842439094816402,0.09776263679306801,0,0
S8,2024-01-19 20:30:00,0.2276885790553395,0.10769425693958914,0,0
S8,2024-01-19 20:45:00,0.13638068893720273,0.10447267826516944,0,0
S8,2024-01-19 21:00:00,0.19495040987530854,0.14512481912431865,0,0
S8,2024-01-19 21:15:00,0.2522495814195227,0.0995473864080602,0,0
S8,2024-01-19 21:30:00,0.14153045938004655,0.10380248102239142,0,0
S8,2024-01-19 21:45:00,0.13599460471175226,0.07891830611490332,0,0
S8,2024-01-19 22:00:00,0.1259900241908392,0.11733219712636127,0,0
S8,2024-01-19 22:15:00,0.10389955749781293,0.05598877571574459,0,0
S8,2024-01-19 22:30:00,0.15385459214990502,0.12436179591854535,0,0
S8,2024-01-19 22:45:00,0.24635329677808004,0.10680690449303587,0,0
S8,2024-01-19 23:00:00,0.16642218786983637,0.08253521949550585,0,0
S8,2024-01-19 23:15:00,0.2667333882259544,0.12653328872235922,0,0
S8,2024-01-19 23:30:00,0.18312866082050183,0.14722156573533618,0,0
S8,2024-01-19 23:45:00,0.2377622320702754,0.10944670275449292,0,0
S8,2024-01-20 00:00:00,0.4376099946536885,0.11792402341532486,0,0
S8,2024-01-20 00:15:00,0.385777979529276,0.15913443471559185,0,0
S8,2024-01-20 00:30:00,0.3800977427813861,0.08096832054970095,0,0
S8,2024-01-20 00:45:00,0.2665199549829349,0.0895323180720577,0,0
S8,2024-01-20 01:00:00,0.26267828986943464,0.09561737190416326,0,0
S8,2024-01-20 01:15:00,0.3755879776131401,0.13545891092786114,0,0
S8,2024-01-20 01:30:00,0.2712601148152223,0.07277771147798219,0,0
S8,2024-01-20 01:45:00,0.30092575924350917,0.0659947528135924,0,0
S8,2024-01-20 02:00:00,0.35759341747366613,0.09190708937454205,0,0
S8,2024-01-20 02:15:00,0.41377168769601846,0.11205850381789975,0,0
S8,2024-01-20 02:30:00,0.3397411474733959,0.11801558387829732,0,0
S8,2024-01-20 02:45:00,0.291662494041371,0.05567360934549538,0,0
S8,2024-01-20 03:00:00,0.4754599958019518,0.12920445706977038,0,0
S8,2024-01-20 03:15:00,0.3993815764261942,0.09922567963285041,0,0
S8,2024-01-20 03:30:00,0.3558320845596833,0.12095086313905917,0,0
S8,2024-01-20 03:45:00,0.34072843210601844,0.0852930624645448,0,0
S8,2024-01-20 04:00:00,0.4196531308519546,0.11337914913674377,0,0
S8,2024-01-20 04:15:00,0.3012437329555325,0.08976202982853436,0,0
S8,2024-01-20 04:30:00,0.29676634022666964,0.10266937165648718,0,0
S8,2024-01-20 04:45:00,0.36544244318618546,0.0860271336529846,0,0
S8,2024-01-20 05:00:00,0.3021589606440927,0.10314900308994815,0,0
S8,2024-01-20 05:15:00,0.3498868960147455,0.11107058579335502,0,0
S8,2024-01-20 05:30:00,0.21481217170182434,0.08992123029413585,0,0
S8,2024-01-20 05:45:00,0.29419942828063483,0.0668728476422625,0,0
S8,2024-01-20 06:00:00,0.34428145297671203,0.11530075654156499,0,0
S8,2024-01-20 06:15:00,0.3006124566076661,0.13441088986984456,0,0
S8,2024-01-20 06:30:00,0.22689134977789388,0.10846163725501551,0,0
S8,2024-01-20 06:45:00,0.1975123428006619,0.10216674819430999,0,0
S8,2024-01-20 07:00:00,0.3003602656563961,0.11969884660432066,0,0
S8,2024-01-20 07:15:00,0.1978671192730361,0.09837847249062985,0,0
S8,2024-01-20 07:30:00,0.25684847030939467,0.08935246308950426,0,0
S8,2024-01-20 07:45:00,0.25823002718555393,0.06932197833948503,0,0
S8,2024-01-20 08:00:00,0.21258376844884874,0.09829344345805269,0,0
S8,2024-01-20 08:15:00,0.1839238184204785,0.07566193938011309,0,0
S8,2024-01-20 08:30:00,0.25916493730513546,0.08633597099556292,0,0
S8,2024-01-20 08:45:00,0.23566613524113722,0.10718498718132329,0,0
S8,2024-01-20 09:00:00,0.14971337002931048,0.12789915819207273,0,0
S8,2024-01-20 09:15:00,0.12222415634141721,0.057514816362637645,0,0
S8,2024-01-20 09:30:00,0.2572341362295895,0.08822808461785506,0,0
S8,2024-01-20 09:45:00,0.2692763648676559,0.11364439922575656,0,0
S8,2024-01-20 10:00:00,0.09027743942094316,0.0726827622062381,0,0
S8,2024-01-20 10:15:00,0.17216569154909456,0.08474721337535421,0,0
S8,2024-01-20 10:30:00,0.2412240277592064,0.10594427537033167,0,0
S8,2024-01-20 10:45:00,0.2105456258906354,0.08935444401023002,0,0
S8,2024-01-20 11:00:00,0.2214900464882534,0.09520466232084729,0,0
S8,2024-01-20 11:15:00,0.17508204500090174,0.05542724137358247,0,0
S8,2024-01-20 11:30:00,0.18590872237028738,0.05809172397919955,0,0
S8,2024-01-20 11:45:00,0.23739011008399724,0.10437193469631577,0,0
S8,2024-01-20 12:00:00,0.270925352625539,0.1342143390825001,0,0
S8,2024-01-20 12:15:00,0.12146450999839392,0.041193904266165954,0,0
S8,2024-01-20 12:30:00,0.22463692351275868,0.07806234756013532,0,0
S8,2024-01-20 12:45:00,0.30304795477496554,0.13275274010718102,0,0
S8,2024-01-20 13:00:00,0.3461523796766125,0.11632580710966313,0,0
S8,2024-01-20 13:15:00,0.3468151213985458,0.11527997184903789,0,0
S8,2024-01-20 13:30:00,0.25756169149876723,0.06380417538145888,0,0
S8,2024-01-20 13:45:00,0.3013284123567841,0.07565781984793415,0,0
S8,2024-01-20 14:00:00,0.23405496634917544,0.07277739327560566,0,0
S8,2024-01-20 14:15:00,0.26085206475166933,0.08909600396533963,0,0
S8,2024-01-20 14:30:00,0.24542363185258687,0.06393206478976095,0,0
S8,2024-01-20 14:45:00,0.25450406908078343,0.07835141140535654,0,0
S8,2024-01-20 15:00:00,0.19835746353915806,0.07491571927010032,0,0
S8,2024-01-20 15:15:00,0.24359616576696158,0.08158616010034533,0,0
S8,2024-01-20 15:30:00,0.1405126149151306,0.04095964638483383,0,0
S8,2024-01-20 15:45:00,0.3160989038605803,0.1356640729237393,0,0
S8,2024-01-20 16:00:00,0.23836946693947558,0.11397199078129197,0,0
S8,2024-01-20 16:15:00,0.31339577848022365,0.10640100327841451,0,0
S8,2024-01-20 16:30:00,0.1549791939561117,0.06862293060843572,0,0
S8,2024-01-20 16:45:00,0.16601941028122288,0.10995370444868652,0,0
S8,2024-01-20 17:00:00,0.34173460835440633,0.13413176433773005,0,0
S8,2024-01-20 17:15:00,0.2782754610010445,0.07910297415851596,0,0
S8,2024-01-20 17:30:00,0.29091936052006667,0.07741010155582013,0,0
S8,2024-01-20 17:45:00,0.32531285866943527,0.10871784352450739,0,0
S8,2024-01-20 18:00:00,0.24177441436447292,0.08627571388946362,0,0
S8,2024-01-20 18:15:00,0.3971029213460177,0.18337408114659154,0,0
S8,2024-01-20 18:30:00,0.2360879540339316,0.0998986541408449,0,0
S8,2024-01-20 18:45:00,0.4073886352805541,0.12282895668034863,0,0
S8,2024-01-20 19:00:00,0.1867381977684406,0.05889471415055124,0,0
S8,2024-01-20 19:15:00,0.2169770184598353,0.10976691300070227,0,0
S8,2024-01-20 19:30:00,0.21276034714722583,0.07125389331156026,0,0
S8,2024-01-20 19:45:00,0.1933130281622035,0.08470695235142307,0,0
S8,2024-01-20 20:00:00,0.9482746253337361,0.999999999949016,1,1
S8,2024-01-20 20:15:00,0.8648160432525456,0.8855622147012745,1,1
S8,2024-01-20 20:30:00,0.9164032381264354,0.9796552190164746,1,1
S8,2024-01-20 20:45:00,0.9104433273254425,0.9567838383163427,1,1
S8,2024-01-20 21:00:00,0.9235691530009306,0.9540013837082809,1,1
S8,2024-01-20 21:15:00,1.0,0.9445163884306068,1,1
S8,2024-01-20 21:30:00,0.9773260878984148,0.9587934672775589,1,1
S8,2024-01-20 21:45:00,0.7785120817856889,0.9460175428880157,1,1
S8,2024-01-20 22:00:00,0.771423114768783,0.9679229423248312,1,1
S8,2024-01-20 22:15:00,0.75848841805732,0.9667737096276808,1,1
S8,2024-01-20 22:30:00,0.8316508109337641,0.06491615265515864,1,0
S8,2024-01-20 22:45:00,0.7658035524956178,0.0625235416450261,1,0
S8,2024-01-20 23:00:00,0.8271586969961134,0.07902533541732705,1,0
S8,2024-01-20 23:15:00,0.7864256810699555,0.0928106142361085,1,0
S8,2024-01-20 23:30:00,0.6543095805979036,0.06532313350746312,1,0
S8,2024-01-20 23:45:00,0.6821522978260862,0.07877730740079138,1,0
S8,2024-01-21 00:00:00,0.7377511039331196,0.09461719125824754,1,0
S8,2024-01-21 00:15:00,0.35608649108313556,0.11321501093019891,0,0
S8,2024-01-21 00:30:00,0.33787184532784914,0.09493004568339605,0,0
S8,2024-01-21 00:45:00,0.40391436019165045,0.12442854611208566,0,0
S8,2024-01-21 01:00:00,0.2687805457019263,0.06395470406913044,0,0
S8,2024-01-21 01:15:00,0.4488159111979642,0.1222540029583399,0,0
S8,2024-01-21 01:30:00,0.40692459182471885,0.09300036776111972,0,0
S8,2024-01-21 01:45:00,0.4702355103060076,0.08629901570565714,0,0
S8,2024-01-21 02:00:00,0.3730376587340518,0.09416108888505173,0,0
S8,2024-01-21 02:15:00,0.3772019387465487,0.08105579623871899,0,0
S8,2024-01-21 02:30:00,0.4389793832177974,0.13681033070674764,0,0
S8,2024-01-21 02:45:00,0.42541666345550605,0.14259044598513287,0,0
S8,2024-01-21 03:00:00,0.42791717833148313,0.14259044598513287,0,0
S8,2024-01-21 03:15:00,0.40635965460618984,0.12079897909063665,0,0
S8,2024-01-21 03:30:00,0.407951574161489,0.1646940083153597,0,0
S8,2024-01-21 03:45:00,0.475552897329855,0.11832735893933491,0,0
S8,2024-01-21 04:00:00,0.42809188472558085,0.11030700538743317,0,0
S8,2024-01-21 04:15:00,0.36378607828957715,0.0807286408595413,0,0
S8,2024-01-21 04:30:00,0.3266313673668533,0.061544414169583006,0,0
S8,2024-01-21 04:45:00,0.29910613644886574,0.06407423454917735,0,0
S8,2024-01-21 05:00:00,0.28008592541142235,0.09925830778947348,0,0
S8,2024-01-21 05:15:00,0.25965702941098795,0.09627306155571053,0,0
S8,2024-01-21 05:30:00,0.20794904988356502,0.07465191980053451,0,0
S8,2024-01-21 05:45:00,0.3019561896644219,0.09933101545334665,0,0
S8,2024-01-21 06:00:00,0.19212470023452174,0.06368931863915549,0,0
S8,2024-01-21 06:15:00,0.20300099906865676,0.08026756556188189,0,0
S8,2024-01-21 06:30:00,0.12405604935536943,0.08059635134663924,0,0
S8,2024-01-21 06:45:00,0.15814497893854226,0.0742296659790692,0,0
S8,2024-01-21 07:00:00,0.22828618795772823,0.08472911760625787,0,0
S8,2024-01-21 07:15:00,0.284705160879956,0.11564332527468851,0,0
S8,2024-01-21 07:30:00,0.19672064579541462,0.08702308182510499,0,0
S8,2024-01-21 07:45:00,0.19699484369960885,0.0880350349664513,0,0
S8,2024-01-21 08:00:00,0.1138204563815668,0.05582429603304377,0,0
S8,2024-01-21 08:15:00,0.2220963069217249,0.11058498434296554,0,0
S8,2024-01-21 08:30:00,0.2320624839440983,0.09481007294639249,0,0
S8,2024-01-21 08:45:00,0.20622228366069323,0.06530537841114224,0,0
S8,2024-01-21 09:00:00,0.2925738261581118,0.08242352089397981,0,0
S8,2024-01-21 09:15:00,0.24045203598951453,0.09044191744733125,0,0
S8,2024-01-21 09:30:00,0.2068283646587972,0.07984080060507132,0,0
S8,2024-01-21 09:45:00,0.18969785568254496,0.07864175731050366,0,0
S8,2024-01-21 10:00:00,0.17181570459513265,0.07642619331604664,0,0
S8,2024-01-21 10:15:00,0.18011372154672625,0.0742197666339719,0,0
S8,2024-01-21 10:30:00,0.19339870865866096,0.07183200377446958,0,0
S8,2024-01-21 10:45:00,0.26981017725048206,0.14261580390419987,0,0
S8,2024-01-21 11:00:00,0.16565914256051067,0.05602176988532616,0,0
S8,2024-01-21 11:15:00,0.27080645120061325,0.08590393537843141,0,0
S8,2024-01-21 11:30:00,0.20243657782737765,0.07466132450836167,0,0
S8,2024-01-21 11:45:00,0.18918637366651408,0.10422118797615557,0,0
S8,2024-01-21 12:00:00,0.12839250496053883,0.105671676748253,0,0
S8,2024-01-21 12:15:00,0.21192748327990962,0.07017739087362364,0,0
S8,2024-01-21 12:30:00,0.30785955395949255,0.12118433922269926,0,0
S8,2024-01-21 12:45:00,0.27027578654327833,0.0908936843969104,0,0
S8,2024-01-21 13:00:00,0.1904655108052096,0.09697669668351495,0,0
S8,2024-01-21 13:15:00,0.2558290956502228,0.08286206405109556,0,0
S8,2024-01-21 13:30:00,0.3113353590269714,0.09096865571313882,0,0
S8,2024-01-21 13:45:00,0.31236284045694823,0.08391271851262115,0,0
S8,2024-01-21 14:00:00,0.31478885004207663,0.09615314010927872,0,0
S8,2024-01-21 14:15:00,0.3051933403610842,0.09509344907709966,0,0
S8,2024-01-21 14:30:00,0.24212132683272672,0.06899813786550736,0,0
S8,2024-01-21 14:45:00,0.2604841991280986,0.06974324966602634,0,0
S8,2024-01-21 15:00:00,0.25353633220860206,0.057198760750121216,0,0
S8,2024-01-21 15:15:00,0.28383360569912125,0.08858946555849324,0,0
S8,2024-01-21 15:30:00,0.3906717935900238,0.14406584351765303,0,0
S8,2024-01-21 15:45:00,0.3303784577651101,0.0797822574972058,0,0
S8,2024-01-21 16:00:00,0.2941949308697247,0.08677665059509847,0,0
S8,2024-01-21 16:15:00,0.23742995512446002,0.05955890354720648,0,0
S8,2024-01-21 16:30:00,0.19841411909508683,0.11733719274083995,0,0
S8,2024-01-21 16:45:00,0.24432513427359143,0.08106595644177905,0,0
S8,2024-01-21 17:00:00,0.2291808355444774,0.0688369411969095,0,0
S8,2024-01-21 17:15:00,0.283618689411187,0.0826395572852294,0,0
S8,2024-01-21 17:30:00,0.1562313601921491,0.06546321426468085,0,0
S8,2024-01-21 17:45:00,0.22843763735662723,0.09928083426005346,0,0
S8,2024-01-21 18:00:00,0.2678953397315778,0.12383187160275176,0,0
S8,2024-01-21 18:15:00,0.17055786020197722,0.07682138298032228,0,0
S8,2024-01-21 18:30:00,0.22379973369203612,0.09544172512536153,0,0
S8,2024-01-21 18:45:00,0.13129605288122712,0.058669458944165934,0,0
S8,2024-01-21 19:00:00,0.2594153107325584,0.16255548296202962,0,0
S8,2024-01-21 19:15:00,0.2009639913777134,0.09429722653382887,0,0
S8,2024-01-21 19:30:00,0.22991455218498505,0.11517981549977953,0,0
S8,2024-01-21 19:45:00,0.22705066501819587,0.09341194178628222,0,0
S8,2024-01-21 20:00:00,0.1508907604069667,0.053636310298862115,0,0
S8,2024-01-21 20:15:00,0.2507699324773542,0.08582070882990533,0,0
S8,2024-01-21 20:30:00,0.1533165278705169,0.07737508789840988,0,0
S8,2024-01-21 20:45:00,0.21025393920000773,0.12306080913103207,0,0
S8,2024-01-21 21:00:00,0.2393302562125097,0.07932697138896322,0,0
S8,2024-01-21 21:15:00,0.27796569918700526,0.08383492044051888,0,0
S8,2024-01-21 21:30:00,0.21059152058185443,0.07805606187746392,0,0
S8,2024-01-21 21:45:00,0.280955881493765,0.08647540756994325,0,0
S8,2024-01-21 22:00:00,0.35596766532622315,0.09817307857368889,0,0
S8,2024-01-21 22:15:00,0.14747296099568238,0.06599857410109956,0,0
S8,2024-01-21 22:30:00,0.24742328068769867,0.08399472658495005,0,0
S8,2024-01-21 22:45:00,0.15627405831200936,0.050959943182903436,0,0
S8,2024-01-21 23:00:00,0.3314685736661232,0.12004699797809407,0,0
S8,2024-01-21 23:15:00,0.24624101856743555,0.11269674530195463,0,0
S8,2024-01-21 23:30:00,0.36781546389424974,0.1315076870839764,0,0
S8,2024-01-21 23:45:00,0.2798559931628061,0.06248734695133444,0,0
S9,2024-01-11 00:00:00,1.0,0.06508798423085836,1,0
S9,2024-01-11 00:15:00,0.26311023025988356,0.05803817349441759,0,0
S9,2024-01-11 00:30:00,0.2590909293209044,0.09618664416429898,0,0
S9,2024-01-11 00:45:00,0.11094346840806328,0.04933518694460812,0,0
S9,2024-01-11 01:00:00,0.22307960398742321,0.08309711890389056,0,0
S9,2024-01-11 01:15:00,0.2535339180976297,0.07694883871540166,0,0
S9,2024-01-11 01:30:00,0.21350878006547672,0.06793660132810982,0,0
S9,2024-01-11 01:45:00,0.27229069024222813,0.08399408725912748,0,0
S9,2024-01-11 02:00:00,0.1986329873082717,0.08261882349313568,0,0
S9,2024-01-11 02:15:00,0.18274447151852968,0.0796589976561224,0,0
S9,2024-01-11 02:30:00,0.3452166781979615,0.11668831572938862,0,0
S9,2024-01-11 02:45:00,0.2649868998949479,0.06599033826299672,0,0
S9,2024-01-11 03:00:00,0.2609416923629296,0.10359199775622797,0,0
S9,2024-01-11 03:15:00,0.18456349665365424,0.07554034943677215,0,0
S9,2024-01-11 03:30:00,0.17241657770553098,0.0680759512058995,0,0
S9,2024-01-11 03:45:00,0.1692627004688329,0.06391786953793328,0,0
S9,2024-01-11 04:00:00,0.29766092892775314,0.09577636157723032,0,0
S9,2024-01-11 04:15:00,0.40822808981433156,0.1319835867478703,0,0
S9,2024-01-11 04:30:00,0.17629585837417158,0.07557720588754237,0,0
S9,2024-01-11 04:45:00,0.300259433590476,0.13636669990957417,0,0
S9,2024-01-11 05:00:00,0.3414395878809906,0.0895321396172243,0,0
S9,2024-01-11 05:15:00,0.2003688709855872,0.054403644770130134,0,0
S9,2024-01-11 05:30:00,0.2534647695093185,0.08197435059855987,0,0
S9,2024-01-11 05:45:00,0.20366236514255864,0.057219348866443975,0,0
S9,2024-01-11 06:00:00,0.12592915675606367,0.06587613349315938,0,0
S9,2024-01-11 06:15:00,0.08248828353218876,0.04312131394316417,0,0
S9,2024-01-11 06:30:00,0.07188872736724078,0.07309828559965044,0,0
S9,2024-01-11 06:45:00,0.1556678746337838,0.07323190195617905,0,0
S9,2024-01-11 07:00:00,0.2835716198809693,0.09016597440739219,0,0
S9,2024-01-11 07:15:00,0.07478101049331809,0.07601395898545127,0,0
S9,2024-01-11 07:30:00,0.11734249737090527,0.07170071097707101,0,0
S9,2024-01-11 07:45:00,0.12582337157420023,0.09004149060661813,0,0
S9,2024-01-11 08:00:00,0.05772520654467666,0.049582288733214776,0,0
S9,2024-01-11 08:15:00,0.2444630889662025,0.10298386144445872,0,0
S9,2024-01-11 08:30:00,0.14263620589910564,0.09474793569273075,0,0
S9,2024-01-11 08:45:00,0.14290490694270516,0.08987284316597245,0,0
S9,2024-01-11 09:00:00,0.14154810134884488,0.08028259054344965,0,0
S9,2024-01-11 09:15:00,0.18687683122447285,0.10280624685542034,0,0
S9,2024-01-11 09:30:00,0.1891514737116322,0.08795690697783129,0,0
S9,2024-01-11 09:45:00,0.1434475412233126,0.08878827822750021,0,0
S9,2024-01-11 10:00:00,0.2264631224422881,0.0935228318894107,0,0
S9,2024-01-11 10:15:00,0.11301878309958853,0.05315535556802972,0,0
S9,2024-01-11 10:30:00,0.2777598599878372,0.08203762211713007,0,0
S9,2024-01-11 10:45:00,0.10633236028923185,0.03721839348093744,0,0
S9,2024-01-11 11:00:00,0.20946849503335999,0.15719241960450692,0,0
S9,2024-01-11 11:15:00,0.2577960499800591,0.061253431703081264,0,0
S9,2024-01-11 11:30:00,0.24583430035780038,0.04985846345243311,0,0
S9,2024-01-11 11:45:00,0.2654406708039164,0.07996377929246416,0,0
S9,2024-01-11 12:00:00,0.1310121685607865,0.047624471816050624,0,0
S9,2024-01-11 12:15:00,0.1936817689002317,0.06527435537546927,0,0
S9,2024-01-11 12:30:00,0.1936976060911862,0.059898238908370975,0,0
S9,2024-01-11 12:45:00,0.24283876214124167,0.11521082808301067,0,0
S9,2024-01-11 13:00:00,0.15643730925309396,0.07070394367753971,0,0
S9,2024-01-11 13:15:00,0.12188516380562438,0.05194550487014933,0,0
S9,2024-01-11 13:30:00,0.08109359784833849,0.09367914959588401,0,0
S9,2024-01-11 13:45:00,0.18176965132719364,0.0815072732133535,0,0
S9,2024-01-11 14:00:00,0.12918491903275692,0.06198315998353495,0,0
S9,2024-01-11 14:15:00,0.17711943443089728,0.08251894271760163,0,0
S9,2024-01-11 14:30:00,0.1035821379545759,0.05231188462815768,0,0
S9,2024-01-11 14:45:00,0.10906152636818361,0.07169873295977482,0,0
S9,2024-01-11 15:00:00,0.17103869761174703,0.06780050776537247,0,0
S9,2024-01-11 15:15:00,0.262570394208985,0.06936267787175451,0,0
S9,2024-01-11 15:30:00,0.15366811840683053,0.06136942008863813,0,0
S9,2024-01-11 15:45:00,0.04814089449559956,0.06303870196405115,0,0
S9,2024-01-11 16:00:00,0.16315890608337894,0.10029707134551591,0,0
S9,2024-01-11 16:15:00,0.12441134745596626,0.08458438470717564,0,0
S9,2024-01-11 16:30:00,0.20792945581658873,0.1034740991759339,0,0
S9,2024-01-11 16:45:00,0.11950114451970559,0.05778533353794153,0,0
S9,2024-01-11 17:00:00,0.24528736556606973,0.0772718041878683,0,0
S9,2024-01-11 17:15:00,0.1017621508453819,0.055368285669663855,0,0
S9,2024-01-11 17:30:00,0.12803745755497992,0.07162505150802898,0,0
S9,2024-01-11 17:45:00,0.09464106982882392,0.07369950727879727,0,0
S9,2024-01-11 18:00:00,0.14525629817896757,0.12080388852226029,0,0
S9,2024-01-11 18:15:00,0.08834169942245354,0.10598006035323708,0,0
S9,2024-01-11 18:30:00,0.12201709176215236,0.10949705846393054,0,0
S9,2024-01-11 18:45:00,0.09366566648125216,0.09714621154620674,0,0
S9,2024-01-11 19:00:00,0.1729795153090229,0.1017896584063254,0,0
S9,2024-01-11 19:15:00,0.1341146565795858,0.08229720319960902,0,0
S9,2024-01-11 19:30:00,0.09440272364519643,0.08609007608674417,0,0
S9,2024-01-11 19:45:00,0.13051984929508706,0.11255081204916287,0,0
S9,2024-01-11 20:00:00,0.1615992338423432,0.09817594922057915,0,0
S9,2024-01-11 20:15:00,0.11826074020151091,0.09305022736076174,0,0
S9,2024-01-11 20:30:00,0.2945936233642218,0.12460092086862311,0,0
S9,2024-01-11 20:45:00,0.13405149710288053,0.08566311835188643,0,0
S9,2024-01-11 21:00:00,0.20307415894980183,0.08760695103952502,0,0
S9,2024-01-11 21:15:00,0.2800801762621892,0.10504415669796636,0,0
S9,2024-01-11 21:30:00,0.18489390978229595,0.10504415669796636,0,0
S9,2024-01-11 21:45:00,0.15942445839486172,0.0848478949787027,0,0
S9,2024-01-11 22:00:00,0.184862396836111,0.10008470189272144,0,0
S9,2024-01-11 22:15:00,0.2436747190559927,0.12445932350682296,0,0
S9,2024-01-11 22:30:00,0.10934478331617442,0.06851279131709345,0,0
S9,2024-01-11 22:45:00,0.1222616893242305,0.06114201547687344,0,0
S9,2024-01-11 23:00:00,0.28233542475287565,0.08073995200161983,0,0
S9,2024-01-11 23:15:00,0.19503549380653248,0.07807105952815072,0,0
S9,2024-01-11 23:30:00,0.20668833057028743,0.07807105952815072,0,0
S9,2024-01-11 23:45:00,0.1976061808301531,0.05161006798500628,0,0
S9,2024-01-12 00:00:00,0.39321065392227805,0.08513650609964787,0,0
S9,2024-01-12 00:15:00,0.3020191252892591,0.07906624068404695,0,0
S9,2024-01-12 00:30:00,0.3531617702859495,0.08855074676233604,0,0
S9,2024-01-12 00:45:00,0.33396041067034654,0.11027059223591933,0,0
S9,2024-01-12 01:00:00,0.2837417192895938,0.06341604254923738,0,0
S9,2024-01-12 01:15:00,0.31244738233050856,0.08795817540215163,0,0
S9,2024-01-12 01:30:00,0.3955092878184459,0.0972389279824221,0,0
S9,2024-01-12 01:45:00,0.2962243720376431,0.07275048335539186,0,0
S9,2024-01-12 02:00:00,0.29891054854905674,0.08741957346288899,0,0
S9,2024-01-12 02:15:00,0.31837419244502274,0.08079547145072866,0,0
S9,2024-01-12 02:30:00,0.17827994058830454,0.07368807114447995,0,0
S9,2024-01-12 02:45:00,0.202529789330514,0.07860379935340905,0,0
S9,2024-01-12 03:00:00,0.2523803255601896,0.08766936556267851,0,0
S9,2024-01-12 03:15:00,0.39824945068364725,0.12405734540576477,0,0
S9,2024-01-12 03:30:00,0.37238106737862264,0.1351863901514138,0,0
S9,2024-01-12 03:45:00,0.30123123494854775,0.06220038777887279,0,0
S9,2024-01-12 04:00:00,0.38422626253914327,0.1480849393765806,0,0
S9,2024-01-12 04:15:00,0.2509656406733373,0.12880802586832849,0,0
S9,2024-01-12 04:30:00,0.26528504061102837,0.07391593090360818,0,0
S9,2024-01-12 04:45:00,0.23412975018295681,0.0679415586017064,0,0
S9,2024-01-12 05:00:00,0.3276482200143658,0.12666945351451414,0,0
S9,2024-01-12 05:15:00,0.300077740340932,0.09173761897645702,0,0
S9,2024-01-12 05:30:00,0.1542624115788232,0.054171859937248074,0,0
S9,2024-01-12 05:45:00,0.22522018105484345,0.08205282622680383,0,0
S9,2024-01-12 06:00:00,0.31463420970702255,0.07637804533920217,0,0
S9,2024-01-12 06:15:00,0.14267620147053137,0.07676843540232844,0,0
S9,2024-01-12 06:30:00,0.1875787239741147,0.08350302355206747,0,0
S9,2024-01-12 06:45:00,0.1330268163250271,0.07586658024677097,0,0
S9,2024-01-12 07:00:00,0.09914792677740135,0.0705844361446955,0,0
S9,2024-01-12 07:15:00,0.14971450748488133,0.06203550911369533,0,0
S9,2024-01-12 07:30:00,0.09350563316924264,0.07999703857665252,0,0
S9,2024-01-12 07:45:00,0.14525881479922959,0.12306814360423865,0,0
S9,2024-01-12 08:00:00,0.03447718203715149,0.07307391142386864,0,0
S9,2024-01-12 08:15:00,0.18113530351881219,0.1387561988473378,0,0
S9,2024-01-12 08:30:00,0.11566991678825603,0.07544301397867345,0,0
S9,2024-01-12 08:45:00,0.10543736448637415,0.08977332843864903,0,0
S9,2024-01-12 09:00:00,0.29528527467211263,0.12086721358811094,0,0
S9,2024-01-12 09:15:00,0.14792438998504018,0.09892680833665293,0,0
S9,2024-01-12 09:30:00,0.13539795491848083,0.07073503978026667,0,0
S9,2024-01-12 09:45:00,0.08194886018941451,0.06245453926605517,0,0
S9,2024-01-12 10:00:00,0.20939978281692845,0.11641138281246144,0,0
S9,2024-01-12 10:15:00,0.12092780593498863,0.10051000082743484,0,0
S9,2024-01-12 10:30:00,0.31118287855115834,0.08985327359508263,0,0
S9,2024-01-12 10:45:00,0.20476120410396112,0.06807530215014078,0,0
S9,2024-01-12 11:00:00,0.11010224227835645,0.07607932506532225,0,0
S9,2024-01-12 11:15:00,0.24690465388034052,0.11694753179187199,0,0
S9,2024-01-12 11:30:00,0.2734500723156144,0.098266023759561,0,0
S9,2024-01-12 11:45:00,0.15052716534890898,0.04747434626794756,0,0
S9,2024-01-12 12:00:00,0.16036744296894637,0.05743675094660201,0,0
S9,2024-01-12 12:15:00,0.2999073862942216,0.08886801184944647,0,0
S9,2024-01-12 12:30:00,0.2018231279484643,0.10100787349690482,0,0
S9,2024-01-12 12:45:00,0.2701878306967196,0.07396203368772937,0,0
S9,2024-01-12 13:00:00,0.16229406267918148,0.09790313084173716,0,0
S9,2024-01-12 13:15:00,0.09589430096737926,0.03368892883235258,0,0
S9,2024-01-12 13:30:00,0.09245067949379297,0.05827711468468976,0,0
S9,2024-01-12 13:45:00,0.2534485853159694,0.09885939217281156,0,0
S9,2024-01-12 14:00:00,0.2253686919593635,0.09663786537306411,0,0
S9,2024-01-12 14:15:00,0.15133552526368874,0.07238182157747906,0,0
S9,2024-01-12 14:30:00,0.18596014881032774,0.08258418067589152,0,0
S9,2024-01-12 14:45:00,0.16784764415458628,0.06844237206480605,0,0
S9,2024-01-12 15:00:00,0.22305933028126712,0.0955302550625332,0,0
S9,2024-01-12 15:15:00,0.14274441140506947,0.07457956151594082,0,0
S9,2024-01-12 15:30:00,0.1150049191513789,0.0775518379732918,0,0
S9,2024-01-12 15:45:00,0.2028119295935188,0.09270850852353754,0,0
S9,2024-01-12 16:00:00,0.20311783650537749,0.10431399445288818,0,0
S9,2024-01-12 16:15:00,0.047321654315289265,0.04150662720120872,0,0
S9,2024-01-12 16:30:00,0.11886553667994539,0.05122694053803468,0,0
S9,2024-01-12 16:45:00,0.23105330646752906,0.1375181134791467,0,0
S9,2024-01-12 17:00:00,0.2994402527585182,0.1362499250334363,0,0
S9,2024-01-12 17:15:00,0.20702218276951836,0.11522214028831541,0,0
S9,2024-01-12 17:30:00,0.2209027728613982,0.08280110045759491,0,0
S9,2024-01-12 17:45:00,0.2292938957737728,0.08723742502579757,0,0
S9,2024-01-12 18:00:00,0.2077501937078063,0.07873794961779763,0,0
S9,2024-01-12 18:15:00,0.3003845859650244,0.11823218158471542,0,0
S9,2024-01-12 18:30:00,0.2645866499508415,0.09664323160194868,0,0
S9,2024-01-12 18:45:00,0.2999555933856751,0.11092770585242138,0,0
S9,2024-01-12 19:00:00,0.18064224529996956,0.09371379369168291,0,0
S9,2024-01-12 19:15:00,0.11428697355884829,0.08155369481314705,0,0
S9,2024-01-12 19:30:00,0.20250084646848748,0.13447632036680018,0,0
S9,2024-01-12 19:45:00,0.15157208466794816,0.10000311666889723,0,0
S9,2024-01-12 20:00:00,0.14838486080040753,0.08590852486958364,0,0
S9,2024-01-12 20:15:00,0.15396491402668092,0.0979920156781398,0,0
S9,2024-01-12 20:30:00,0.15012824779085468,0.10991217220663059,0,0
S9,2024-01-12 20:45:00,0.22194671026088797,0.07653105903708479,0,0
S9,2024-01-12 21:00:00,0.17051648195819577,0.11097118367096805,0,0
S9,2024-01-12 21:15:00,0.2331729036016751,0.12494157849178254,0,0
S9,2024-01-12 21:30:00,0.18050042432257507,0.11299551383047464,0,0
S9,2024-01-12 21:45:00,0.22375502720535298,0.1108625748586032,0,0
S9,2024-01-12 22:00:00,0.1842704197274925,0.09733821501684609,0,0
S9,2024-01-12 22:15:00,0.2126485279546451,0.09307484105111759,0,0
S9,2024-01-12 22:30:00,0.2910632604600518,0.07785423579812481,0,0
S9,2024-01-12 22:45:00,0.3634314794428079,0.11326143237404719,0,0
S9,2024-01-12 23:00:00,0.24250201900961216,0.057192716851287566,0,0
S9,2024-01-12 23:15:00,0.30308796355354084,0.09706081085172782,0,0
S9,2024-01-12 23:30:00,0.3513555673032865,0.11001283244779196,0,0
S9,2024-01-12 23:45:00,0.19771673914152615,0.05224823740637778,0,0
S9,2024-01-13 00:00:00,0.4906664697029109,0.11068091400069219,0,0
S9,2024-01-13 00:15:00,0.33612158844111983,0.06672977632190387,0,0
S9,2024-01-13 00:30:00,0.3348481418611281,0.06382707476993174,0,0
S9,2024-01-13 00:45:00,0.40352657934176306,0.10525830095866757,0,0
S9,2024-01-13 01:00:00,0.3455582675087055,0.0770159051630541,0,0
S9,2024-01-13 01:15:00,0.4945107386883336,0.13178668491676393,0,0
S9,2024-01-13 01:30:00,0.44005568739005124,0.10096404574051392,0,0
S9,2024-01-13 01:45:00,0.330521305050624,0.10946509438241811,0,0
S9,2024-01-13 02:00:00,0.23397517032070378,0.05546919116034004,0,0
S9,2024-01-13 02:15:00,0.3972242434879669,0.09334603749446074,0,0
S9,2024-01-13 02:30:00,0.3715927453960944,0.08520439479003265,0,0
S9,2024-01-13 02:45:00,0.37186864971587436,0.08526800912915158,0,0
S9,2024-01-13 03:00:00,0.406900803258437,0.10121633194853591,0,0
S9,2024-01-13 03:15:00,0.32254227545989256,0.0720495156892107,0,0
S9,2024-01-13 03:30:00,0.3590165295930886,0.11790195763678456,0,0
S9,2024-01-13 03:45:00,0.3834369369469183,0.11816187116548456,0,0
S9,2024-01-13 04:00:00,0.36016499943602753,0.09991567061900054,0,0
S9,2024-01-13 04:15:00,0.20958624481184818,0.07581941294158383,0,0
S9,2024-01-13 04:30:00,0.25334392523076205,0.05885189720247241,0,0
S9,2024-01-13 04:45:00,0.24591844838740567,0.08503071905305787,0,0
S9,2024-01-13 05:00:00,0.17284121356304152,0.0753393037495184,0,0
S9,2024-01-13 05:15:00,0.24916287532340173,0.09488139193149286,0,0
S9,2024-01-13 05:30:00,0.22369036495005631,0.108854010924761,0,0
S9,2024-01-13 05:45:00,0.1916670682497829,0.09656707227684039,0,0
S9,2024-01-13 06:00:00,0.11030848853698018,0.039470690847331895,0,0
S9,2024-01-13 06:15:00,0.19285638707455105,0.04274611166382711,0,0
S9,2024-01-13 06:30:00,0.08734707083341572,0.04989128276240372,0,0
S9,2024-01-13 06:45:00,0.22125767259823254,0.07346646626786979,0,0
S9,2024-01-13 07:00:00,0.10969859218659,0.032260618724711754,0,0
S9,2024-01-13 07:15:00,0.07301429305601365,0.056818279007041186,0,0
S9,2024-01-13 07:30:00,0.07254492040418005,0.028409483391615788,0,0
S9,2024-01-13 07:45:00,0.12277260284991715,0.05292710168584596,0,0
S9,2024-01-13 08:00:00,0.15265420137953847,0.0491262748112062,0,0
S9,2024-01-13 08:15:00,0.2587368176158598,0.13451363659164253,0,0
S9,2024-01-13 08:30:00,0.11912677408220836,0.0838148363538018,0,0
S9,2024-01-13 08:45:00,0.03592760915137975,0.07437376474475382,0,0
S9,2024-01-13 09:00:00,0.15375009369232523,0.1140557582593141,0,0
S9,2024-01-13 09:15:00,0.1116840450685909,0.06868864104405145,0,0
S9,2024-01-13 09:30:00,0.16521640025155826,0.05393101731071697,0,0
S9,2024-01-13 09:45:00,0.1064334854142722,0.04905947430116286,0,0
S9,2024-01-13 10:00:00,0.20191810249300804,0.057376032728600104,0,0
S9,2024-01-13 10:15:00,0.23498053977694872,0.057376032728600104,0,0
S9,2024-01-13 10:30:00,0.35943680320729027,0.09908675692248135,0,0
S9,2024-01-13 10:45:00,0.06976410824859366,0.03205780172443095,0,0
S9,2024-01-13 11:00:00,0.25989407450230995,0.11219921909459545,0,0
S9,2024-01-13 11:15:00,0.22603420017334663,0.07381934599311281,0,0
S9,2024-01-13 11:30:00,0.11830034518942946,0.07225011859561123,0,0
S9,2024-01-13 11:45:00,0.14170257007850012,0.0874263879918979,0,0
S9,2024-01-13 12:00:00,0.10990471870130081,0.07294440514745308,0,0
S9,2024-01-13 12:15:00,0.14803892474725125,0.05504055578308787,0,0
S9,2024-01-13 12:30:00,0.261092472277031,0.09082406559181831,0,0
S9,2024-01-13 12:45:00,0.1824449628312974,0.06381620183680219,0,0
S9,2024-01-13 13:00:00,0.15945494819806727,0.06884761454227979,0,0
S9,2024-01-13 13:15:00,0.16037743213251163,0.04639021619549928,0,0
S9,2024-01-13 13:30:00,0.2361843152815338,0.09182917303248363,0,0
S9,2024-01-13 13:45:00,0.17809959454647745,0.07129105395323276,0,0
S9,2024-01-13 14:00:00,0.2682745870044496,0.08945931684509398,0,0
S9,2024-01-13 14:15:00,0.2367855857442547,0.06925834383690128,0,0
S9,2024-01-13 14:30:00,0.2583013141206568,0.13071953501646613,0,0
S9,2024-01-13 14:45:00,0.14477003479837341,0.04511097940087017,0,0
S9,2024-01-13 15:00:00,0.23746334948587616,0.06487044789286958,0,0
S9,2024-01-13 15:15:00,0.20981980107286463,0.08287243849415141,0,0
S9,2024-01-13 15:30:00,0.28699028003426713,0.07133173930883067,0,0
S9,2024-01-13 15:45:00,0.26690743143392986,0.11646595349204708,0,0
S9,2024-01-13 16:00:00,0.213139569871836,0.05982660051988834,0,0
S9,2024-01-13 16:15:00,0.3035239266251284,0.08675511213204595,0,0
S9,2024-01-13 16:30:00,0.2084668618845901,0.05899014459706137,0,0
S9,2024-01-13 16:45:00,0.2678955678952502,0.08512882355069712,0,0
S9,2024-01-13 17:00:00,0.2539100704625312,0.08707295845919232,0,0
S9,2024-01-13 17:15:00,0.20559558428932254,0.08707295845919232,0,0
S9,2024-01-13 17:30:00,0.1598373413464713,0.03983187468472743,0,0
S9,2024-01-13 17:45:00,0.1868243290213851,0.11376767890410987,0,0
S9,2024-01-13 18:00:00,0.11573821870239065,0.04249502844418232,0,0
S9,2024-01-13 18:15:00,0.17645590588193028,0.07762631311422176,0,0
S9,2024-01-13 18:30:00,0.17207265753795936,0.0876589031821526,0,0
S9,2024-01-13 18:45:00,0.14620760113365908,0.0668556678558722,0,0
S9,2024-01-13 19:00:00,0.08973883707501838,0.0423345903281258,0,0
S9,2024-01-13 19:15:00,0.17256941336462206,0.08098066981394321,0,0
S9,2024-01-13 19:30:00,0.3079417774184463,0.13101866019652278,0,0
S9,2024-01-13 19:45:00,0.22888176005738098,0.1016395621296091,0,0
S9,2024-01-13 20:00:00,0.18585353542085647,0.07698099961047321,0,0
S9,2024-01-13 20:15:00,0.16028707208280063,0.08244796243612547,0,0
S9,2024-01-13 20:30:00,0.14649680410176255,0.0783340339913965,0,0
S9,2024-01-13 20:45:00,0.12497813003436035,0.060900062584897406,0,0
S9,2024-01-13 21:00:00,0.09810031903703625,0.055625532430061374,0,0
S9,2024-01-13 21:15:00,0.20742089828462704,0.07201915363178557,0,0
S9,2024-01-13 21:30:00,0.17426570209236808,0.05350031903458296,0,0
S9,2024-01-13 21:45:00,0.23006329182542307,0.07455367948179496,0,0
S9,2024-01-13 22:00:00,0.21972683966616116,0.0777869165990306,0,0
S9,2024-01-13 22:15:00,0.09139812835792159,0.06397749303855965,0,0
S9,2024-01-13 22:30:00,0.11716649027119205,0.04966776803526685,0,0
S9,2024-01-13 22:45:00,0.20842341012078622,0.09369202444767814,0,0
S9,2024-01-13 23:00:00,0.17668448849792898,0.055259804876907896,0,0
S9,2024-01-13 23:15:00,0.10990804424145774,0.06183293225160817,0,0
S9,2024-01-13 23:30:00,0.1078272142175606,0.05600499807496095,0,0
S9,2024-01-13 23:45:00,0.18060098051462437,0.0643644578882437,0,0
S9,2024-01-14 00:00:00,0.3137930623652853,0.06831193521837634,0,0
S9,2024-01-14 00:15:00,0.45290101347219774,0.1574692700377504,0,0
S9,2024-01-14 00:30:00,0.27456524788699715,0.06899127214347554,0,0
S9,2024-01-14 00:45:00,0.2534826241604631,0.08649655027745956,0,0
S9,2024-01-14 01:00:00,0.2761038665789121,0.07143620099955496,0,0
S9,2024-01-14 01:15:00,0.22759424508023168,0.05686015995626825,0,0
S9,2024-01-14 01:30:00,0.3717428084573917,0.08705324947455546,0,0
S9,2024-01-14 01:45:00,0.44158249714580794,0.10019396495411866,0,0
S9,2024-01-14 02:00:00,0.4248232879746675,0.125615276041009,0,0
S9,2024-01-14 02:15:00,0.3214366421415826,0.08918427706128987,0,0
S9,2024-01-14 02:30:00,0.3699114521133072,0.08886224115555945,0,0
S9,2024-01-14 02:45:00,0.38197053213610566,0.11636099028758463,0,0
S9,2024-01-14 03:00:00,0.25357309969868186,0.07222783809527317,0,0
S9,2024-01-14 03:15:00,0.426563215569627,0.10538930488938508,0,0
S9,2024-01-14 03:30:00,0.2748370742293594,0.07313546632329412,0,0
S9,2024-01-14 03:45:00,0.33417394019378405,0.08874457492660465,0,0
S9,2024-01-14 04:00:00,0.3119050750306674,0.08297359837826279,0,0
S9,2024-01-14 04:15:00,0.2930378969201431,0.1283033147192046,0,0
S9,2024-01-14 04:30:00,0.4039706033140626,0.14319315580325107,0,0
S9,2024-01-14 04:45:00,0.3107580583703393,0.08345631979105095,0,0
S9,2024-01-14 05:00:00,0.34203980866883693,0.1056818672449229,0,0
S9,2024-01-14 05:15:00,0.3782122837420802,0.09181704522923202,0,0
S9,2024-01-14 05:30:00,0.3062228652873278,0.08635383307646342,0,0
S9,2024-01-14 05:45:00,0.34106397647415954,0.06087879208430429,0,0
S9,2024-01-14 06:00:00,0.26702033601328495,0.08189366958828714,0,0
S9,2024-01-14 06:15:00,0.2330955616951197,0.07213930496526069,0,0
S9,2024-01-14 06:30:00,0.30686852918473845,0.09580562351372829,0,0
S9,2024-01-14 06:45:00,0.2723656348676535,0.09549936817819106,0,0
S9,2024-01-14 07:00:00,0.25259398909573416,0.10069782022632232,0,0
S9,2024-01-14 07:15:00,0.16583695376533525,0.08758456522459736,0,0
S9,2024-01-14 07:30:00,0.13973140343484441,0.050721123569048045,0,0
S9,2024-01-14 07:45:00,0.07333934350432597,0.03674761016621397,0,0
S9,2024-01-14 08:00:00,0.14370633634600846,0.0841227437238002,0,0
S9,2024-01-14 08:15:00,0.07213227618148366,0.06542378741082801,0,0
S9,2024-01-14 08:30:00,0.2684869163801946,0.11714182302013032,0,0
S9,2024-01-14 08:45:00,0.10400439321334161,0.052274620288055455,0,0
S9,2024-01-14 09:00:00,0.1691347134832723,0.056732955203662894,0,0
S9,2024-01-14 09:15:00,0.16827074169324846,0.062125685854810056,0,0
S9,2024-01-14 09:30:00,0.14723727428863218,0.06494707526764727,0,0
S9,2024-01-14 09:45:00,0.15941143856268167,0.08295380355820722,0,0
S9,2024-01-14 10:00:00,0.16756049920923724,0.04986249889399224,0,0
S9,2024-01-14 10:15:00,0.1714108131520275,0.0675821536073105,0,0
S9,2024-01-14 10:30:00,0.14235961350851775,0.08250568543702434,0,0
S9,2024-01-14 10:45:00,0.31554098073456205,0.1140097648704032,0,0
S9,2024-01-14 11:00:00,0.22287434552325547,0.08434357502363825,0,0
S9,2024-01-14 11:15:00,0.21505583978230716,0.11909354584833783,0,0
S9,2024-01-14 11:30:00,0.2823235630728326,0.07041801557555796,0,0
S9,2024-01-14 11:45:00,0.352499738655347,0.08527694888295835,0,0
S9,2024-01-14 12:00:00,0.22247032506531186,0.0752691275342538,0,0
S9,2024-01-14 12:15:00,0.3547587539144725,0.08111309968842605,0,0
S9,2024-01-14 12:30:00,0.2758864524784884,0.0683066018117614,0,0
S9,2024-01-14 12:45:00,0.24913337646154987,0.08051570670311266,0,0
S9,2024-01-14 13:00:00,0.31122823270242356,0.07443267980391062,0,0
S9,2024-01-14 13:15:00,0.2791794645497311,0.082093253877267,0,0
S9,2024-01-14 13:30:00,0.3000913621277779,0.07893544910675221,0,0
S9,2024-01-14 13:45:00,0.16365419762213818,0.04360511368005363,0,0
S9,2024-01-14 14:00:00,0.331354878313885,0.11642300285442006,0,0
S9,2024-01-14 14:15:00,0.31336310227220965,0.09681872174239865,0,0
S9,2024-01-14 14:30:00,0.3765579136689137,0.11262278794234211,0,0
S9,2024-01-14 14:45:00,0.2996572865493089,0.07929742306065102,0,0
S9,2024-01-14 15:00:00,0.20884349791968712,0.06075951768957161,0,0
S9,2024-01-14 15:15:00,0.24612833283630764,0.07604525894363354,0,0
S9,2024-01-14 15:30:00,0.19192349206021664,0.05906868758083437,0,0
S9,2024-01-14 15:45:00,0.19214786347579935,0.08243732130727632,0,0
S9,2024-01-14 16:00:00,0.389112926205599,0.15351859506640425,0,0
S9,2024-01-14 16:15:00,0.2686414925571764,0.08557996652929857,0,0
S9,2024-01-14 16:30:00,0.27172149402615037,0.07595199141784156,0,0
S9,2024-01-14 16:45:00,0.24226651240078295,0.05593100977702637,0,0
S9,2024-01-14 17:00:00,0.2603073955036153,0.05593100977702637,0,0
S9,2024-01-14 17:15:00,0.1669829345774272,0.05278467345831195,0,0
S9,2024-01-14 17:30:00,0.30381208609445376,0.08411926556549909,0,0
S9,2024-01-14 17:45:00,0.2720798455597487,0.07396469386872039,0,0
S9,2024-01-14 18:00:00,0.20170780830710872,0.15027557692185467,0,0
S9,2024-01-14 18:15:00,0.09021880078209293,0.05964325443383052,0,0
S9,2024-01-14 18:30:00,0.1867689621957249,0.10259907800119306,0,0
S9,2024-01-14 18:45:00,0.12803929280405923,0.05486672514433675,0,0
S9,2024-01-14 19:00:00,0.09551435167473307,0.039960201567860884,0,0
S9,2024-01-14 19:15:00,0.1633329449750669,0.07465886096518286,0,0
S9,2024-01-14 19:30:00,0.26988670152125843,0.08824180531965707,0,0
S9,2024-01-14 19:45:00,0.19649747893608335,0.06245422685704921,0,0
S9,2024-01-14 20:00:00,0.18195701153475727,0.05911256642081878,0,0
S9,2024-01-14 20:15:00,0.15372323105917088,0.05884193252355954,0,0
S9,2024-01-14 20:30:00,0.21230695604253272,0.09845976026804563,0,0
S9,2024-01-14 20:45:00,0.21214897684993808,0.07947326192117792,0,0
S9,2024-01-14 21:00:00,0.2927335119976681,0.1030822601896202,0,0
S9,2024-01-14 21:15:00,0.3218776181331537,0.10509161043367397,0,0
S9,2024-01-14 21:30:00,0.12878096985093843,0.04386474945046795,0,0
S9,2024-01-14 21:45:00,0.11701623879267102,0.057939263468451234,0,0
S9,2024-01-14 22:00:00,0.2503441931254211,0.13039086122629126,0,0
S9,2024-01-14 22:15:00,0.19592657498804675,0.07125426641060052,0,0
S9,2024-01-14 22:30:00,0.16003903043809364,0.04505653182084741,0,0
S9,2024-01-14 22:45:00,0.216979382589411,0.07535325073045296,0,0
S9,2024-01-14 23:00:00,0.17393275532325914,0.04520384419008887,0,0
S9,2024-01-14 23:15:00,0.18697338903811106,0.06617179669605118,0,0
S9,2024-01-14 23:30:00,0.21302937148902232,0.07241672552100031,0,0
S9,2024-01-14 23:45:00,0.2773373428305021,0.08994357119336346,0,0
S9,2024-01-15 00:00:00,0.26415216036146294,0.1756800677195841,0,0
S9,2024-01-15 00:15:00,0.36048855586905465,0.09289486591997088,0,0
S9,2024-01-15 00:30:00,0.2736986665982882,0.08218439708982994,0,0
S9,2024-01-15 00:45:00,0.32181335300725494,0.06566142609682044,0,0
S9,2024-01-15 01:00:00,0.3253730407700182,0.10632602462725062,0,0
S9,2024-01-15 01:15:00,0.25336056110675526,0.07198958603898875,0,0
S9,2024-01-15 01:30:00,0.2156955383284529,0.07374552933093695,0,0
S9,2024-01-15 01:45:00,0.3825567460615759,0.18322906676427092,0,0
S9,2024-01-15 02:00:00,0.3029041465068382,0.18322906676427092,0,0
S9,2024-01-15 02:15:00,0.2937560207749225,0.08609061196170502,0,0
S9,2024-01-15 02:30:00,0.34498654672058815,0.09029591778629742,0,0
S9,2024-01-15 02:45:00,0.46543138929618005,0.1173114656227418,0,0
S9,2024-01-15 03:00:00,0.27818642189776854,0.10856110484921937,0,0
S9,2024-01-15 03:15:00,0.2552292585434105,0.05432188361015992,0,0
S9,2024-01-15 03:30:00,0.35665240492429545,0.09202346839774403,0,0
S9,2024-01-15 03:45:00,0.28389648397155376,0.0766762739284148,0,0
S9,2024-01-15 04:00:00,0.1939078723491481,0.047947422850541384,0,0
S9,2024-01-15 04:15:00,0.2564454286514411,0.06369295963140684,0,0
S9,2024-01-15 04:30:00,0.311731424761034,0.09339488576928853,0,0
S9,2024-01-15 04:45:00,0.14964827179888865,0.08068661683827245,0,0
S9,2024-01-15 05:00:00,0.24065878600787954,0.11479384997268605,0,0
S9,2024-01-15 05:15:00,0.1949874542750036,0.06349024684386376,0,0
S9,2024-01-15 05:30:00,0.27239308745871266,0.08958461050026856,0,0
S9,2024-01-15 05:45:00,0.22946399519477764,0.058738929499874866,0,0
S9,2024-01-15 06:00:00,0.3313005551614219,0.08377792531283446,0,0
S9,2024-01-15 06:15:00,0.1867694868653451,0.12025704845216144,0,0
S9,2024-01-15 06:30:00,0.3262026897483636,0.12025704845216144,0,0
S9,2024-01-15 06:45:00,0.17350528719015385,0.055442793199499504,0,0
S9,2024-01-15 07:00:00,0.1444698645165218,0.06604164304797311,0,0
S9,2024-01-15 07:15:00,0.15213601032406696,0.06487145131096989,0,0
S9,2024-01-15 07:30:00,0.10042632344600759,0.04484099301793254,0,0
S9,2024-01-15 07:45:00,0.14569052393367465,0.05897253903666248,0,0
S9,2024-01-15 08:00:00,0.22187194420984427,0.07158503216006586,0,0
S9,2024-01-15 08:15:00,0.22612831941271913,0.1191697616651864,0,0
S9,2024-01-15 08:30:00,0.1422176401125473,0.0837026621418008,0,0
S9,2024-01-15 08:45:00,0.16636640751701764,0.09926783312690796,0,0
S9,2024-01-15 09:00:00,0.28026135497103205,0.1137021264227092,0,0
S9,2024-01-15 09:15:00,0.14006252411239678,0.07292136769354843,0,0
S9,2024-01-15 09:30:00,0.1426163883616051,0.08175645365947254,0,0
S9,2024-01-15 09:45:00,0.19815450033504134,0.08606718633891038,0,0
S9,2024-01-15 10:00:00,0.19360638850786513,0.09065319060706233,0,0
S9,2024-01-15 10:15:00,0.23697010090853868,0.13586466376660164,0,0
S9,2024-01-15 10:30:00,0.25478643491444214,0.10130457542336663,0,0
S9,2024-01-15 10:45:00,0.2177542173097913,0.05574570054945641,0,0
S9,2024-01-15 11:00:00,0.14209863210963827,0.055626187303211824,0,0
S9,2024-01-15 11:15:00,0.2664000268310279,0.09015461355655882,0,0
S9,2024-01-15 11:30:00,0.2590206491210524,0.06048326391276383,0,0
S9,2024-01-15 11:45:00,0.23194117245154483,0.07652814520849943,0,0
S9,2024-01-15 12:00:00,0.14928366480072194,0.05161299305525356,0,0
S9,2024-01-15 12:15:00,0.1435946524525142,0.06971208544717371,0,0
S9,2024-01-15 12:30:00,0.2540879718460948,0.06923638613741594,0,0
S9,2024-01-15 12:45:00,0.11985239068322052,0.06859386417766054,0,0
S9,2024-01-15 13:00:00,0.14762089925635835,0.06881881142710368,0,0
S9,2024-01-15 13:15:00,0.21850968113723362,0.10215544757634352,0,0
S9,2024-01-15 13:30:00,0.11978886712739734,0.10409004691310397,0,0
S9,2024-01-15 13:45:00,0.20921307675406667,0.07172102341544084,0,0
S9,2024-01-15 14:00:00,0.13037633761645853,0.09403919294284456,0,0
S9,2024-01-15 14:15:00,0.1995516992448136,0.10854010249186041,0,0
S9,2024-01-15 14:30:00,0.1642811544232521,0.0597691027896385,0,0
S9,2024-01-15 14:45:00,0.23886229519166904,0.10172495419907872,0,0
S9,2024-01-15 15:00:00,0.10525253629404366,0.04904161675787996,0,0
S9,2024-01-15 15:15:00,0.1653826923264008,0.08264252619176034,0,0
S9,2024-01-15 15:30:00,0.11833445355747264,0.05310374151339607,0,0
S9,2024-01-15 15:45:00,0.1260110335063228,0.05834459661477671,0,0
S9,2024-01-15 16:00:00,0.1961220335430686,0.0852452250172675,0,0
S9,2024-01-15 16:15:00,0.09071248962759967,0.06438224399063462,0,0
S9,2024-01-15 16:30:00,0.18609432419626146,0.09368438589445664,0,0
S9,2024-01-15 16:45:00,0.295936730793692,0.11819455939058411,0,0
S9,2024-01-15 17:00:00,0.3030240475656495,0.09396736602381026,0,0
S9,2024-01-15 17:15:00,0.1656695005998686,0.07095046284153246,0,0
S9,2024-01-15 17:30:00,0.17708798902308798,0.08392024362804702,0,0
S9,2024-01-15 17:45:00,0.13304145089191635,0.058491606360966654,0,0
S9,2024-01-15 18:00:00,0.14423193311271373,0.05945301318312398,0,0
S9,2024-01-15 18:15:00,0.22253353681964716,0.09284634466771868,0,0
S9,2024-01-15 18:30:00,0.1357493420556312,0.07995835234861079,0,0
S9,2024-01-15 18:45:00,0.07601284228447157,0.07831363552338984,0,0
S9,2024-01-15 19:00:00,0.14353381710463528,0.08686806886233539,0,0
S9,2024-01-15 19:15:00,0.2475245555227319,0.10870027729453559,0,0
S9,2024-01-15 19:30:00,0.22027727513020057,0.11056003126489629,0,0
S9,2024-01-15 19:45:00,0.08202777852023882,0.09838226415436566,0,0
S9,2024-01-15 20:00:00,0.22941912971761766,0.11235256164566264,0,0
S9,2024-01-15 20:15:00,0.09785318387006237,0.10312623631603735,0,0
S9,2024-01-15 20:30:00,0.12199526912158055,0.08113615479847981,0,0
S9,2024-01-15 20:45:00,0.12206682544924902,0.08216168841215081,0,0
S9,2024-01-15 21:00:00,0.19950965538572385,0.11724144374850594,0,0
S9,2024-01-15 21:15:00,0.22529414415200805,0.10628579882093574,0,0
S9,2024-01-15 21:30:00,0.18862995969194724,0.09002594364681439,0,0
S9,2024-01-15 21:45:00,0.15808961869916605,0.10442225966467807,0,0
S9,2024-01-15 22:00:00,0.20574771332842526,0.061130915391399955,0,0
S9,2024-01-15 22:15:00,0.2719346303675403,0.11277506801753907,0,0
S9,2024-01-15 22:30:00,0.18580827620461174,0.06469708882267496,0,0
S9,2024-01-15 22:45:00,0.26986006618509,0.06478417582437504,0,0
S9,2024-01-15 23:00:00,0.16042908420608434,0.04480200431280013,0,0
S9,2024-01-15 23:15:00,0.22686194924549796,0.08799362568556177,0,0
S9,2024-01-15 23:30:00,0.1500767388244212,0.10109714876158328,0,0
S9,2024-01-15 23:45:00,0.11331642606070433,0.05471044896307185,0,0
S9,2024-01-16 00:00:00,0.3931265673562351,0.11393772836972788,0,0
S9,2024-01-16 00:15:00,0.2803974807070995,0.07328160653985578,0,0
S9,2024-01-16 00:30:00,0.28070215263067894,0.08187212895138289,0,0
S9,2024-01-16 00:45:00,0.24336603296832499,0.06265447155772343,0,0
S9,2024-01-16 01:00:00,0.24987068180775776,0.07174427829595771,0,0
S9,2024-01-16 01:15:00,0.1938190617591607,0.07969495615531436,0,0
S9,2024-01-16 01:30:00,0.23430444413710264,0.11177721968736429,0,0
S9,2024-01-16 01:45:00,0.2508418580680054,0.10540383500103946,0,0
S9,2024-01-16 02:00:00,0.4401730813760382,0.10473706084846647,0,0
S9,2024-01-16 02:15:00,0.21923146742543703,0.06912826180040743,0,0
S9,2024-01-16 02:30:00,0.19438493351152683,0.05137775473279238,0,0
S9,2024-01-16 02:45:00,0.22325163693220015,0.10510727102603273,0,0
S9,2024-01-16 03:00:00,0.27560268755660833,0.06449852752338919,0,0
S9,2024-01-16 03:15:00,0.22552913223641574,0.08261162340093253,0,0
S9,2024-01-16 03:30:00,0.22516269467291558,0.07707813600249193,0,0
S9,2024-01-16 03:45:00,0.1992888251673229,0.10010208647318893,0,0
S9,2024-01-16 04:00:00,0.11966598353521256,0.09486379838617195,0,0
S9,2024-01-16 04:15:00,0.26191343781009,0.08556084044413424,0,0
S9,2024-01-16 04:30:00,0.28512183662974877,0.08377800937163257,0,0
S9,2024-01-16 04:45:00,0.26392842581264875,0.09515907080567443,0,0
S9,2024-01-16 05:00:00,0.2269543451364172,0.12487046295907336,0,0
S9,2024-01-16 05:15:00,0.19617333519446584,0.08532883272528105,0,0
S9,2024-01-16 05:30:00,0.3252404440833893,0.13344123498010077,0,0
S9,2024-01-16 05:45:00,0.09887828509609466,0.06757550056966728,0,0
S9,2024-01-16 06:00:00,0.09892201999405326,0.07171620053084973,0,0
S9,2024-01-16 06:15:00,0.183413282584815,0.07542978082351912,0,0
S9,2024-01-16 06:30:00,0.17038109373352678,0.05793355663367789,0,0
S9,2024-01-16 06:45:00,0.20981757398747664,0.08216342214758507,0,0
S9,2024-01-16 07:00:00,0.08285204219352277,0.053829107711751444,0,0
S9,2024-01-16 07:15:00,0.10184222983265757,0.09168482520546706,0,0
S9,2024-01-16 07:30:00,0.10359841084527921,0.06856217042361742,0,0
S9,2024-01-16 07:45:00,0.21301093929777706,0.08351711516461062,0,0
S9,2024-01-16 08:00:00,0.1449009818076677,0.08557259944031254,0,0
S9,2024-01-16 08:15:00,0.10319224120767283,0.08543834120383399,0,0
S9,2024-01-16 08:30:00,0.22358550103871802,0.11829648475031887,0,0
S9,2024-01-16 08:45:00,0.19216338631946073,0.11829648475031887,0,0
S9,2024-01-16 09:00:00,0.24461699127709716,0.14297927567605082,0,0
S9,2024-01-16 09:15:00,0.15286529433627113,0.07707927696982138,0,0
S9,2024-01-16 09:30:00,0.20672962727437974,0.09281325496590964,0,0
S9,2024-01-16 09:45:00,0.2753326501011381,0.11871637234701339,0,0
S9,2024-01-16 10:00:00,0.19806155163229444,0.0676666521327259,0,0
S9,2024-01-16 10:15:00,0.22054161230140382,0.05120824671260078,0,0
S9,2024-01-16 10:30:00,0.36475265163930953,0.09041169208113049,0,0
S9,2024-01-16 10:45:00,0.22556153058989264,0.054797900730630046,0,0
S9,2024-01-16 11:00:00,0.21430882922112077,0.07009666966057519,0,0
S9,2024-01-16 11:15:00,0.2870446802218774,0.09575833563438461,0,0
S9,2024-01-16 11:30:00,0.17406590630974725,0.06445263763293142,0,0
S9,2024-01-16 11:45:00,0.0793581044071004,0.050420300955183774,0,0
S9,2024-01-16 12:00:00,0.19407676499772702,0.10183510926958693,0,0
S9,2024-01-16 12:15:00,0.17113587110191006,0.05834298115287811,0,0
S9,2024-01-16 12:30:00,0.20934111851955384,0.11610427021099202,0,0
S9,2024-01-16 12:45:00,0.09003809233244472,0.04401770450636885,0,0
S9,2024-01-16 13:00:00,0.1826387110308177,0.07339802057879616,0,0
S9,2024-01-16 13:15:00,0.13408353596387207,0.08426134027784435,0,0
S9,2024-01-16 13:30:00,0.019882006130055363,0.05287492727101948,0,0
S9,2024-01-16 13:45:00,0.13712792435011328,0.06268477783729419,0,0
S9,2024-01-16 14:00:00,0.15704817139547608,0.062104005719787185,0,0
S9,2024-01-16 14:15:00,0.1860436780825518,0.0911154760871738,0,0
S9,2024-01-16 14:30:00,0.2288067332269525,0.08748998842355149,0,0
S9,2024-01-16 14:45:00,0.07221580912222764,0.05673920144244181,0,0
S9,2024-01-16 15:00:00,0.15081615921628622,0.10778174755882038,0,0
S9,2024-01-16 15:15:00,0.08936130042610385,0.05426222717196801,0,0
S9,2024-01-16 15:30:00,0.1757023666909219,0.11382008701950863,0,0
S9,2024-01-16 15:45:00,0.25969761511369216,0.12096476544864505,0,0
S9,2024-01-16 16:00:00,0.19048190052197983,0.0629451436543001,0,0
S9,2024-01-16 16:15:00,0.16484199007400854,0.07073668151704683,0,0
S9,2024-01-16 16:30:00,0.12081303500549367,0.058497813692836464,0,0
S9,2024-01-16 16:45:00,0.16976058141126837,0.054037050719222726,0,0
S9,2024-01-16 17:00:00,0.21450585474724418,0.0817295874185786,0,0
S9,2024-01-16 17:15:00,0.20025025279371744,0.09389653079928253,0,0
S9,2024-01-16 17:30:00,0.143898381599965,0.09946270906558576,0,0
S9,2024-01-16 17:45:00,0.09267013250117398,0.05662597688836259,0,0
S9,2024-01-16 18:00:00,0.17346525694108506,0.07986719491321449,0,0
S9,2024-01-16 18:15:00,0.19697347785214908,0.08478109429379599,0,0
S9,2024-01-16 18:30:00,0.04075870518792024,0.06621665974176087,0,0
S9,2024-01-16 18:45:00,0.14647133030383402,0.08303788948958891,0,0
S9,2024-01-16 19:00:00,0.1485199986603309,0.10993860702619958,0,0
S9,2024-01-16 19:15:00,0.23932591202771542,0.15243230585460496,0,0
S9,2024-01-16 19:30:00,0.22151709259702515,0.08932992624443888,0,0
S9,2024-01-16 19:45:00,0.18403991330342878,0.10626122084377485,0,0
S9,2024-01-16 20:00:00,0.31716388565458864,0.14592300555971863,0,0
S9,2024-01-16 20:15:00,0.2506263930986737,0.12569486284712655,0,0
S9,2024-01-16 20:30:00,0.3117302182990596,0.09858440063699207,0,0
S9,2024-01-16 20:45:00,0.24939285145303364,0.11812347189677315,0,0
S9,2024-01-16 21:00:00,0.23870624368154092,0.11728650287283435,0,0
S9,2024-01-16 21:15:00,0.1519420881412134,0.09181946000139513,0,0
S9,2024-01-16 21:30:00,0.16604960743258115,0.06769719888184064,0,0
S9,2024-01-16 21:45:00,0.21722395822609253,0.06556476611833764,0,0
S9,2024-01-16 22:00:00,0.21462603111571832,0.08842829620707325,0,0
S9,2024-01-16 22:15:00,0.32910374535603143,0.14866809904500378,0,0
S9,2024-01-16 22:30:00,0.1442102628019547,0.05433605382273439,0,0
S9,2024-01-16 22:45:00,0.3246408530888107,0.09399644053034897,0,0
S9,2024-01-16 23:00:00,0.2031338674975754,0.05591074092475152,0,0
S9,2024-01-16 23:15:00,0.22977953431878914,0.08043749557357276,0,0
S9,2024-01-16 23:30:00,0.1931288942239113,0.09469736690791872,0,0
S9,2024-01-16 23:45:00,0.20929291380980392,0.08509738885354322,0,0
S9,2024-01-17 00:00:00,0.3668117374402774,0.09269541056062643,0,0
S9,2024-01-17 00:15:00,0.19800649819495422,0.05841905392697146,0,0
S9,2024-01-17 00:30:00,0.3559952467829586,0.09237550572329344,0,0
S9,2024-01-17 00:45:00,0.4182375463623325,0.10504908332162673,0,0
S9,2024-01-17 01:00:00,0.3067114373572485,0.10937088558533195,0,0
S9,2024-01-17 01:15:00,0.38897523755867136,0.16627195426118224,0,0
S9,2024-01-17 01:30:00,0.3205615520998715,0.09070309348716853,0,0
S9,2024-01-17 01:45:00,0.28035329742589743,0.07520171228634369,0,0
S9,2024-01-17 02:00:00,0.22600395796578615,0.07143397312840823,0,0
S9,2024-01-17 02:15:00,0.28646131455354307,0.09051179094908349,0,0
S9,2024-01-17 02:30:00,0.21369400196632035,0.04681194731732216,0,0
S9,2024-01-17 02:45:00,0.2936117637313816,0.1140455595003968,0,0
S9,2024-01-17 03:00:00,0.2505120674978549,0.07942653076149808,0,0
S9,2024-01-17 03:15:00,0.2717379298299264,0.08079681509954557,0,0
S9,2024-01-17 03:30:00,0.2606050696024881,0.11355597999075144,0,0
S9,2024-01-17 03:45:00,0.21121753215069744,0.07843606375310527,0,0
S9,2024-01-17 04:00:00,0.17722339712020993,0.09658458928483192,0,0
S9,2024-01-17 04:15:00,0.15515838456671963,0.0466950471797703,0,0
S9,2024-01-17 04:30:00,0.22819432016614755,0.07483832584318087,0,0
S9,2024-01-17 04:45:00,0.20980213392265637,0.10691492755925076,0,0
S9,2024-01-17 05:00:00,0.1552249593435997,0.0613327047335079,0,0
S9,2024-01-17 05:15:00,0.04028318527381621,0.03659409626447851,0,0
S9,2024-01-17 05:30:00,0.06524793122602414,0.060830701731002884,0,0
S9,2024-01-17 05:45:00,0.25127757607134404,0.16089653637436152,0,0
S9,2024-01-17 06:00:00,0.12882706217811973,0.0580745061091464,0,0
S9,2024-01-17 06:15:00,0.1325949089310223,0.0574341674776726,0,0
S9,2024-01-17 06:30:00,0.05959991785115678,0.042521412291249665,0,0
S9,2024-01-17 06:45:00,0.29238657898691234,0.11576537931352202,0,0
S9,2024-01-17 07:00:00,0.13193580481085465,0.06280354115740201,0,0
S9,2024-01-17 07:15:00,0.10350108319044636,0.05954806924694218,0,0
S9,2024-01-17 07:30:00,0.21666195140954259,0.11981719709398057,0,0
S9,2024-01-17 07:45:00,0.12403901548926394,0.0907515323789991,0,0
S9,2024-01-17 08:00:00,0.19035184348529915,0.0968390198163018,0,0
S9,2024-01-17 08:15:00,0.18219508379524438,0.10417430476953604,0,0
S9,2024-01-17 08:30:00,0.1407486610140891,0.06179337901937677,0,0
S9,2024-01-17 08:45:00,0.2177004541237322,0.09197236831697919,0,0
S9,2024-01-17 09:00:00,0.09434166759998186,0.10056612983767857,0,0
S9,2024-01-17 09:15:00,0.13384076450215326,0.07855560047287828,0,0
S9,2024-01-17 09:30:00,0.1220457079162423,0.06635929579394413,0,0
S9,2024-01-17 09:45:00,0.21667368255949512,0.07360131377799103,0,0
S9,2024-01-17 10:00:00,0.08611206407548913,0.07205698680428824,0,0
S9,2024-01-17 10:15:00,0.18705723721195597,0.1304990688990547,0,0
S9,2024-01-17 10:30:00,0.1461965665325388,0.07209768624151375,0,0
S9,2024-01-17 10:45:00,0.22366031285687907,0.09810299231919387,0,0
S9,2024-01-17 11:00:00,0.2603928306193807,0.09960119729213358,0,0
S9,2024-01-17 11:15:00,0.2997202014000947,0.0831940142079153,0,0
S9,2024-01-17 11:30:00,0.3263663822369301,0.08695892069493501,0,0
S9,2024-01-17 11:45:00,0.1768494743955938,0.07798203984155527,0,0
S9,2024-01-17 12:00:00,0.1634839694602277,0.07933613413363412,0,0
S9,2024-01-17 12:15:00,0.07343676085587812,0.05961013177410788,0,0
S9,2024-01-17 12:30:00,0.17227548676668403,0.09853077842099889,0,0
S9,2024-01-17 12:45:00,0.1780929087773599,0.07162122341503704,0,0
S9,2024-01-17 13:00:00,0.2186999535712047,0.07068049780923433,0,0
S9,2024-01-17 13:15:00,0.18898994721619922,0.07835069041458612,0,0
S9,2024-01-17 13:30:00,0.14726086574801703,0.06956462336332621,0,0
S9,2024-01-17 13:45:00,0.11750951627817888,0.09244944601368665,0,0
S9,2024-01-17 14:00:00,0.0796804858958195,0.06523101535071027,0,0
S9,2024-01-17 14:15:00,0.23550564272078509,0.11719026165213856,0,0
S9,2024-01-17 14:30:00,0.2636521524991947,0.12043652642287198,0,0
S9,2024-01-17 14:45:00,0.24519045649789858,0.05799367266962767,0,0
S9,2024-01-17 15:00:00,0.23858570375349977,0.08387203555559786,0,0
S9,2024-01-17 15:15:00,0.11945005213818528,0.06688091952760053,0,0
S9,2024-01-17 15:30:00,0.08606645651617272,0.04894056708438445,0,0
S9,2024-01-17 15:45:00,0.15989011756209037,0.07331941248895907,0,0
S9,2024-01-17 16:00:00,0.22156100935758227,0.11989517615787228,0,0
S9,2024-01-17 16:15:00,0.20710922929952658,0.06444549906466883,0,0
S9,2024-01-17 16:30:00,0.1611399075105117,0.11911948913333507,0,0
S9,2024-01-17 16:45:00,0.10259024474627233,0.0535552302015459,0,0
S9,2024-01-17 17:00:00,0.1313286623378825,0.04662027676718971,0,0
S9,2024-01-17 17:15:00,0.12082479642351032,0.08467232246793645,0,0
S9,2024-01-17 17:30:00,0.07635357854577675,0.05744383620270639,0,0
S9,2024-01-17 17:45:00,0.22022145279312305,0.10321841765938196,0,0
S9,2024-01-17 18:00:00,0.18424278048260437,0.0932171314201666,0,0
S9,2024-01-17 18:15:00,0.22775129010184525,0.11004033444637819,0,0
S9,2024-01-17 18:30:00,0.19370153746733032,0.07341471539273339,0,0
S9,2024-01-17 18:45:00,0.37079866762386315,0.178154989561533,0,0
S9,2024-01-17 19:00:00,0.21204052946455373,0.11902345208184947,0,0
S9,2024-01-17 19:15:00,0.22455163590339974,0.10685405895258585,0,0
S9,2024-01-17 19:30:00,0.33537913740578007,0.1054540334075406,0,0
S9,2024-01-17 19:45:00,0.3301579433287661,0.11749643030601327,0,0
S9,2024-01-17 20:00:00,0.24539618563793048,0.11749643030601327,0,0
S9,2024-01-17 20:15:00,0.265176307765316,0.11677656861561118,0,0
S9,2024-01-17 20:30:00,0.27124783453913553,0.0981996327483546,0,0
S9,2024-01-17 20:45:00,0.28907987924556555,0.10182877800893346,0,0
S9,2024-01-17 21:00:00,0.19179185209928856,0.0934678611040466,0,0
S9,2024-01-17 21:15:00,0.2715734466447669,0.117901160459586,0,0
S9,2024-01-17 21:30:00,0.25533414370505636,0.07086639720079056,0,0
S9,2024-01-17 21:45:00,0.14820603858819828,0.062339031008444165,0,0
S9,2024-01-17 22:00:00,0.22300362897750003,0.11505541034715454,0,0
S9,2024-01-17 22:15:00,0.18031168193415478,0.07374323426488102,0,0
S9,2024-01-17 22:30:00,0.18362346629105866,0.1020240902688038,0,0
S9,2024-01-17 22:45:00,0.18654287880249593,0.0687995837119902,0,0
S9,2024-01-17 23:00:00,0.23034787786262587,0.07193589143000556,0,0
S9,2024-01-17 23:15:00,0.13121517621705317,0.07928889105872362,0,0
S9,2024-01-17 23:30:00,0.267231760314834,0.06211073848832345,0,0
S9,2024-01-17 23:45:00,0.20620522275872397,0.10224978701892805,0,0
S9,2024-01-18 00:00:00,0.3099279093369066,0.06366436373674245,0,0
S9,2024-01-18 00:15:00,0.2665143714320413,0.09868923868877748,0,0
S9,2024-01-18 00:30:00,0.19255616778874216,0.07289091550873826,0,0
S9,2024-01-18 00:45:00,0.34082669377947244,0.10725973484181385,0,0
S9,2024-01-18 01:00:00,0.13165773615538032,0.05100791215217222,0,0
S9,2024-01-18 01:15:00,0.24853375798921637,0.10859875899403712,0,0
S9,2024-01-18 01:30:00,0.3780897434187957,0.07902243881147612,0,0
S9,2024-01-18 01:45:00,0.3502043180588072,0.12233855024856319,0,0
S9,2024-01-18 02:00:00,0.4137862512894258,0.13163063671518246,0,0
S9,2024-01-18 02:15:00,0.27695584025238934,0.07822888418008137,0,0
S9,2024-01-18 02:30:00,0.23809358195566557,0.07439252041251115,0,0
S9,2024-01-18 02:45:00,0.35421321728055133,0.06994553176404122,0,0
S9,2024-01-18 03:00:00,0.18892692788357485,0.05910440355224636,0,0
S9,2024-01-18 03:15:00,0.23890073295742953,0.06690626695384032,0,0
S9,2024-01-18 03:30:00,0.30488250241444287,0.12359368927873192,0,0
S9,2024-01-18 03:45:00,0.2869167006051444,0.1020429004417719,0,0
S9,2024-01-18 04:00:00,0.11971312358078295,0.0530266622771299,0,0
S9,2024-01-18 04:15:00,0.17181224520384633,0.0601140733074543,0,0
S9,2024-01-18 04:30:00,0.28938165867900445,0.1289210712886521,0,0
S9,2024-01-18 04:45:00,0.14239664219734216,0.06557852004639574,0,0
S9,2024-01-18 05:00:00,0.1762430809942859,0.09580463568550442,0,0
S9,2024-01-18 05:15:00,0.06944532466139032,0.051415050048622894,0,0
S9,2024-01-18 05:30:00,0.24253149452236297,0.08103491718742693,0,0
S9,2024-01-18 05:45:00,0.17023342695101926,0.09676320552654791,0,0
S9,2024-01-18 06:00:00,0.09952701282190624,0.0664704122738716,0,0
S9,2024-01-18 06:15:00,0.11869091013230926,0.06727201765808491,0,0
S9,2024-01-18 06:30:00,0.083867376124569,0.062286668786342814,0,0
S9,2024-01-18 06:45:00,0.0674570803899541,0.07459169134859099,0,0
S9,2024-01-18 07:00:00,0.11822642387538718,0.1302179021850498,0,0
S9,2024-01-18 07:15:00,0.11610622402191055,0.089040756397645,0,0
S9,2024-01-18 07:30:00,0.16646454232632352,0.09731175426421415,0,0
S9,2024-01-18 07:45:00,0.19328294593024453,0.10386004171231275,0,0
S9,2024-01-18 08:00:00,0.10569025684541816,0.08816518048313131,0,0
S9,2024-01-18 08:15:00,0.0,0.0641518951605036,0,0
S9,2024-01-18 08:30:00,0.05380432291283363,0.07217598691546939,0,0
S9,2024-01-18 08:45:00,0.15492591451742424,0.06513523376224394,0,0
S9,2024-01-18 09:00:00,0.05633447191956607,0.05786076285190182,0,0
S9,2024-01-18 09:15:00,0.14623117902782046,0.08950207767953927,0,0
S9,2024-01-18 09:30:00,0.11990136956914088,0.0781823818866434,0,0
S9,2024-01-18 09:45:00,0.14752091993127825,0.08965929000348523,0,0
S9,2024-01-18 10:00:00,0.07970368588541997,0.06445622539028058,0,0
S9,2024-01-18 10:15:00,0.08380415566606277,0.06977456610273859,0,0
S9,2024-01-18 10:30:00,0.06908811053531318,0.07371960795124706,0,0
S9,2024-01-18 10:45:00,0.12867898165012237,0.056898669256614715,0,0
S9,2024-01-18 11:00:00,0.1334400944093479,0.07771405508361139,0,0
S9,2024-01-18 11:15:00,0.20079608522876208,0.07672779652885593,0,0
S9,2024-01-18 11:30:00,0.20283048125576114,0.06752037163478081,0,0
S9,2024-01-18 11:45:00,0.08863624935004714,0.04531981344005177,0,0
S9,2024-01-18 12:00:00,0.0396902926513673,0.06274588873245922,0,0
S9,2024-01-18 12:15:00,0.014825405379247,0.0703711789848131,0,0
S9,2024-01-18 12:30:00,0.06701180623116043,0.0699696788846189,0,0
S9,2024-01-18 12:45:00,0.19026396739729712,0.07346369306438144,0,0
S9,2024-01-18 13:00:00,0.08865808659814167,0.05590214701596623,0,0
S9,2024-01-18 13:15:00,0.30514028144780064,0.09653861858459395,0,0
S9,2024-01-18 13:30:00,0.17789836314709087,0.05367921178376108,0,0
S9,2024-01-18 13:45:00,0.2467792665843663,0.07879995690806259,0,0
S9,2024-01-18 14:00:00,0.16033126960851138,0.06296338380519384,0,0
S9,2024-01-18 14:15:00,0.208684424129873,0.1039549149953104,0,0
S9,2024-01-18 14:30:00,0.14241945167894923,0.07228119075550506,0,0
S9,2024-01-18 14:45:00,0.158367371792764,0.08220978125713835,0,0
S9,2024-01-18 15:00:00,0.10711484319583127,0.07044602516943423,0,0
S9,2024-01-18 15:15:00,0.16647064191238184,0.05911009656635582,0,0
S9,2024-01-18 15:30:00,0.12048841914350746,0.04604611363263767,0,0
S9,2024-01-18 15:45:00,0.09683717821646738,0.05864636618916789,0,0
S9,2024-01-18 16:00:00,0.126398799155798,0.10530581124202212,0,0
S9,2024-01-18 16:15:00,0.1626827511385344,0.07613515331873953,0,0
S9,2024-01-18 16:30:00,0.07417987326137722,0.06354163972144979,0,0
S9,2024-01-18 16:45:00,0.025123589789921994,0.036106058684772124,0,0
S9,2024-01-18 17:00:00,0.15351742737728577,0.06508901344949042,0,0
S9,2024-01-18 17:15:00,0.14939767562024134,0.08659096971761222,0,0
S9,2024-01-18 17:30:00,0.10629679474534376,0.057178320683062486,0,0
S9,2024-01-18 17:45:00,0.14496579956829275,0.057427230698723006,0,0
S9,2024-01-18 18:00:00,0.06823841646114596,0.061825819448109005,0,0
S9,2024-01-18 18:15:00,0.03389192838736637,0.0622455872832957,0,0
S9,2024-01-18 18:30:00,0.15742655174530837,0.07598613452250434,0,0
S9,2024-01-18 18:45:00,0.10314935215103087,0.07309761348194821,0,0
S9,2024-01-18 19:00:00,0.20967103197566053,0.10985484924846968,0,0
S9,2024-01-18 19:15:00,0.06046199693060767,0.0838726966843179,0,0
S9,2024-01-18 19:30:00,0.19425048212060184,0.0889116392308043,0,0
S9,2024-01-18 19:45:00,0.2697683329317763,0.16046628003179886,0,0
S9,2024-01-18 20:00:00,0.2224304639786608,0.10095310124044914,0,0
S9,2024-01-18 20:15:00,0.2399989838257399,0.09333894838724627,0,0
S9,2024-01-18 20:30:00,0.16319554409947537,0.108237233623631,0,0
S9,2024-01-18 20:45:00,0.16163347033449008,0.10179840670741208,0,0
S9,2024-01-18 21:00:00,0.18408922844059716,0.08107892010708848,0,0
S9,2024-01-18 21:15:00,0.20045121865443669,0.127811656207601,0,0
S9,2024-01-18 21:30:00,0.13667911789104345,0.08570032145315606,0,0
S9,2024-01-18 21:45:00,0.308183210458477,0.09755941306343906,0,0
S9,2024-01-18 22:00:00,0.20666049505523182,0.06470848978227474,0,0
S9,2024-01-18 22:15:00,0.28791252378918225,0.11241139083907745,0,0
S9,2024-01-18 22:30:00,0.1592384162868192,0.06976010253503372,0,0
S9,2024-01-18 22:45:00,0.21742733944023948,0.09973092911816579,0,0
S9,2024-01-18 23:00:00,0.17212856921769462,0.06316257125742031,0,0
S9,2024-01-18 23:15:00,0.13081965148995237,0.052050876846363975,0,0
S9,2024-01-18 23:30:00,0.27863128832673034,0.09852263096291689,0,0
S9,2024-01-18 23:45:00,0.187563333118875,0.0671811959497455,0,0
S9,2024-01-19 00:00:00,0.3289544422244748,0.06623710793841107,0,0
S9,2024-01-19 00:15:00,0.30773899801123245,0.09131903678133364,0,0
S9,2024-01-19 00:30:00,0.23732207289912763,0.0851874190209652,0,0
S9,2024-01-19 00:45:00,0.23204052924656698,0.10244337166667818,0,0
S9,2024-01-19 01:00:00,0.36146848571414036,0.09371641207268526,0,0
S9,2024-01-19 01:15:00,0.34785668473650594,0.09016363474997699,0,0
S9,2024-01-19 01:30:00,0.2972995314599157,0.08487941554384655,0,0
S9,2024-01-19 01:45:00,0.2617267533632928,0.05928660671083054,0,0
S9,2024-01-19 02:00:00,0.3100910479068248,0.0861334416953818,0,0
S9,2024-01-19 02:15:00,0.3980035490288271,0.08018876511209451,0,0
S9,2024-01-19 02:30:00,0.21969397366690155,0.06731755325312361,0,0
S9,2024-01-19 02:45:00,0.2068650671995849,0.07066070214245325,0,0
S9,2024-01-19 03:00:00,0.24931893603183797,0.07826606091228586,0,0
S9,2024-01-19 03:15:00,0.24895563317667818,0.06862919898433192,0,0
S9,2024-01-19 03:30:00,0.22500995296523849,0.08047385752999665,0,0
S9,2024-01-19 03:45:00,0.23054807467087915,0.09645936318678354,0,0
S9,2024-01-19 04:00:00,0.20336482342875184,0.06493566088957563,0,0
S9,2024-01-19 04:15:00,0.1585487900594304,0.04292583579721899,0,0
S9,2024-01-19 04:30:00,0.13995231306201814,0.05041982165292108,0,0
S9,2024-01-19 04:45:00,0.1695746757005369,0.09519174442703782,0,0
S9,2024-01-19 05:00:00,0.1640463119444566,0.04628264341654657,0,0
S9,2024-01-19 05:15:00,0.18314130168194795,0.10369368370225626,0,0
S9,2024-01-19 05:30:00,0.12092586130069767,0.046298376213906145,0,0
S9,2024-01-19 05:45:00,0.19712154056065642,0.10459939572727728,0,0
S9,2024-01-19 06:00:00,0.08026549054317993,0.07825826218560492,0,0
S9,2024-01-19 06:15:00,0.14151514879445623,0.07731863047684498,0,0
S9,2024-01-19 06:30:00,0.10338712755312224,0.07027947212967994,0,0
S9,2024-01-19 06:45:00,0.13123844815497665,0.060411241620059807,0,0
S9,2024-01-19 07:00:00,0.12036235162217254,0.056910037302565365,0,0
S9,2024-01-19 07:15:00,0.14375881645478011,0.06967211542533705,0,0
S9,2024-01-19 07:30:00,0.08662647912575444,0.07832861824156087,0,0
S9,2024-01-19 07:45:00,0.13177437527073474,0.12229699191303472,0,0
S9,2024-01-19 08:00:00,0.05373325037366595,0.0860485348653086,0,0
S9,2024-01-19 08:15:00,0.28641955473120395,0.14147196833099235,0,0
S9,2024-01-19 08:30:00,0.16955796594405123,0.060028615829998945,0,0
S9,2024-01-19 08:45:00,0.09684221347171465,0.054737762143054994,0,0
S9,2024-01-19 09:00:00,0.28211686212030934,0.11459793361752103,0,0
S9,2024-01-19 09:15:00,0.18193793881572987,0.08020741194054846,0,0
S9,2024-01-19 09:30:00,0.19448506095949122,0.057851681039957685,0,0
S9,2024-01-19 09:45:00,0.21386031998302213,0.1148587176386592,0,0
S9,2024-01-19 10:00:00,0.13410485348999368,0.07870120492237707,0,0
S9,2024-01-19 10:15:00,0.11997781084455034,0.061486032900181106,0,0
S9,2024-01-19 10:30:00,0.11246584774729466,0.0569196199433588,0,0
S9,2024-01-19 10:45:00,0.1337585975760401,0.0718266474941341,0,0
S9,2024-01-19 11:00:00,0.23932847427471518,0.09905197031005841,0,0
S9,2024-01-19 11:15:00,0.06626288653179783,0.05087829450172754,0,0
S9,2024-01-19 11:30:00,0.14038501450939223,0.06792744379213844,0,0
S9,2024-01-19 11:45:00,0.11848938514279764,0.04517383411453965,0,0
S9,2024-01-19 12:00:00,0.1501483324333442,0.07251791850352052,0,0
S9,2024-01-19 12:15:00,0.14359389153144414,0.058869261358360445,0,0
S9,2024-01-19 12:30:00,0.10462438792910354,0.06069965959066363,0,0
S9,2024-01-19 12:45:00,0.16517050968589697,0.10638577091860603,0,0
S9,2024-01-19 13:00:00,0.12552861190669257,0.0670122698659092,0,0
S9,2024-01-19 13:15:00,0.23296020610154736,0.10945866520236731,0,0
S9,2024-01-19 13:30:00,0.19359604096121194,0.08484049489406845,0,0
S9,2024-01-19 13:45:00,0.17876643171843204,0.11207317757083271,0,0
S9,2024-01-19 14:00:00,0.06719837141813878,0.05751913882190675,0,0
S9,2024-01-19 14:15:00,0.1234446466633716,0.06258429948111045,0,0
S9,2024-01-19 14:30:00,0.10275518891099393,0.06146560056024191,0,0
S9,2024-01-19 14:45:00,0.05793532853854046,0.05331329457885138,0,0
S9,2024-01-19 15:00:00,0.15039925981206093,0.08629590594949814,0,0
S9,2024-01-19 15:15:00,0.13550738576111282,0.10661541166221634,0,0
S9,2024-01-19 15:30:00,0.16697744905836806,0.08303391957597678,0,0
S9,2024-01-19 15:45:00,0.09545587781704076,0.04914678347024234,0,0
S9,2024-01-19 16:00:00,0.09227677582668427,0.05683011656743585,0,0
S9,2024-01-19 16:15:00,0.13780093336110527,0.06251665537837922,0,0
S9,2024-01-19 16:30:00,0.07613559700319128,0.07170711811559558,0,0
S9,2024-01-19 16:45:00,0.07786375954311153,0.04993154027763333,0,0
S9,2024-01-19 17:00:00,0.22912697796883946,0.07849426674297089,0,0
S9,2024-01-19 17:15:00,0.15031281570013888,0.0662742687589434,0,0
S9,2024-01-19 17:30:00,0.03217061526931024,0.04771978691384867,0,0
S9,2024-01-19 17:45:00,0.13331513382497118,0.09131916990086032,0,0
S9,2024-01-19 18:00:00,0.15258352829603727,0.08436078141835064,0,0
S9,2024-01-19 18:15:00,0.0821678833713571,0.08315871872856204,0,0
S9,2024-01-19 18:30:00,0.25272471805079294,0.12763252203598108,0,0
S9,2024-01-19 18:45:00,0.13841554596909653,0.07775126139908224,0,0
S9,2024-01-19 19:00:00,0.32388583784493846,0.11199271255408579,0,0
S9,2024-01-19 19:15:00,0.16950661973205491,0.11236016415564713,0,0
S9,2024-01-19 19:30:00,0.40199547957102594,0.13912228578954358,0,0
S9,2024-01-19 19:45:00,0.2305098388508623,0.09276424010405276,0,0
S9,2024-01-19 20:00:00,0.30634399599146234,0.11095743320305355,0,0
S9,2024-01-19 20:15:00,0.34058591477337985,0.14390741257011355,0,0
S9,2024-01-19 20:30:00,0.26205910185928427,0.09961361269218998,0,0
S9,2024-01-19 20:45:00,0.4892357493116664,0.1254326898086456,0,0
S9,2024-01-19 21:00:00,0.3279312285749033,0.08520374394787751,0,0
S9,2024-01-19 21:15:00,0.2519485823391406,0.06853805270262314,0,0
S9,2024-01-19 21:30:00,0.2631876506522304,0.08093242225335137,0,0
S9,2024-01-19 21:45:00,0.3143429877946053,0.12351831027829761,0,0
S9,2024-01-19 22:00:00,0.23318013493357262,0.09695919221587823,0,0
S9,2024-01-19 22:15:00,0.2644740075306471,0.07451891102680595,0,0
S9,2024-01-19 22:30:00,0.2521433115320424,0.09697103227811793,0,0
S9,2024-01-19 22:45:00,0.19773647790567736,0.0778414520369127,0,0
S9,2024-01-19 23:00:00,0.1253199258804265,0.05914340693845419,0,0
S9,2024-01-19 23:15:00,0.1281799896687806,0.039264606069725524,0,0
S9,2024-01-19 23:30:00,0.25078578225905296,0.07980590328625457,0,0
S9,2024-01-19 23:45:00,0.17344662299322613,0.06435355307079962,0,0
S9,2024-01-20 00:00:00,0.39760236931014464,0.06281167958436629,0,0
S9,2024-01-20 00:15:00,0.3460115510180987,0.10388498777788419,0,0
S9,2024-01-20 00:30:00,0.3102751944543246,0.06912145211621396,0,0
S9,2024-01-20 00:45:00,0.3112727217235376,0.08087406920361723,0,0
S9,2024-01-20 01:00:00,0.2992207678246158,0.09366256639893973,0,0
S9,2024-01-20 01:15:00,0.16569959673580242,0.05844385018460624,0,0
S9,2024-01-20 01:30:00,0.2770563671865511,0.0820555966182793,0,0
S9,2024-01-20 01:45:00,0.3069080841825611,0.12572953353870753,0,0
S9,2024-01-20 02:00:00,0.35526300846977604,0.10545354656558657,0,0
S9,2024-01-20 02:15:00,0.3118433152410864,0.11516249115356146,0,0
S9,2024-01-20 02:30:00,0.3015112471946247,0.08793089836565417,0,0
S9,2024-01-20 02:45:00,0.3275236202343616,0.1142688520093824,0,0
S9,2024-01-20 03:00:00,0.2771163052214575,0.1142688520093824,0,0
S9,2024-01-20 03:15:00,0.430674492916316,0.1418320518293886,0,0
S9,2024-01-20 03:30:00,0.3966161805953946,0.1310463252501045,0,0
S9,2024-01-20 03:45:00,0.27732942775955866,0.06941096886716756,0,0
S9,2024-01-20 04:00:00,0.33030059129947503,0.10652636527724288,0,0
S9,2024-01-20 04:15:00,0.4369921300648755,0.08683381388238351,0,0
S9,2024-01-20 04:30:00,0.3793598048890603,0.08683381388238351,0,0
S9,2024-01-20 04:45:00,0.2823724649819625,0.0827199301591474,0,0
S9,2024-01-20 05:00:00,0.2020660625773328,0.08795015326879671,0,0
S9,2024-01-20 05:15:00,0.2510643567060293,0.07598224136190924,0,0
S9,2024-01-20 05:30:00,0.29764373391890625,0.07847395276718248,0,0
S9,2024-01-20 05:45:00,0.14477375449416718,0.05428095643708114,0,0
S9,2024-01-20 06:00:00,0.1345759484527976,0.06805292298373529,0,0
S9,2024-01-20 06:15:00,0.08984451943561154,0.050077083273106116,0,0
S9,2024-01-20 06:30:00,0.12633828140454098,0.050670346212943765,0,0
S9,2024-01-20 06:45:00,0.21037121627824643,0.12434189242709465,0,0
S9,2024-01-20 07:00:00,0.9705024603662316,0.9817684753193304,1,1
S9,2024-01-20 07:15:00,0.9056863686468173,0.9922480779171657,1,1
S9,2024-01-20 07:30:00,0.9621622999317261,0.999999999952499,1,1
S9,2024-01-20 07:45:00,0.765235641585771,0.10453288206969946,1,0
S9,2024-01-20 08:00:00,0.7426786272899842,0.0535977840213643,1,0
S9,2024-01-20 08:15:00,0.7721070286112527,0.08393020040093747,1,0
S9,2024-01-20 08:30:00,0.7021466222968225,0.07354325300135081,1,0
S9,2024-01-20 08:45:00,0.7787871398607926,0.09607860880347431,1,0
S9,2024-01-20 09:00:00,0.718934668949633,0.08331291991771018,1,0
S9,2024-01-20 09:15:00,0.589080270836283,0.05930361846918381,1,0
S9,2024-01-20 09:30:00,0.2326255630495005,0.06580044902789972,0,0
S9,2024-01-20 09:45:00,0.17973495925759908,0.09087004075782096,0,0
S9,2024-01-20 10:00:00,0.17159751589872685,0.07510398638897235,0,0
S9,2024-01-20 10:15:00,0.10623200933971175,0.05290450613688881,0,0
S9,2024-01-20 10:30:00,0.19434674213623443,0.09670192527275118,0,0
S9,2024-01-20 10:45:00,0.35386103842987343,0.11876978013201032,0,0
S9,2024-01-20 11:00:00,0.15289313423067877,0.06096795597643761,0,0
S9,2024-01-20 11:15:00,0.2475533078687157,0.0940529655255611,0,0
S9,2024-01-20 11:30:00,0.19640679144293982,0.07421208238669769,0,0
S9,2024-01-20 11:45:00,0.20189814566919678,0.07610672121811288,0,0
S9,2024-01-20 12:00:00,0.1943846776746633,0.06092692223658765,0,0
S9,2024-01-20 12:15:00,0.13623861418519473,0.057019824561759344,0,0
S9,2024-01-20 12:30:00,0.2186409350281262,0.07123038966462415,0,0
S9,2024-01-20 12:45:00,0.3687929201402666,0.09354118397113348,0,0
S9,2024-01-20 13:00:00,0.22225500203383863,0.08694297713879161,0,0
S9,2024-01-20 13:15:00,0.2716612067105753,0.10478410626820486,0,0
S9,2024-01-20 13:30:00,0.21295693616079667,0.07351430442848729,0,0
S9,2024-01-20 13:45:00,0.19296607729639723,0.05690323162160485,0,0
S9,2024-01-20 14:00:00,0.28582457579109477,0.09545343348057139,0,0
S9,2024-01-20 14:15:00,0.3750791188626875,0.09766125845875523,0,0
S9,2024-01-20 14:30:00,0.39378394573835207,0.09760959867326262,0,0
S9,2024-01-20 14:45:00,0.4020854313168894,0.10699644214753351,0,0
S9,2024-01-20 15:00:00,0.2777065372315148,0.0636268146132331,0,0
S9,2024-01-20 15:15:00,0.20262341051185104,0.07828491908651745,0,0
S9,2024-01-20 15:30:00,0.31120996988945604,0.08619624243135375,0,0
S9,2024-01-20 15:45:00,0.266413908342231,0.06507928148761663,0,0
S9,2024-01-20 16:00:00,0.16500214403382493,0.04427363252151685,0,0
S9,2024-01-20 16:15:00,0.18587776161808284,0.0852812952385617,0,0
S9,2024-01-20 16:30:00,0.10017205743245326,0.04806553452283223,0,0
S9,2024-01-20 16:45:00,0.08426621360788986,0.05958165098907889,0,0
S9,2024-01-20 17:00:00,0.184531012348161,0.086863639227274,0,0
S9,2024-01-20 17:15:00,0.14926758261655013,0.07219513755645772,0,0
S9,2024-01-20 17:30:00,0.17373870487768237,0.08038861357605555,0,0
S9,2024-01-20 17:45:00,0.19435711735954736,0.07459968921467651,0,0
S9,2024-01-20 18:00:00,0.1136265179919628,0.055949445437218887,0,0
S9,2024-01-20 18:15:00,0.1250816804906312,0.037193410063369445,0,0
S9,2024-01-20 18:30:00,0.1558265507163359,0.08098665613773559,0,0
S9,2024-01-20 18:45:00,0.18932189713793934,0.06636589204937879,0,0
S9,2024-01-20 19:00:00,0.16102780296079697,0.0660060305323287,0,0
S9,2024-01-20 19:15:00,0.23044546450206058,0.09571505900561357,0,0
S9,2024-01-20 19:30:00,0.16186598611975306,0.09520952773491258,0,0
S9,2024-01-20 19:45:00,0.09568114903366728,0.05046547840942818,0,0
S9,2024-01-20 20:00:00,0.30115673299951684,0.09497994974294169,0,0
S9,2024-01-20 20:15:00,0.08929531749125809,0.05678868894748727,0,0
S9,2024-01-20 20:30:00,0.08918837011225195,0.035220311342378505,0,0
S9,2024-01-20 20:45:00,0.29550054760665473,0.10394539392255146,0,0
S9,2024-01-20 21:00:00,0.19404848838100922,0.06527537852418744,0,0
S9,2024-01-20 21:15:00,0.2440207091875464,0.08039830121515713,0,0
S9,2024-01-20 21:30:00,0.1061831444539903,0.06526774368493227,0,0
S9,2024-01-20 21:45:00,0.3201284999015492,0.11801045021845472,0,0
S9,2024-01-20 22:00:00,0.3070834696975352,0.09631125591675165,0,0
S9,2024-01-20 22:15:00,0.17965840847120373,0.05200650288351079,0,0
S9,2024-01-20 22:30:00,0.13930534656469826,0.054799322472139554,0,0
S9,2024-01-20 22:45:00,0.17886300355592916,0.06874808703425958,0,0
S9,2024-01-20 23:00:00,0.22300397431201935,0.10588429075259304,0,0
S9,2024-01-20 23:15:00,0.16032165776403123,0.06194223081069855,0,0
S9,2024-01-20 23:30:00,0.15056329771610097,0.05848074155788536,0,0
S9,2024-01-20 23:45:00,0.256582048508771,0.08767015617620685,0,0
S9,2024-01-21 00:00:00,0.3730841210768246,0.11086879278301384,0,0
S9,2024-01-21 00:15:00,0.29671677469741575,0.10551001669704167,0,0
S9,2024-01-21 00:30:00,0.3486510698819082,0.11759318315079664,0,0
S9,2024-01-21 00:45:00,0.3364010055852896,0.08597537947657032,0,0
S9,2024-01-21 01:00:00,0.3030708085092007,0.07429689145786265,0,0
S9,2024-01-21 01:15:00,0.41177799923243386,0.0941189608942793,0,0
S9,2024-01-21 01:30:00,0.32829833250451956,0.09217103400712709,0,0
S9,2024-01-21 01:45:00,0.4116802203038354,0.09223270072189481,0,0
S9,2024-01-21 02:00:00,0.2762568167029535,0.05608035197387449,0,0
S9,2024-01-21 02:15:00,0.32997046757856774,0.09131081827918236,0,0
S9,2024-01-21 02:30:00,0.45710057104919294,0.09175450971732167,0,0
S9,2024-01-21 02:45:00,0.38612872645093,0.08182271134848404,0,0
S9,2024-01-21 03:00:00,0.3747764028437328,0.10546027859081253,0,0
S9,2024-01-21 03:15:00,0.38471428965689225,0.09293032370427638,0,0
S9,2024-01-21 03:30:00,0.31448649652381777,0.08005913703377397,0,0
S9,2024-01-21 03:45:00,0.1750092898550356,0.07672800045097834,0,0
S9,2024-01-21 04:00:00,0.28549281288239237,0.09904470224696289,0,0
S9,2024-01-21 04:15:00,0.2491786866914905,0.07052882436228602,0,0
S9,2024-01-21 04:30:00,0.24733397661310141,0.059208450922876944,0,0
S9,2024-01-21 04:45:00,0.21440057026365075,0.0725176535404003,0,0
S9,2024-01-21 05:00:00,0.3341693206925408,0.08694759595133808,0,0
S9,2024-01-21 05:15:00,0.19677131227113143,0.0801518955964542,0,0
S9,2024-01-21 05:30:00,0.10009008965592366,0.03970473475467671,0,0
S9,2024-01-21 05:45:00,0.11870675884999995,0.0391936006434677,0,0
S9,2024-01-21 06:00:00,0.24038883343715184,0.08963263792686939,0,0
S9,2024-01-21 06:15:00,0.18204475797659073,0.06375819869022592,0,0
S9,2024-01-21 06:30:00,0.10439095095137121,0.05613018965705831,0,0
S9,2024-01-21 06:45:00,0.29936963766875135,0.07110898288066035,0,0
S9,2024-01-21 07:00:00,0.1245726373266639,0.1191136530956285,0,0
S9,2024-01-21 07:15:00,0.07979198462372476,0.04171730227729807,0,0
S9,2024-01-21 07:30:00,0.17798013192977097,0.0976727049502815,0,0
S9,2024-01-21 07:45:00,0.23086878480609843,0.08450301938366697,0,0
S9,2024-01-21 08:00:00,0.14625863455898594,0.057406681035646036,0,0
S9,2024-01-21 08:15:00,0.054234737787070206,0.0655290869480486,0,0
S9,2024-01-21 08:30:00,0.07277276899071275,0.04109372445809487,0,0
S9,2024-01-21 08:45:00,0.1743861056779045,0.09517665922639561,0,0
S9,2024-01-21 09:00:00,0.15426948392094333,0.08627699269383442,0,0
S9,2024-01-21 09:15:00,0.19460268728574426,0.06520395346677402,0,0
S9,2024-01-21 09:30:00,0.13606902204682172,0.0364016158446822,0,0
S9,2024-01-21 09:45:00,0.2348203185461037,0.05815634361124904,0,0
S9,2024-01-21 10:00:00,0.2801362413417462,0.1462530630934728,0,0
S9,2024-01-21 10:15:00,0.21867288672785112,0.07076334904187279,0,0
S9,2024-01-21 10:30:00,0.24940425367047378,0.07697517187418638,0,0
S9,2024-01-21 10:45:00,0.243308347640258,0.07722406178643615,0,0
S9,2024-01-21 11:00:00,0.14041728666784806,0.04536936135319389,0,0
S9,2024-01-21 11:15:00,0.1781358000606438,0.08301442343696015,0,0
S9,2024-01-21 11:30:00,0.19083049319452514,0.07549608934487306,0,0
S9,2024-01-21 11:45:00,0.19718018738570128,0.06033074529252278,0,0
S9,2024-01-21 12:00:00,0.18334496872439765,0.056867717642380314,0,0
S9,2024-01-21 12:15:00,0.24132261468141267,0.11483865978633542,0,0
S9,2024-01-21 12:30:00,0.12201249589980306,0.04875253097165861,0,0
S9,2024-01-21 12:45:00,0.2114651869530826,0.07921168587999561,0,0
S9,2024-01-21 13:00:00,0.19097978866449192,0.1160224240454446,0,0
S9,2024-01-21 13:15:00,0.2023341705604946,0.06894047649167911,0,0
S9,2024-01-21 13:30:00,0.1598773195689083,0.07830364516451191,0,0
S9,2024-01-21 13:45:00,0.18510050384349475,0.07415077222734467,0,0
S9,2024-01-21 14:00:00,0.2737116902697111,0.10446823143239435,0,0
S9,2024-01-21 14:15:00,0.22254817816814612,0.07093153014299274,0,0
S9,2024-01-21 14:30:00,0.2307715557395137,0.06775486897635155,0,0
S9,2024-01-21 14:45:00,0.2778138666916714,0.07964082222899048,0,0
S9,2024-01-21 15:00:00,0.13780163834987563,0.0844114872110132,0,0
S9,2024-01-21 15:15:00,0.20653200484564257,0.06817813353256895,0,0
S9,2024-01-21 15:30:00,0.23100563688403997,0.07470722157570542,0,0
S9,2024-01-21 15:45:00,0.20900737349563792,0.11064996189235554,0,0
S9,2024-01-21 16:00:00,0.28108405198726366,0.07395581441594136,0,0
S9,2024-01-21 16:15:00,0.29392317920086325,0.09649667279562317,0,0
S9,2024-01-21 16:30:00,0.34699473856836965,0.08557332807674567,0,0
S9,2024-01-21 16:45:00,0.30311917290313356,0.06467163674818788,0,0
S9,2024-01-21 17:00:00,0.24019744116876604,0.07284845205246358,0,0
S9,2024-01-21 17:15:00,0.27974894718219595,0.06267961282658986,0,0
S9,2024-01-21 17:30:00,0.2532033744430352,0.06288480238055733,0,0
S9,2024-01-21 17:45:00,0.24248666722786863,0.06850575277846865,0,0
S9,2024-01-21 18:00:00,0.21320510196511777,0.04667868746445757,0,0
S9,2024-01-21 18:15:00,0.1801451920975638,0.10460824027923629,0,0
S9,2024-01-21 18:30:00,0.11453488815602603,0.053639325161607444,0,0
S9,2024-01-21 18:45:00,0.14673262299100645,0.06258544192996852,0,0
S9,2024-01-21 19:00:00,0.08127036512620979,0.06447839115851609,0,0
S9,2024-01-21 19:15:00,0.18282374394231093,0.08844704701651272,0,0
S9,2024-01-21 19:30:00,0.1560398354205623,0.07248293345582328,0,0
S9,2024-01-21 19:45:00,0.15691684943887463,0.07011247337111322,0,0
S9,2024-01-21 20:00:00,0.08004459740428409,0.06482870735362924,0,0
S9,2024-01-21 20:15:00,0.15856900743165522,0.0708325679505072,0,0
S9,2024-01-21 20:30:00,0.11786487385042968,0.05443265194154177,0,0
S9,2024-01-21 20:45:00,0.2280060365122221,0.10293195624090275,0,0
S9,2024-01-21 21:00:00,0.23975294979611822,0.08314399136685935,0,0
S9,2024-01-21 21:15:00,0.19916707398478545,0.08966622565156904,0,0
S9,2024-01-21 21:30:00,0.18034777679930059,0.08534025337363071,0,0
S9,2024-01-21 21:45:00,0.19312838048479739,0.09529138356451765,0,0
S9,2024-01-21 22:00:00,0.16347242187464686,0.09568883528227153,0,0
S9,2024-01-21 22:15:00,0.27079655289908505,0.08473970518926016,0,0
S9,2024-01-21 22:30:00,0.20300313232063769,0.07586662926725868,0,0
S9,2024-01-21 22:45:00,0.30750786338203273,0.09530502569350567,0,0
S9,2024-01-21 23:00:00,0.3734003085240191,0.1082131779668177,0,0
S9,2024-01-21 23:15:00,0.40372496670764524,0.07398977381896482,0,0
S9,2024-01-21 23:30:00,0.3123385769970672,0.0678330415479728,0,0
S9,2024-01-21 23:45:00,0.18767676988929072,0.049006274625274585,0,0
